id,name,category,brand,inputs,samplingRate,phantomPower,systemRequirements,price
m-mx-master-3s,Logicool MX MASTER 3S,mouse,Logicool,,,,,18800
m-g-pro-x-sl2,G PRO X SUPERLIGHT 2,mouse,Logicool G,,,,,21980
m-logicool-g304,Logicool G G304 LIGHTSPEED ワイヤレス ゲーミングマウス,mouse,Logicool G,,,,,4718
m-logicool-g304rwh,Logicool G G304rWH LIGHTSPEED ワイヤレス ゲーミングマウス (ホワイト),mouse,Logicool G,,,,,4922
m-logicool-g304-bl,Logicool G G304 LIGHTSPEED ワイヤレス ゲーミングマウス (ブルー),mouse,Logicool G,,,,,4718
m-logicool-g703h,Logicool G ワイヤレス ゲーミングマウス G703h,mouse,Logicool G,,,,,8455
m-msi-forge-gm340w,MSI FORGE GM340 W NAVY ワイヤレスゲーミングマウス,mouse,MSI,,,,,3336
m-msi-versa-300w,MSI VERSA 300 W ワイヤレス ゲーミングマウス,mouse,MSI,,,,,2818
m-bengoo-wired-gaming,BENGOO ゲーミングマウス (有線),mouse,BENGOO,,,,,1799
m-elecom-vm500,エレコム ゲーミングマウス V custom VM500 (M-VM500BK),mouse,ELECOM,,,,,3155
m-asus-tuf-m3-gen2,ASUS TUF Gaming M3 Gen II,mouse,ASUS,,,,,3336
m-logicool-m185,M185,mouse,LOGICOOL,,,,,849
m-bs-002,BSMBW325BK,mouse,Buffalo,,,,,1389
m-bs-003,ロジクール M750MGR,mouse,Logicool,,,,,3927
m-bs-004,M220CG,mouse,Logicool,,,,,1500
m-bs-005,エレコム M-XGM10DBBK/EC,mouse,ELECOM,,,,,1350
m-bs-006,ロジクール M650MGR,mouse,Logicool,,,,,3636
m-bs-007,BSMBW315BK,mouse,Buffalo,,,,,1040
m-bs-008,【極薄型モデル＆Type-C充電式】マウス 無線 Bluetooth 5.2 ワイヤレスマウス 静音 瞬時接続 小型 高感度 ブルートゥー…,mouse,—,,,,,1575
m-bs-009,M-TM10BBBK/EC,mouse,ELECOM,,,,,1599
m-bs-010,M-XGL10DBSBK,mouse,ELECOM,,,,,1430
m-bs-011,M240GRd,mouse,Logicool,,,,,2100
m-bs-012,M-XGM30DBSKABK,mouse,ELECOM,,,,,2960
m-bs-014,Amazonベーシック マウス USB有線 ブラック,mouse,—,,,,,980
m-bs-015,PEBBLE MOUSE2 M350sGR,mouse,Logicool,,,,,2936
m-bs-016,M-MY35MBSABK,mouse,ELECOM,,,,,2690
m-bs-017,エレコム M-FBL01DBXSBK,mouse,ELECOM,,,,,1250
m-bs-018,エレコム M-IR07DRBK,mouse,ELECOM,,,,,858
m-bs-019,M-XGM15BBSGM/EC,mouse,ELECOM,,,,,2100
m-bs-020,ロジクール M240OW,mouse,Logicool,,,,,1864
m-bs-022,M-XGL10UBSBK,mouse,ELECOM,,,,,1430
m-bs-023,BSMBU19BK,mouse,Buffalo,,,,,1030
m-bs-024,M-DY10DRSKWH,mouse,ELECOM,,,,,768
m-bs-025,HP 有線 マウス HP 100G,mouse,HP,,,,,850
m-bs-026,GLAMERGY マウス,mouse,—,,,,,1456
m-bs-027,AmeToNana 雨七 ワイヤレスマウス Bluetooth Mouse 静音マウス 薄型2.3cm 指紋防止 ミニマリズム 充電式 省…,mouse,—,,,,,2197
m-bs-028,ロジクール SEB-M705,mouse,Logicool,,,,,5300
m-bs-029,BSMOU27SMWH,mouse,Buffalo,,,,,535
m-bs-030,BSMBB305BK,mouse,Buffalo,,,,,1980
m-bs-031,バッファロー BSMBU108BK,mouse,Buffalo,,,,,1614
m-bs-033,MX ANYWHERE 3S MX1800GR,mouse,Logicool,,,,,10800
m-bs-034,Elecom M-XGM10UBBK/EC,mouse,ELECOM,,,,,1499
m-bs-035,Elecom M-FIR08DRBK,mouse,ELECOM,,,,,999
m-bs-036,ロジクール ワイヤレスマウスM221CG,mouse,Logicool,,,,,1042
m-bs-037,Logitech M196GR,mouse,Logicool,,,,,1200
m-bs-039,Elecom M-K6URBK/RS,mouse,ELECOM,,,,,931
m-bs-041,Logitech M800GR,mouse,Logicool,,,,,7900
m-bs-043,HP ワイヤレス マウス HP 280,mouse,HP,,,,,1243
m-bs-044,Elecom Slint M-TM10UBBK,mouse,ELECOM,,,,,1127
m-bs-045,Elecom Slint M-TM10DBBK/EC,mouse,ELECOM,,,,,1250
m-bs-047,INPHIC ワイヤレスマウス,mouse,—,,,,,2199
m-bs-048,BSMBW315RD,mouse,Buffalo,,,,,1040
m-bs-051,グリーンハウス 有線マウス 静音 USB接続するだけ 簡単接続 電池/充電不要 小型 GH-MUDQOB-BK,mouse,GREENHOUSE,,,,,798
m-bs-052,エレコム M-XGL15BBSBK,mouse,ELECOM,,,,,2330
m-bs-053,MA-BBS310BK,mouse,Sanwa Supply,,,,,2191
m-bs-054,AIM1 時雨 ゲーミングマウス,mouse,AIM1,,,,,14800
m-bs-055,エレコムM-XGS30BBSKBK,mouse,ELECOM,,,,,3222
m-bs-056,サンワダイレクト 400-MAWC097BK,mouse,Sanwa Direct,,,,,1580
m-bs-057,エレコム M-SH30BBSKBK,mouse,ELECOM,,,,,2490
m-bs-059,BSMBW505MBK,mouse,Buffalo,,,,,1920
m-bs-060,M-XGL50MBSKBK,mouse,ELECOM,,,,,5482
m-bs-061,静音ワイヤレスマウス Bluetooth 5.2/2.4GHz 3台切替 Type-C充電式 6ボタン 5DPI 4000DPI 小型 軽…,mouse,—,,,,,2980
m-bs-062,ロジクール ワイヤレスマウス M331nBK,mouse,Logicool,,,,,622
m-bs-064,エレコム 有線 M-BL27UBKBK,mouse,ELECOM,,,,,622
m-bs-066,サンワダイレクト 400-MABT206BK,mouse,Sanwa Direct,,,,,3980
m-bs-067,Uineer ワイヤレスマウス,mouse,—,,,,,2699
m-bs-068,エレコム ワイヤレスマウス M-LE10BRABK,mouse,ELECOM,,,,,1290
m-bs-069,エレコム M-BY10BRSKBK,mouse,ELECOM,,,,,1409
m-bs-070,M-LE10URCBK,mouse,ELECOM,,,,,870
m-bs-072,Amazonベーシック USB 有線マウス 3ボタン 標準 ブラック,mouse,—,,,,,1084
m-bs-073,KKNHS ワイヤレス静音マウス,mouse,—,,,,,1256
m-bs-074,ESR MagMouse,mouse,ESR,,,,,3899
m-bs-075,M-XGM31DBSKBK,mouse,ELECOM,,,,,1800
m-bs-076,ミニマウス400-MAWB216B…,mouse,Sanwa Direct,,,,,3980
m-bs-077,BSMBB335GBK,mouse,Buffalo,,,,,1580
m-bs-078,BSMBW315SV,mouse,Buffalo,,,,,1040
m-bs-079,UGREEN ワイヤレス マウス,mouse,UGREEN,,,,,2280
m-bs-080,【革新版】ProtoArc EM11 NL,mouse,ProtoArc,,,,,3380
m-bs-083,MA-BL168R,mouse,Sanwa Supply,,,,,973
m-bs-084,Bisoom ワイヤレスマウス（静音・超薄型）,mouse,—,,,,,1378
m-bs-085,Elecom M-XGXL30DBSKBK,mouse,ELECOM,,,,,3262
m-bs-086,Elecom M-DT2DRBK,mouse,ELECOM,,,,,3158
m-bs-087,M-MY35MBSAWH,mouse,ELECOM,,,,,2690
m-bs-091,Scheki ワイヤレスマウス（静音・超薄型・Type-C充電式,mouse,—,,,,,1540
m-bs-094,BSMBW515MBK,mouse,Buffalo,,,,,2356
m-bs-095,ロジクール 有線 マウス M100rBK,mouse,Logicool,,,,,807
m-bs-096,UGREEN ワイヤレスマウス,mouse,UGREEN,,,,,2099
m-bs-098,ロジクール ワイヤレスマウス M196OW,mouse,Logicool,,,,,1200
m-bs-099,エレコム ワイヤレスマウス Precisionist (M-PN10MBMSABK),mouse,ELECOM,,,,,5990
m-bs-100,Ewin トラックボールマウス,mouse,Ewin,,,,,4390
m-pb-001,Razer DeathAdder V3 Pro - Kabellose ergonomische Esports-Maus (63g le…,mouse,Razer,,,,,9305
m-pb-003,MX Master Wrls DT Mouse,mouse,—,,,,,45567
m-pb-004,Mysz Mouse/Marble,mouse,—,,,,,42633
m-pb-008,BenQ Zowie 4K ZA13-DW,mouse,BenQ,,,,,14800
m-pb-009,Logitech MX Master 3S - Wireless Performance Mouse with Ultra-fast Sc…,mouse,Logicool,,,,,36935
m-pb-010,x4500 Wireless Mouse,mouse,—,,,,,34100
m-pb-011,Elecom Wireless 32 Mouse,mouse,ELECOM,,,,,32800
m-pb-014,Logitech LX3 Optical Mouse,mouse,Logicool,,,,,31335
m-pb-015,Mysz Corded Mouse M500,mouse,—,,,,,29540
m-pb-017,HP OMEN Vector Mouse,mouse,HP,,,,,28858
m-pb-018,SURFACE ARC MOUSE - BLACK,mouse,Surface,,,,,28160
m-pb-019,m325 wireless mouse,mouse,—,,,,,27362
m-pb-020,Razer DeathAdder V3 HyperSpeed - Ultra Lightweight Ergonomic Wireless…,mouse,Razer,,,,,26840
m-pb-021,Razer Pro Click Humanscale Wireless Mouse: Ergonomic Form Factor - 5G…,mouse,Razer,,,,,26800
m-pb-022,Logitech M305 ゴールドテンドリル ワイヤレスマウス,mouse,Logicool,,,,,26747
m-pb-023,Surface Arc Wireless Mouse,mouse,—,,,,,26050
m-pb-024,Razer Viper Ultimate Lightweight Wireless Gaming Mouse & RGB Charging…,mouse,Razer,,,,,25613
m-pb-025,Razer Viper V3 Pro SE ワイヤレスゲーミングマウス バッテリー95時間 54g ブラック,mouse,Razer,,,,,25217
m-pb-026,LOGITECH WIRELESS MOUSE M585 MULTI-DEVICE (GRAPHITE CONTRAST),mouse,Logicool,,,,,24880
m-pb-027,elSeries ゲーミングマウス　Aerox 9,mouse,—,,,,,24445
m-pb-028,Sony INZONE Mouse,mouse,—,,,,,23653
m-pb-029,Logitech M510 - Mouse - right-handed - laser - 7 buttons - wireless -…,mouse,Logicool,,,,,23500
m-pb-033,Cooler Master MM712,mouse,—,,,,,22503
m-pb-035,Logitech Wireless Performance Mouse,mouse,Logicool,,,,,21550
m-pb-036,PHILIPS 9718 ワイヤレスゲーミングマウス,mouse,—,,,,,21341
m-pb-037,Logitech MX Anywhere 3 Business - Wireless Mouse Compact Ultra Fast A…,mouse,Logicool,,,,,21245
m-pb-038,WRLS 8BUTN DLX MOUSE RED,mouse,—,,,,,21154
m-pb-039,Wireless Trackball M570,mouse,—,,,,,20609
m-pb-041,[Pro Series] BUZZ-X Medium Wireless Gaming Mouse,mouse,Pulsar Gaming,,,,,19800
m-pb-042,M-DWM01DBBK,mouse,ELECOM,,,,,1350
m-pb-043,Logitech MX Master 2S MX2100sGY,mouse,Logicool,,,,,4799
m-pb-045,Logitech MK850 Wrlss Kybd Mouse Combo,mouse,Logicool,,,,,19156
m-pb-046,"Razer DeathAdder V3 - Ergonomische Esports Maus (59g leichtes Design,…",mouse,Razer,,,,,18918
m-pb-047,Razer Pro Click V2 Wireless Mouse: Right Handed Ergonomic Design with…,mouse,Razer,,,,,18844
m-pb-048,Microsoft Surface Arc Mouse/Ice Blue CZV-00071,mouse,Microsoft,,,,,10866
m-pb-049,"Corsair M75 AIR Wireless Ultralight FPS Gaming Mouse - 26,000 DPI - U…",mouse,—,,,,,18597
m-pb-050,Atheris Mobile Mouse,mouse,Razer,,,,,18474
m-pb-051,GLO-MS-P1W-GE-FORGE MS626,mouse,—,,,,,10209
m-pb-052,スキャンマウス LSM-100,mouse,—,,,,,17744
m-pb-053,Logitech M325 Wireless Mouse with Designed-For-Web Scrolling - Tweet …,mouse,Logicool,,,,,17177
m-pb-054,Logitech M325 Wireless Optical Mouse Natural Jewelry,mouse,Logicool,,,,,16789
m-pb-055,Razer Cobra - Lightweight Wired Gaming Mouse Razer Chroma RGB - Pokem…,mouse,Razer,,,,,16703
m-pb-056,RAPOO 1680,mouse,—,,,,,15869
m-pb-057,Logitech M525 Wrls NB Mouse Blue Navy,mouse,Logicool,,,,,15772
m-pb-058,Logitech MX Master 2S Wireless Mouse Flow Cross Computer Control and …,mouse,Logicool,,,,,15460
m-pb-059,GLO-MS-OWV2-MB MS667,mouse,ASUS,,,,,15278
m-pb-061,ロジクール M546BD,mouse,Logicool,,,,,14980
m-pb-062,MX Master 3S,mouse,—,,,,,14980
m-pb-063,Glorious Model D Wireless,mouse,ASUS,,,,,14894
m-pb-064,VGP-BMS20/L,mouse,—,,,,,3300
m-pb-065,Logitech ホイールパイロット PCマウス PC/Mac 2way,mouse,Logicool,,,,,14766
m-pb-066,Razer DeathAdder Elite Gaming Mouse (eSports Mouse with Chroma Multi-…,mouse,Razer,,,,,14610
m-pb-067,Logitech m305ワイヤレスマウスナノレシーバーブラックTaboo,mouse,Logicool,,,,,14250
m-pb-068,Cooler Master MM710 53G Gaming Mouse,mouse,—,,,,,14218
m-pb-069,REALFORCE RFM02U31,mouse,REALFORCE,,,,,14080
m-pb-070,LOGITECH M510 WIRELESS LASER MOUSE-RED,mouse,Logicool,,,,,14030
m-pb-071,Glorious グロリアス モデルO,mouse,ASUS,,,,,13983
m-pb-073,Logitech M325 Wireless Optical Mouse Black,mouse,Logicool,,,,,13894
mx-master-3s-mac,Logicool MX MASTER 3S for Mac,mouse,Logicool,,,,,17800
m-pb-077,Mouse M100 / black USB,mouse,—,,,,,13079
m-pb-078,Logitech M125 Corded Mouse (Silver),mouse,Logicool,,,,,13058
m-pb-079,Ergomice EM011-S,mouse,—,,,,,13013
m-pb-080,Corsair M75 AIR　CH-931D100-AP,mouse,—,,,,,12980
m-pb-081,Glorious PC Gaming Race,mouse,ASUS,,,,,12785
m-pb-082,ヒューレット・パッカード Mouse Laser 3-Button USB,mouse,—,,,,,12610
m-pb-083,Logitech M325c 3 ボタンワイヤレスUSB光学式スクロールマウス ナノトランシーバ付き 910-002974,mouse,Logicool,,,,,12557
m-pb-084,RAPOO MT760,mouse,—,,,,,7599
m-pb-085,Logitech Optical USB Mouse,mouse,Logicool,,,,,12228
m-pb-086,"ロジテック Wireless Mouse M705 Silver, WE",mouse,—,,,,,12200
m-pb-087,Verbatim USB-C Mini Optical Travel Mouse - Blue (70237),mouse,—,,,,,12152
m-pb-088,Logitech M510 Wireless Optical Mouse,mouse,Logicool,,,,,12063
m-pb-089,Logitech Click! Optical Mouse - Blue/Silver,mouse,Logicool,,,,,12028
m-pb-090,HP 510 Ultra Fast Rechargeable Wireless Mouse with 2D Scroll Wheel Ba…,mouse,HP,,,,,12002
m-pb-091,Microsoft Wireless Mobile Mouse 3500 GMF-00423: Small Ambidextrous De…,mouse,Microsoft,,,,,4000
m-pb-092,HP エルゴノミクス ワイヤレス マウス HP 920,mouse,HP,,,,,11980
m-pb-095,"HP 150 Wireless Mouse, 3-Button 1600 DPI Optical Sensor with Dual Con…",mouse,HP,,,,,11722
m-pb-097,Perixx PERIMICE-813RX,mouse,Perixx,,,,,4999
m-pb-098,Logitech Ergo M575 Wireless Trackball Mouse for Business - Ergonomic …,mouse,Logicool,,,,,11382
m-pb-101,Logitech M325C Wireless Mouse - Yellow Zig Zag 910-004689,mouse,Logicool,,,,,11034
m-pb-102,BSMOU06MSV,mouse,Buffalo,,,,,3544
m-pb-103,Logitech M235 Wireless Mouse - Red,mouse,Logicool,,,,,10953
m-pb-104,Logitech M317 USA Flag Mouse,mouse,Logicool,,,,,10933
m-pb-105,Razer Cobra Gengar Edition - Lightweight Wired Gaming Mouse - 8500 DP…,mouse,Razer,,,,,10825
m-pb-106,Redragon M998,mouse,ASUS,,,,,10608
m-pb-107,Glorious MODEL O 2,mouse,ASUS,,,,,10600
m-pb-108,ロジテック  M705 並行輸入品 [並行輸入品],mouse,—,,,,,10199
m-pb-110,Z3700 Wireless Mouse Black Onyx Glossy,mouse,—,,,,,10108
m-pb-111,Genuine Lenovo Thinkpad Laser Wireless Mouse Wireless USB Tilt Wheel …,mouse,—,,,,,10083
m-pb-112,ELECOM M-XGS20DLBK,mouse,ELECOM,,,,,1350
m-pb-114,Acer Predator Cestus 300 RGB Gaming Mouse - Dual Omron Switches 70M c…,mouse,ASUS,,,,,9912
m-pb-115,"Lenovo 530 Full Size Wireless Computer Mouse for PC, Laptop, Computer…",mouse,Lenovo,,,,,9809
m-pb-116,Elecom M-SH10DBSKPN,mouse,ELECOM,,,,,2490
m-pb-117,Microsoft ELG-00007,mouse,Microsoft,,,,,10866
m-pb-118,Elecom M-XGL15BBSBU,mouse,ELECOM,,,,,3990
m-pb-119,MA-ERGW6,mouse,Sanwa Supply,,,,,9800
m-pb-121,HP Inc. Wireless Mouse X3000,mouse,HP,,,,,9765
m-pb-122,Logitech M720 [並行輸入品],mouse,Logicool,,,,,9638
m-pb-123,Razer Basilisk V3,mouse,Razer,,,,,9305
m-pb-124,Razer Cobra Minecraft Edition - Lightweight Wired Gaming Mouse - 8500…,mouse,Razer,,,,,9480
m-pb-125,Lenovo Yoga Pro Mouse Bluetooth USB-C Rechargeable Dual Mode Bluetoot…,mouse,ASUS,,,,,9380
m-pb-126,Razer Cobra RGB DPI 8500 Mouse - RZ0104650100R3U,mouse,Razer,,,,,9305
m-pb-128,Logitech ロジテック M310 ワイヤレスマウス Sky Scraper 並行輸入品,mouse,Logicool,,,,,9127
m-pb-129,Lenovo GY51P83012 Trackball,mouse,Lenovo,,,,,9035
m-pb-130,DELL MS111 USB Optical 3 Button Optical Mouse (Tea Box Simple Packaging),mouse,Dell,,,,,8989
m-pb-131,Microsoft Surface Arc Mouse Burgundy CZV-00017,mouse,Microsoft,,,,,3499
m-pb-132,Surface Precision Mouse,mouse,Surface,,,,,26050
m-pb-133,Logitech ワイヤレスマウス M317 Unifyingレシーバー付き、(910-002892) シルバー,mouse,Logicool,,,,,8915
m-pb-134,"HP 150 Wired Mouse Euro, W126262610",mouse,HP,,,,,8905
m-pb-136,VGP-BMS77,mouse,—,,,,,2980
m-pb-137,"HP Mouse Inalámbrico 240, Conectividad de 10 mts, 2.4 GHz, Windows/MA…",mouse,HP,,,,,8441
m-pb-139,Logitech Signature M550,mouse,Logicool,,,,,8328
m-pb-140,"Pebble Mouse 2 M350s Slim Bluetooth Wireless Mouse, Portable, Lightwe…",mouse,—,,,,,8525
m-pb-141,HP G1K28AA USB Travel Mouse,mouse,HP,,,,,850
m-pb-142,"M190 Mouse Wireless, Design | フルサイズ両手利きカーブマウス、18ヶ月バッテリー、USBレシーバー、正確なコ…",mouse,—,,,,,3636
m-pb-143,Microsoft Modern Mobile Mouse KTF-00078:,mouse,Microsoft,,,,,3499
m-pb-144,Elecom M-XGS10DBRD,mouse,ELECOM,,,,,3990
m-pb-145,Microsoft Mouse 43U-00037,mouse,Microsoft,,,,,4000
m-pb-146,MX Master 2S MX2100sMT,mouse,Logicool,,,,,18873
m-pb-147,MX2000,mouse,Logicool,,,,,18873
m-pb-148,Verbatim Wireless Tablet Multi-Trac Blue LED - Mouse - optical - 3 bu…,mouse,—,,,,,7968
m-pb-149,Logitech Doodle Collection M325c - マウス - 光学式 - 5ボタン - ワイヤレス - 2.4 GHz…,mouse,Logicool,,,,,7986
m-pb-150,Logitech Wireless Mouse M325 Dark Silver (910-002816),mouse,Logicool,,,,,7943
m-pb-151,Redragon M919 Pro,mouse,Redragon,,,,,7936
m-pb-152,Dell MS3220-GY,mouse,Dell,,,,,7871
m-pb-153,"Pebble Wireless Mouse with Bluetooth or 2.4 GHz Receiver, Silent, Sli…",mouse,—,,,,,7887
m-pb-154,Logitech M705 Marathon Mouse,mouse,Logicool,,,,,4545
m-pb-155,Satechi Wireless Mouse,mouse,—,,,,,7680
m-pb-156,"Logitech POP Mouse, Wireless Mouse with Customizable Emojis, SilentTo…",mouse,Logicool,,,,,7668
m-pb-157,Perixx PERIMICE-713,mouse,Perixx,,,,,7638
m-pb-158,Code Mouse M500/Black & Grey Parallel Import Product,mouse,—,,,,,7620
m-pb-159,Lenovo Bluetooth Silent Mouse (WL300) - 5 Button Computer Mouse Silen…,mouse,Microsoft,,,,,7550
m-pb-160,"Lenovo 540 mouse wireless compatto con ricevitore USB-C | sabbia, beige",mouse,Lenovo,,,,,7512
m-pb-161,MS7421W,mouse,Dell,,,,,7480
m-pb-163,Logitech SE-MX1500,mouse,Logicool,,,,,11818
m-pb-164,"Lenovo 540 mouse wireless compatto con ricevitore USB C, grigio, GY51…",mouse,Lenovo,,,,,7447
m-pb-165,バーベイタム Optical Mini Travel Mouse,mouse,—,,,,,7366
m-pb-166,Logitech M110 USB Optical 1000DPI Ambidextrous Red Mouse,mouse,Logicool,,,,,7356
m-pb-167,Logitech Bluetooth Mouse M557 - Mouse - right and left-handed - optic…,mouse,Logicool,,,,,7300
m-pb-169,Logitech M800,mouse,Logicool,,,,,7164
m-pb-170,"(Red) - Logitech M171 Wireless Mouse for Windows, Mac and Chrome, 2.4…",mouse,Logicool,,,,,7102
m-pb-171,Elecom M-BT21BBBU,mouse,ELECOM,,,,,5800
m-pb-172,Satechi Slim LX 有線マウス アルミニウム USB-C デザイン スペースブラック | 静かなクリック性能、MacとPCのセ…,mouse,—,,,,,6980
m-pb-173,M545,mouse,Logicool,,,,,4545
m-pb-174,Lenovo ThinkPad Essential Wireless Mouse - Mouse - laser - 5 buttons …,mouse,Lenovo,,,,,6940
m-pb-175,"Logicool M370GY Mouse, M370G, Silent, Wireless Bluetooth, Logi Bolt U…",mouse,Logicool,,,,,3700
m-pb-176,Logitech Wireless Mouse M187 Souris sans-fil Format ultra-compact Bleu,mouse,Logicool,,,,,6861
m-pb-177,Verbatim ワイヤレス ミニ トラベル オプティカル マウス - VER97470 - グラファイト,mouse,—,,,,,6860
m-pb-178,HP WIRELESS MOUSE Z3700 -MODERN GOLD,mouse,HP,,,,,6840
m-pb-179,M-CC2BRSYL,mouse,ELECOM,,,,,2598
m-pb-180,"M220 Mouse Wireless, 2,4 GHz",mouse,—,,,,,6781
m-pb-184,Redragon Ｍ690-1,mouse,Redragon,,,,,6698
m-pb-185,VGP-UMS55/B,mouse,—,,,,,6660
m-pb-187,Logicool M310 マウス ワイヤレス - ブルー ラジオ周波数 - USB - スクロールホイール 910-001917 [並行…,mouse,Logicool,,,,,6638
m-pb-188,Logitech M330 SILENT PLUS - Mouse - right-handed - optical - 3 button…,mouse,Logicool,,,,,6634
m-pb-191,Perixx PERIMICE-713LRX,mouse,Perixx,,,,,6511
m-pb-192,Logitech M510 ワイヤレス マウス [並行輸入品],mouse,Logicool,,,,,6500
m-pb-193,Logitech ERGO M575SP,mouse,Logicool,,,,,6420
m-pb-194,Lenovo Go GY51C21211,mouse,Lenovo,,,,,5934
m-pb-195,ソニー(VAIO)  VGP-BMS33/RJ,mouse,—,,,,,1599
m-pb-196,Logitech Design Collection Limited Edition Wireless Mouse,mouse,Logicool,,,,,6350
m-pb-197,Logitech Wireless Mini Mouse M187,mouse,Logicool,,,,,6337
m-pb-199,Elecom M-K6URBK/RS,mouse,ELECOM,,,,,6302
m-pb-201,"Logitech &quot;M280 Mouse, Wireless&quot;",mouse,Logicool,,,,,6211
m-pb-202,Logitech M310 - Mouse - right and left-handed - laser - 3 buttons - w…,mouse,Logicool,,,,,6177
m-pb-203,Logitech M100マウス | コンピューティング、ナビゲーション、スプレッドシート用の両手利きデザインのUSB光学式マウス。,mouse,Logicool,,,,,6161
m-pb-204,"Wireless Mouse - M185 Wireless Mouse, Black",mouse,—,,,,,6113
m-pb-206,Logitech Pro Mouse M720,mouse,Logicool,,,,,6050
m-pb-207,Wireless Mini Mouse M187 Black,mouse,—,,,,,6044
m-pb-208,Mouse sem fio compacto Lenovo 300 cinza GY51L15678,mouse,—,,,,,6032
m-pb-210,Elecom M-HT1URBK,mouse,ELECOM,,,,,6025
m-pb-211,WRLSS NTBK OPT MOUSE BLK,mouse,—,,,,,6009
m-pb-212,PERIMICE-720,mouse,Perixx,,,,,5999
m-pb-214,Sanwa Direct Ring Mouse,mouse,Sanwa Direct,,,,,5980
m-pb-215,Microsoft I38-00008,mouse,Microsoft,,,,,5990
m-pb-216,Burst Core PMW3330,mouse,—,,,,,5980
m-pb-217,M-BT12BRPN,mouse,ELECOM,,,,,5980
m-pb-218,NEW Logitech Mouse Corded M100R Computer Input Peripherals,mouse,Logicool,,,,,5980
m-pb-219,Sanwa Direct 400-MAWBT175,mouse,Sanwa Direct,,,,,2680
m-pb-220,Logitech ワイヤレスUSBマウス M317 - ブルー スチールブルー,mouse,Logicool,,,,,5937
m-pb-221,HP 3NZ70AA,mouse,HP,,,,,5880
m-pb-222,"Lenovo 300 Wireless Compact Mouse, Black, 1000 dpi, Ultra-portable de…",mouse,Lenovo,,,,,5810
m-pb-224,"M170 Wireless Mouse, 2.4 GHz with USB Mini Receiver, Optical ng, 12-M…",mouse,—,,,,,5787
m-pb-225,SABRENT  MS-WRLS,mouse,—,,,,,5738
m-pb-226,Logitech M187 - Mouse - optical - wireless - 2.4 GHz - USB wireless r…,mouse,Logicool,,,,,5736
m-pb-227,HP USB Travel Mouse mice,mouse,HP,,,,,5724
m-pb-228,MA-BTBL27R,mouse,Sanwa Supply,,,,,5700
m-pb-229,"RAPOO MT750 Wireless Bluetooth Mouse, 5.0/2.4 GHz, Rechargeable, 4 DP…",mouse,ASUS,,,,,5699
m-pb-230,Sanwa Direct 400-MABTTB181BK,mouse,Sanwa Direct,,,,,5680
m-pb-231,Logitech Wireless Mouse M325 (Cubic Black),mouse,Logicool,,,,,5654
m-pb-232,Logitech M535 - Mouse - optical - 4 buttons - wireless - Bluetooth 3.…,mouse,Logicool,,,,,5620
m-pb-233,PERIMICE-722B,mouse,Perixx,,,,,5612
m-pb-237,atechi Slim EX,mouse,—,,,,,5500
m-pb-238,Ring Mouse 3 MA-BTRING3BK,mouse,Sanwa Supply,,,,,5500
m-pb-240,Digio2 MUS-TBIF182W,mouse,—,,,,,5480
m-pb-241,Womier G706 有線ゲーミングマウス,mouse,ASUS,,,,,2399
m-pb-242,Surface  KGY-00027,mouse,Surface,,,,,3300
m-pb-243,Logitech M196 Mouse,mouse,Logicool,,,,,5301
m-pb-245,Logitech M170 Red Clamshell Mouse | 両手利きマウス、2.4 GHz USB-A ナノレシーバー、光学ト…,mouse,Logicool,,,,,5298
m-pb-246,WIRELESS MOUSE M317 BLACK,mouse,—,,,,,5274
m-pb-248,ロジクール SE-M705,mouse,Logicool,,,,,4752
m-pb-249,Digio2 MUS-TRIF180BK,mouse,—,,,,,5200
m-nr-001,Slint M-TM25MBMSABK,mouse,ELECOM,,,,,2499
m-nr-002,Mucuru ワイヤレス静音マウス,mouse,—,,,,,1468
m-nr-004,縦型ワイヤレスマウス 充電式 【2026 強化版 】Bluetoothマウス エルゴノミクスマウス 6 ボタン搭載 高精度 800/120…,mouse,—,,,,,2498
m-nr-005,OSMOD8 M-MY50MBSBK-G,mouse,ELECOM,,,,,3990
m-nr-006,M840LGRd,mouse,Logicool,,,,,6100
m-nr-007,Mobi Fold MF900,mouse,Logicool,,,,,1709
m-nr-009,TECKNET マウス,mouse,Technet,,,,,2799
m-nr-010,MAWB231BK,mouse,Sanwa Direct,,,,,5680
m-nr-011,SPK7538B,mouse,—,,,,,2286
m-nr-014,QEIKI ワイヤレスマウス,mouse,—,,,,,599
m-nr-016,PDFASTW ワイヤレスマウス,mouse,—,,,,,998
m-nr-017,BSMBB115RD,mouse,Buffalo,,,,,1680
m-nr-018,MAWB220,mouse,Sanwa Direct,,,,,1216
m-nr-019,MAWB220,mouse,Sanwa Direct,,,,,7980
m-nr-020,ワイヤレスマウス超薄型＆Type-C充電式,mouse,—,,,,,1460
m-nr-021,ECHTPower エルゴノミクスマウス,mouse,—,,,,,2469
m-nr-025,Pulsar Gaming Gears [Pro Series] Susanto-X Medium ワイヤレス ゲーミングマウス 50グラ…,mouse,—,,,,,19800
m-nr2-001,Padholds ゲーミングマウス,mouse,Padholds,,,,,499
m-nr2-002,Ring Mouse RMWTB200,mouse,Futuristec,,,,,7999
m-nr2-005,【驚きのスリム＆Type-C 充電式 】マウス 無線 Bluetooth 5.4 静音 小型 ワイヤレスマウス 2.4GHz 3段階DPI…,mouse,—,,,,,999
m-nr2-006,Viper V3 HyperSpeed,mouse,Razer,,,,,11800
m-nr2-007,A39R,mouse,Redbean,,,,,5390
m-nr2-008,Bisoom ワイヤレスマウス,mouse,—,,,,,1399
m-nr2-009,MAKOTOYAワイヤレス静音超薄型マウス,mouse,—,,,,,780
m-nr2-010,PHILIPS SPK7858,mouse,Philips,,,,,1500
m-nr2-011,FADZECO ワイヤレスマウス,mouse,—,,,,,1500
m-nr2-012,Pebble Mouse 2 M350S,mouse,Logicool,,,,,3190
m-nr2-013,Lenovo 350,mouse,Lenovo,,,,,1980
m-nr2-014,AJL ワイヤレスマウス,mouse,—,,,,,1910
m-nr2-015,Vootic ワイヤレスマウス,mouse,—,,,,,1399
m-nr2-016,BTM010L,mouse,TPPT,,,,,5999
m-nr2-018,ワイヤレスマウス,mouse,—,,,,,1389
m-nr2-019,EZ4-MAWS223BK,mouse,ELECOM,,,,,2580
m-gbs-003,G PRO 2 LIGHTSPEED G-PPD-002XWL-BK,mouse,Logicool G,,,,,14200
m-gbs-005,G203,mouse,Logicool G,,,,,3727
m-gbs-007,Viper V3 Pro White Edition,mouse,Razer,,,,,18164
m-gbs-008,PRO X SUPERLIGHT 2 G-PPD-004WL-BK,mouse,Logicool G,,,,,24500
m-gbs-009,G502 G502RGBhr,mouse,Logicool G,,,,,7627
m-gbs-010,CrazyLight Series,mouse,Pulsar,,,,,15500
m-gbs-013,G502 LIGHTSPEED G502WL,mouse,Logicool G,,,,,13109
m-gbs-017,Logicool G ゲーミングマウス G403h HERO,mouse,Logicool G,,,,,8700
m-gbs-018,PAW3395,mouse,ATK,,,,,4073
m-gbs-019,"M908 Impact RGB LED MMO ゲーミングマウス、12サイドボタン、光学式有線エルゴノミクスゲーマーマウス、最大12,40…",mouse,Redragon,,,,,4999
m-gbs-020,SCIMITAR ELITE WIRELESS CH-9314011-AP,mouse,CORSAIR,,,,,15091
m-gbs-021,Razer レイザー DeathAdde,mouse,Razer,,,,,22200
m-gbs-024,G402,mouse,Logicool G,,,,,4564
m-gbs-027,X11 ゲーミングマウス ワイヤレス 無線 2.4g/Bluetooth/USB-C 超軽量63g 22000DPI（ホワイト）,mouse,ATTACK SHARK,,,,,4599
m-gbs-028,Glorious グロリアス モデルo ゲーミングマウス 白 有線 マウス 軽量 ゲーム用 RGB 6個プログラムボタン USB 白 マウ…,mouse,—,,,,,4990
m-gbs-029,V3PRO PAW3311,mouse,ATTACK SHARK,,,,,3220
m-gbs-030,V3　PAW3311,mouse,ATTACK SHARK,,,,,2969
m-gbs-031,レイザー Basilisk V3 Pro ゲーミングマウス ワイヤレス Bluetooth 無線 接続 Focus Pro 30K オプテ…,mouse,Razer,,,,,17859
m-gbs-032,DeathAdder V2 X HyperSpeed ゲーミングマウス 9ボタン 受賞歴を誇るエルゴノミクスデザイン HyperSpeed…,mouse,Razer,,,,,3480
m-gbs-034,Rival 3 Gen 2,mouse,SteelSeries,,,,,5073
m-gbs-035,M913インパクトエリートワイヤレスゲーミングマウス、16000 DPI有線/無線RGBゲーマーマウス、16プログラマブルボタン、45時間…,mouse,Redragon,,,,,7999
m-gbs-036,e元素 X-53,mouse,—,,,,,3988
m-gbs-037,V8 Black ゲーミングマウス 8000hz 重量36±3g 左右対称 - Kailh Optical スイッチ【国内正規品】,mouse,SCYROX,,,,,3480
m-gbs-040,M910-WS,mouse,Redragon,,,,,3909
m-gbs-041,X11SE,mouse,ATTACK SHARK,,,,,2231
m-gbs-043,Viper V3 Pro SE,mouse,Razer,,,,,17480
m-gbs-044,(レッドドラゴン) M612 RGBゲーミングマウス、8000 DPI 有線光学マウス プログラム可能なボタン9個＆バックライトモード5つ…,mouse,Redragon,,,,,3599
m-gbs-045,ATTACK SHARK X3　PAW3395,mouse,ATTACK SHARK,,,,,5299
m-gbs-046,PAW3950,mouse,—,,,,,20980
m-gbs-047,ゲーミングマウス Kone XP Air,mouse,—,,,,,17834
m-gbs-049,FORGE GM100,mouse,MSI,,,,,1950
m-gnr-001,Viper V4 Pro,mouse,Razer,,,,,26980
m-gnr-002,Naga V2 HyperSpeed,mouse,Razer,,,,,13800
m-gnr-003,EVNIA SPK9418,mouse,Philips,,,,,4485
m-gnr-005,(レイザー) Cobra,mouse,Razer,,,,,6040
m-gnr-006,Orochi V2,mouse,Razer,,,,,5980
m-gnr-010,PAW3955,mouse,ATK,,,,,11699
m-gnr-014,M814,mouse,Redragon,,,,,12980
m-gnr-015,M814,mouse,Redragon,,,,,3999
m-gnr-020,IRONCLAW WIRELESS SE,mouse,CORSAIR,,,,,21571
m-gnr-023,AJ139 V2 MC,mouse,Ajazz,,,,,4399
m-gnr-024,M6,mouse,Keychron,,,,,15440
m-gnr-027,M2,mouse,TMKB,,,,,3980
m-gnr-028,Aerox 3 WL Gen 2 Shadow,mouse,SteelSeries,,,,,13936
m-gnr2-001,AJ159PMCPRO,mouse,Ajazz,,,,,5399
m-gnr2-002,RS3 ULTRA,mouse,ATTACK SHARK,,,,,14399
m-gnr2-003,Basilisk V3 Pro White,mouse,Razer,,,,,11699
m-gnr2-005,VM-V1,mouse,VARO,,,,,19800
m-gnr2-006,Cobra Cinnamonroll Edition,mouse,Razer,,,,,12068
m-gnr2-008,R1,mouse,MAGIC-REFINER,,,,,3999
m-gnr2-009,RS3 ULTRA,mouse,ATTACK SHARK,,,,,6867
m-gnr2-014,KO-ONE WHITE,mouse,CRDRAKO,,,,,19800
m-gnr2-015,UltralightX Frostlord,mouse,Finalmouse,,,,,49800
m-gnr2-016,DeathAdder V4 Pro NiKo Edition,mouse,Razer,,,,,34000
m-gnr2-017,KO-ONE BLACK,mouse,CRDRAKO,,,,,31930
m-gnr2-019,CRC-GMRGB03_FP,mouse,Century,,,,,3981
m-gnr2-021,AJ200NLAIMC,mouse,Ajazz,,,,,4999
m-gnr2-023,AE7 PRO,mouse,DAREU,,,,,12880
m-gnr2-024,Stormbreaker V3,mouse,PWNAGE,,,,,26980
m-gpro-005,PRO X2 SUPERSTRIKE G-PPD-004WL-STRKD,mouse,Logicool G,,,,,26500
m-gpro-006,G PRO X SUPERLIGHT 2 SE G-PPD-004WLSE-BK,mouse,Logicool G,,,,,16445
m-gpro-008,G PRO X SUPERLIGHT 2 SE G-PPD-004WLSE-WH,mouse,Logicool G,,,,,16445
m-gpro-009,G PRO 2 LIGHTSPEED G-PPD-002XWL-MG,mouse,Logicool G,,,,,13327
m-gpro-010,G PRO 2 LIGHTSPEED G-PPD-002XWL-WH,mouse,Logicool G,,,,,13327
m-gpro-012,PRO X2 SUPERSTRIKE G-PPD-004WL-STRK,mouse,Logicool G,,,,,25800
m-gpro-013,G PRO X SUPERLIGHT 2 G-PPD-004WL-CY,mouse,Logicool G,,,,,24500
m-gpro-014,G PRO X SUPERLIGHT 2 DEX GPROXSL-WLDEXBKd,mouse,Logicool G,,,,,24500
m-gpro-015,G PRO X SUPERLIGHT 2 G-PPD-004WL-MG,mouse,Logicool G,,,,,21091
m-gpro-016,G PRO X SUPERLIGHT 2 SE G-PPD-004WLSE-BKD,mouse,Logicool G,,,,,18600
m-gpro-017,G PRO LIGHTSPEED G-PPD-002WLR,mouse,Logicool G,,,,,12474
m-gpro-018,logitch Logitech G Pro Wireless Mouse,mouse,Logicool G,,,,,13500
m-gpro-019,PRO X SUPERLIGHT 2c G-PPD-004WLCO-BKD,mouse,Logicool G,,,,,24500
m-gpro-021,G PRO X SUPERLIGHT G-PPD-003WL-WH,mouse,Logicool G,,,,,12500
m-gpro-022,G PRO X SUPERLIGHT G-PPD-003WL-RD,mouse,Logicool G,,,,,12474
m-gpro-023,PRO X SUPERLIGHT 2c G-PPD-004WLCO-WH,mouse,Logicool G,,,,,22200
m-gpro-024,PRO X SUPERLIGHT 2c G-PPD-004WLCO-BK,mouse,Logicool G,,,,,22200
m-gpro-026,G PRO LIGHTSPEED G-PPD-002WLRD,mouse,Logicool G,,,,,15729
m-gpro-027,G PRO X SUPERLIGHT G-PPD-003WL-BK,mouse,Logicool G,,,,,8880
m-gpro-028,G-PPD-001T,mouse,Logicool G,,,,,8455
m-gpro-029,G304X Superlight,mouse,Logicool G,,,,,11800
m-gp3-001,G PRO 2 LIGHTSPEED G-PPD-002XWL-BKd,mouse,Logicool G,,,,,14300
m-gp3-002,G PRO X SUPERLIGHT 2 G-PPD-004WL-BKd,mouse,Logicool G,,,,,23500
m-gp3-004,レイザー DeathAdder V4 Pro,mouse,Razer,,,,,28980
m-gp3-005,G903h,mouse,Logicool G,,,,,13582
m-gp3-006,AIM1 時雨 ゲーミングマウス,mouse,AIM1,,,,,14980
m-gp3-007,MAYA REJECT,mouse,LAMZU,,,,,19800
m-gp3-008,MAYA X REJECT,mouse,LAMZU,,,,,19800
m-gp3-009,X2 v3,mouse,Pulsar,,,,,14960
m-gp3-010,G502XWL-CRBK,mouse,Logicool G,,,,,17600
m-gp3-011,SPK9618,mouse,Philips,,,,,4686
m-gp3-012,STORIA Kikyo,mouse,STORIA,,,,,14960
m-gp3-013,STORIA Shion,mouse,STORIA,,,,,16830
m-gp3-015,MX MASTER 4　MX2400GRd,mouse,Logicool,,,,,19900
m-gp3-016,ZA13-DW,mouse,BenQ ZOWIE ZA13-DW,,,,,19800
m-gp3-017,M550MBKs,mouse,Logicool,,,,,4000
m-gp3-018,Naga V2 Pro,mouse,Razer,,,,,28800
m-gp3-020,Viper V3 Pro,mouse,Razer,,,,,26480
hyperx-pulsefire-haste-white,HyperX Pulsefire Haste,mouse,HyperX,,,,,6093
k-keychron-q1-pro,Keychron Q1 Pro,keyboard,Keychron,,,,,39930
k-mx-keys-mini,MX Keys Mini,keyboard,Logicool,,,,,17152
k-bs-001,ロジクール ワイヤレスキーボード K295GP 静音 耐水 キーボード 無線 Unifying K295 グラファイト,keyboard,Logicool,,,,,2727
k-bs-002,エレコム 有線キーボード メンブレン ブラック TK-FFCM01BK,keyboard,ELECOM,,,,,1040
k-bs-003,エレコム ワイヤレスキーボード メンブレン 薄型 フルキーボード テンキー ブラック TK-FDM110TXBK,keyboard,ELECOM,,,,,1899
k-bs-004,ロジクール ワイヤレスキーボード 無線 MX KEYS mini KX700GRd 日本語配列,keyboard,Logicool,,,,,17152
k-bs-005,Amazonベーシック 有線キーボード 日本語配列 ブラック,keyboard,Amazon Basics,,,,,1602
k-bs-006,エレコム ワイヤレスキーボード 静音 テンキー付 薄型コンパクトサイズ Windows ChromeOS macOS対応 ブラック TK-…,keyboard,ELECOM,,,,,2690
k-bs-007,エレコム ワイヤレスキーボード Bluetooth フルキーボード テンキー付 薄型 メンブレン 抗菌 最大3台マルチペアリング対応 iP…,keyboard,ELECOM,,,,,2399
k-bs-008,Ewin キーボード ワイヤレス bluetooth 小型 キーボード JIS基準 日本語配列 ios android Windows m…,keyboard,Ewin,,,,,1996
k-bs-009,Anker ウルトラスリム Keyboard,keyboard,Anker,,,,,2000
k-bs-010,Keychron B1 Pro ウルトラスリム ワイヤレスキーボード、ZMKカスタマイズ、シザースイッチ、2.4 GHz/Bluetoot…,keyboard,Keychron,,,,,6930
k-bs-011,バッファロー キーボード ワイヤレス BSKBW125BK,keyboard,Buffalo,,,,,1660
k-bs-012,ロジクール ワイヤレスキーボード K275 ワイヤレス キーボード 無線 薄型 テンキー USB接続 Unifying windows,keyboard,Logicool,,,,,2360
k-bs-013,ロジクール ワイヤレス キーボード MX KEYS S KX800sGR 無線 薄型 パーフェクト・ストロークキー スマートバックライト,keyboard,Logicool,,,,,18664
k-bs-014,Omikamo キーボード ワイヤレス 折りたたみ式 JIS標準日本語配列 ipad/iphone キーボード,keyboard,Omikamo,,,,,5980
k-bs-016,ロジクール 有線 キーボード 耐水 K120 USB接続 日本語配列 テンキー 薄型 有線キーボード,keyboard,Logicool,,,,,2200
k-bs-017,エレコム(ELECOM) キーボード 有線 メンブレン コンパクトキーボード ブラック TK-FCM103XBK,keyboard,ELECOM,,,,,1495
k-bs-018,iClever ワイヤレスキーボード Bluetooth・2.4GHz JIS日本語配列 コンパクト パンタグラフ Type-C充電 DK02,keyboard,iClever,,,,,3799
k-bs-019,Omikamo キーボード ワイヤレス 折り畳み式 ipadキーボード Bluetooth タッチパッド付き 日本語配列 有線＆無線両用,keyboard,Omikamo,,,,,7579
k-bs-021,エレコム 有線 フルキーボード 静音設計 抗菌 ブラック TK-FCM114SKBK,keyboard,ELECOM,,,,,2150
k-bs-022,ロジクール SIGNATURE SLIM ワイヤレス キーボード K950GR 薄型 静かなタイピング Bluetooth Logi Bo…,keyboard,Logicool,,,,,9282
k-bs-023,エレコム ワイヤレスキーボード コンパクト テンキー付 パンタグラフ式 薄型 ブラック TK-FDP099TBK/EC,keyboard,ELECOM,,,,,2880
k-bs-025,バッファロー キーボード ワイヤレス ミニ 薄型 持ち運び USB レシーバー付属 日本語 ブラック BSKBW355BK,keyboard,Buffalo,,,,,2180
k-bs-p2-051,PFU キーボード HHKB Professional HYBRID Type-S 日本語配列／墨,keyboard,PFU,,,,,36850
k-bs-p2-052,エレコム キーボード 有線 メンブレン 1000万回高耐久 ブラック TK-FCM062BK,keyboard,ELECOM,,,,,1231
k-bs-p2-053,ロジクール WAVE KEYS K820 疲れにくい エルゴノミックキーボード Bluetooth Logi Bolt 日本語配列 ワイヤ…,keyboard,Logicool,,,,,10300
k-bs-p2-055,エレコム ワイヤレス キーボード 無線 メンブレン式 コンパクト Caps Lock機能無効化スイッチ搭載 500万回高耐久キー採用 抗菌…,keyboard,ELECOM,,,,,2300
k-bs-p2-056,バッファロー キーボード 有線 USB接続 ホワイト BSKBU14WH,keyboard,Buffalo,,,,,1745
k-bs-p2-058,Ewin ワイヤレス キーボード bluetooth 折り畳み JIS標準日本語配列 タッチパッド搭載 ipad/iphone キーボード…,keyboard,Ewin,,,,,6480
k-bs-p2-059,Perixx(ペリックス) PERIBOARD-106MJP キーボード 有線 パフォーマンス USB フルキー テンキー付き 最大100…,keyboard,—,,,,,4999
k-bs-p2-060,iClever ワイヤレスキーボード テンキー付き フルサイズ Bluetooth・2.4GHz JIS配列 Type-C充電 DK03 白,keyboard,iClever,,,,,4799
k-bs-p2-061,Arteck 2.4Gワイヤレスキーボード 無線 軽量 コンパクトメディア機能 ホットキー ショートカット コンピューター、デスクトップ、…,keyboard,—,,,,,2599
k-bs-p2-062,エレコム ワイヤレスキーボード Bluetooth 子供用 パソコン学習 プログラミング KEY PALETTO キーパレット 大阪電気通…,keyboard,ELECOM,,,,,3100
k-bs-p2-064,ロジクール KX850CT MX MECHANICAL MINI ミニマリスト ワイヤレス メカニカル パフォーマンス キーボード 茶軸 …,keyboard,Logicool,,,,,13109
k-bs-p2-065,REALFORCE R3S キーボード 有線 フル 45g 日本語配列 ブラック R3SA11,keyboard,REALFORSE,,,,,26620
k-bs-p2-066,Arteck 2.4G ワイヤレスキーボード 日本語配列無線ステンレススチール 軽量 フルサイズキーボード コンピューター、デスクトップ、…,keyboard,—,,,,,2930
k-bs-p2-068,ロジクール KX850MSG MX MECHANICAL MINI for Mac ミニマリスト ワイヤレス メカニカル パフォーマンス …,keyboard,Logicool,,,,,13109
k-bs-p2-069,REALFORCE R4 キーボード ハイブリッド フル 45g 日本語配列 ブラック R4HA11,keyboard,REALFORSE,,,,,39820
k-bs-p2-070,Ewin アンドロイド専用 折りたたみ式 Bluetooth5.1 キーボード 日本語配列 Android/Windows/Macに対応 …,keyboard,Ewin,,,,,3344
k-bs-p2-071,ロジクール ワイヤレスキーボード タッチ キーボード K400pBK,keyboard,Logicool,,,,,5100
k-bs-p2-072,ロジクール SIGNATURE K650GR ワイヤレス キーボード パームレスト 薄型 疲れにくい bluetooth Logi Bol…,keyboard,Logicool,,,,,5781
k-bs-p2-073,Nillkin 【公式直営店】キーボード Bluetooth 折りたたみ式 ワイヤレス ipad キーボード ipad mini 薄型 軽…,keyboard,—,,,,,9499
k-bs-p2-074,Omikamo キーボード bluetooth 折り畳み式 ワイヤレス JIS標準日本語配列 ipad用キーボード スマホ マルチペアリング,keyboard,Omikamo,,,,,6980
k-bs-p2-078,ロジクール ワイヤレスキーボード K780 Bluetooth Unifying ワイヤレス 無線 キーボード windows mac C…,keyboard,Logicool,,,,,8273
k-bs-p2-079,HP ワイヤレス キーボード 英字配列 HP 230 ブラック,keyboard,—,,,,,2950
k-tbl-001,ロジクール ワイヤレスキーボード PEBBLE KEYS 2 K380sGR 薄型 軽量 415g 小型 Bluetooth Logi B…,keyboard,Logicool,,,,,4381
k-tbl-002,Omikamo キーボード bluetooth 折り畳み式 ワイヤレス JIS標準日本語配列 ipad キーボード スマホ マルチペアリング,keyboard,Omikamo,,,,,6980
k-tbl-003,ESR Shift iPad Air キーボード,keyboard,ESR,,,,,12499
k-tbl-004,Ewin 折りたたみ Bluetooth キーボード,keyboard,Ewin,,,,,3128
k-tbl-005,Avidpad タッチパッド付きキーボード Bluetooth ワイヤレスキーボード TELEC認証取得済み 薄型 軽量 厚さ6mm 約2…,keyboard,Avidpad,,,,,2390
k-tbl-006,ProtoArc XK01 折りたたみキーボード Bluetooth 薄型 軽量 持ち運び 3台同時接続 ipad用キーボード,keyboard,ProtoArc,,,,,5280
k-tbl-007,ロジクール 静音 Bluetooth ワイヤレスキーボード K580GR グラファイト 超薄型 小型 Unifying ワイヤレス キーボ…,keyboard,Logicool,,,,,7445
k-tbl-008,Nillkin 【正規販売店】 キーボード Bluetooth 折りたたみ式 ワイヤレス iPad用 無線 【タッチパッド＆テンキー2 i…,keyboard,Nillkin,,,,,9499
k-tbl-009,Aulaiiex Surface Pro キーボード Surface Pro 7+/7/6/5/4/3 日本語配列キーボード、 Bluet…,keyboard,Aulaiiex,,,,,6398
k-tbl-010,Ewin Bluetoothキーボード 日本語配列 マルチペアリング 3台同時接続 タブレット スマホ アイパッド ノート PC用 iOS…,keyboard,Ewin,,,,,1999
k-tbl-011,KEYS TO GO 2 for iPad,keyboard,Logicool,,,,,10900
k-tbl-012,ワイヤレスキーボード bluetooth 折りたたみ iPad タブレット スマホ パソコン 3台同時切替接続 無線 薄型 軽量 静音 マ…,keyboard,—,,,,,6299
k-tbl-013,Ewin 折りたたみキーボード bluetoothと有線接続 ヒンジロック&表示スクリーン搭載 日本語配列 テンキー付き 持ち運び ipa…,keyboard,Ewin,,,,,5980
k-tbl-014,iClever キーボード Bluetooth 折りたたみ式 ワイヤレス エルゴノミクス 日本語配列 マルチペアリング 薄型 軽量 iph…,keyboard,iClever,,,,,2666
k-tbl-016,Bluetoothワイヤレスキーボード タッチパッド付き USB Type-C充電式 薄型静音,keyboard,—,,,,,2380
k-tbl-018,ProtoArc XK01 TP 折りたたみキーボード Bluetooth 薄型 軽量 大型タッチパッド搭載 3台同時接続,keyboard,ProtoArc,,,,,5380
k-tbl-019,Omikamo サーフェス プロ キーボード ワイヤレス Surface Pro 3/4/5/6/7/7+対応 JIS標準日本語配列 ブラック,keyboard,Omikamo,,,,,1570
k-tbl-021,【2026 タッチパッド付きキーボード Bluetooth ワイヤレスキーボード 充電式 薄型・軽量・静音 小型・携帯便利 iPad／Ma…,keyboard,—,,,,,3580
k-tbl-022,Surface Pro キーボード,keyboard,Microsoft,,,,,18759
k-tbl-023,"Arteck マイクロソフト Surface Go タイプ カバー, Bluetooth キーボード薄型 タッチパット搭載 ワイヤレスキー…",keyboard,Microsoft,,,,,4499
k-tbl-024,Ewin 折りたたみキーボード Bluetooth JIS日本語配列 ワイヤレス iPad パソコン タブレット スマホ マルチペアリグ …,keyboard,Ewin,,,,,4820
k-tbl-025,BSKBB105BK,keyboard,Buffalo,,,,,4199
k-tbl-026,BSKBB105BK,keyboard,Buffalo,,,,,2231
k-tbl-027,Ewin Bluetooth キーボード（スタンド付き）,keyboard,Ewin,,,,,3396
k-tbl-028,Ewin iPad 10.2/10.5インチ キーボード,keyboard,Ewin,,,,,3995
k-tbl-029,Quark Surface Pro キーボード Surface Pro 7+/7/6/5/4/3 対応 日本語印字 Bluetooth 無…,keyboard,Quark,,,,,7999
k-tbl-030,Ewin アップルモデル専用/Bluetooth & 2.4GHz対応 ワイヤレスミニキーボード JIS日本語配列 タッチパッド＆マウスホ…,keyboard,Ewin,,,,,8999
k-tbl-032,Ewin Surface Pro 8/9/X/10/11 キーボード Bluetooth JIS日本語配列 タッチパッド+テンキー 磁気吸着,keyboard,Ewin,,,,,6880
k-tbl-033,ESR Rebound iPad Air キーボード,keyboard,ESR,,,,,3680
k-tbl-034,ESR iPad Air キーボード ケース iPad Air 11/Pro 11対応 マジックキーボード 磁気吸着 Rebound,keyboard,ESR,,,,,13999
k-tbl-035,Ewin Surface Pro 7/6/5/4/3 キーボード Bluetooth JIS日本語配列 タッチパッド+テンキー 磁気吸着,keyboard,Ewin,,,,,7480
k-tbl-038,Ewin 【JIS配列 & 3台マルチペアリング】折りたたみ Bluetoothキーボード 軽量 薄型 レザーカバー/スタンド付き 日本語…,keyboard,Ewin,,,,,2699
k-tbl-039,HOU iPad mini 第7/6世代対応 着脱式キーボード付きケース ブラック,keyboard,HOU,,,,,8999
k-tbl-041,SOPPY iPad キーボード付きケース 10.2/10.5インチ 9世代 8世代 7世代 iPad Air3 第3世代 マウス付き 多角度…,keyboard,SOPPY,,,,,3399
k-tbl-042,BORIYUAN iPad Air/Pro 11インチ キーボード付きケース 磁気吸着 Air(第4/5世代/M2/M3)・Pro11(第1-…,keyboard,BORIYUAN,,,,,12999
k-tbl-043,Winmaxle Mobdel B1 ミニ Bluetooth + 2.4G デュアルモード ワイヤレス キーボード、3軸ジャイロスコープ…,keyboard,Winmaxle,,,,,5222
k-tbl-044,Ewin 折りたたみキーボード Bluetooth JIS日本語配列 タッチパッド 3台切替 カバースタンド付き ブラック,keyboard,Ewin,,,,,32800
k-tbl-048,REDMI Pad 2 Pro キーボード 純正 人間工学 PCライクな体験 複数のショートカットキー 220mAh(標準値)大容量バッテ…,keyboard,REDMI,,,,,7161
k-tbl-049,タッチパッド付きキーボード 充電式 薄型・軽量・静音 小型,keyboard,—,,,,,2280
k-gbs-003,Logicool G PRO ゲーミングキーボード G-PKB-002LNd テンキーレス リニア 赤軸 日本語配列,keyboard,Logicool G,,,,,13900
k-gbs-006,Logicool G ロジクール G ゲーミングキーボード 有線 G213r パームレスト 日本語配列 独自のMech-domeスイッチ …,keyboard,Logicool G,,,,,6535
k-gbs-017,Logicool G PRO X TKL RAPID ゲーミングキーボード,keyboard,Logicool G,,,,,25980
k-gbs-023,Logicool G316 X 98 ゲーミングキーボード（G316X-98-LNWHd）,keyboard,Logicool G,,,,,17800
k-gbs-024,Razer BlackWidow V3 Mini HyperSpeed Phantom Pudding Edition,keyboard,Razer,,,,,12882
k-gbs-007,iClever ゲーミングキーボード テンキーレス 赤軸 メカニカル キーボード 日本語配列 マクロ対応 G06 ブラック,keyboard,iClever,,,,,3990
k-gbs-008,雨音のような打鍵音 メカニカルキーボード 3WAY接続 OS互換性 ホットスワップとVIAの対応 カスタマイズ性 ガスケットデザイン アル…,keyboard,WOBKEY,,,,,27720
k-gbs-012,e元素 Z-88 ゲーミングキーボード フルサイズ メカニカル 赤軸 USB有線 テンキー付き109キー RGBバックライト,keyboard,e元素,,,,,6399
k-gbs-013,GravaStar Mercury K1 かわいいホワイト ゲーミングキーボード 無線 テンキーレス RGBライト ワイヤレス Bluet…,keyboard,—,,,,,22980
k-gbs-015,YUNZII QL75 タイプライターキーボード ワイヤレス レトロメカニカルキーボード ホットスワップ対応 パンクスタイルの丸型キーキャ…,keyboard,YUNZII,,,,,14820
k-gbs-016,Keychron C3 Pro カスタムゲーミングキーボード、コンパクトテンキーレスレイアウト/JISレイアウト/RGBバックライト/有線…,keyboard,Keychron,,,,,8910
k-gbs-019,EPOMAKER TH87 JIS 日本語配列 TKL ワイヤレスゲーミングキーボード 2.4GHz/BT5.0/有線 テンキーレス,keyboard,EPOMAKER,,,,,12500
k-gbs-020,Logicool G ゲーミングキーボード G413SE 有線 タクタイル 確かな打鍵感 日本語配列 高耐久性 PTB キーキャップ ゲー…,keyboard,Logicool G,,,,,9327
k-gbs-021,Logicool G ゲーミングキーボード G515 LIGHTSPEED TKL 薄型 ワイヤレス テンキーレス キーボード G515-…,keyboard,Logicool G,,,,,18664
k-gbs-022,YUNZII X75 PRO 82キーワイヤレス ホットスワップ対応 英語配列 メカニカルゲーミングキーボード 透明キーキャップ BT5.…,keyboard,YUNZII,,,,,10959
k-gbs-026,SteelSeries ラピッドトリガー 搭載 ゲーミングキーボード ミニサイズ Apex Pro Mini JP 有線 日本語配列 Om…,keyboard,—,,,,,27027
k-gbs-028,0.005mmラピッドトリガー搭載 GravaStar Mercury V60 ゲーミングキーボード 60%レイアウト カスタムUFO磁気…,keyboard,—,,,,,19980
k-gbs-029,YUNZII X71 メカニカルゲーミングキーボード 透明キーキャップ 71キー 68%配列 ワイヤレス ホットスワップ対応 BT5.0/…,keyboard,YUNZII,,,,,13199
k-gbs-030,Logicool G ゲーミングキーボード G512r-TC 有線 タクタイル 茶軸 確かな打鍵感 GXスイッチ 日本語配列 LIGHTS…,keyboard,Logicool G,,,,,11955
k-gbs-074,[MH-Device] MH-Zeta ジョイスティック・ホイール付き47キー片手ゲーミングキーボード 片手 キーボード 左手キーボード(…,keyboard,—,,,,,18800
k-gbs-081,Razer Huntsman V3 HE マグネット式 TKL 8KHz ゲーミングキーボード US配列,keyboard,Razer,,,,,20980
k-gbs-082,Razer BlackWidow V4 X Minecraft Edition,keyboard,Razer,,,,,15800
k-gbs-083,Razer Huntsman V2 Clicky Optical Switch ゲーミングキーボード US配列,keyboard,Razer,,,,,29676
k-gbs-084,Razer BlackWidow V4 X Fortnite Edition,keyboard,Razer,,,,,25051
k-gbs-085,Razer DeathStalker V2 Pro Tenkeyless JP White Edition,keyboard,Razer,,,,,31980
k-gbs-086,Razer Huntsman Mini 60% ゲーミングキーボード ホワイト,keyboard,Razer,,,,,12638
k-gbs-087,Razer Huntsman V3 Pro Mini JP,keyboard,Razer,,,,,25880
k-gbs-088,Razer DeathStalker V2 Pro Tenkeyless White Edition,keyboard,Razer,,,,,31000
k-gbs-089,Razer DeathStalker V2 Clicky Optical Switch ゲーミングキーボード US配列,keyboard,Razer,,,,,22800
k-gbs-090,Razer BlackWidow V4 Pro メカニカル ホワイト,keyboard,Razer,,,,,38971
k-gbs-p2-051,MAGIC-REFINER K68 ゲーミングキーボード Bluetooth ワイヤレス 2.4GHz 赤軸 テンキーレス RGB,keyboard,—,,,,,3383
k-gbs-p2-052,YUNZII B75 PRO,keyboard,YUNZII,,,,,11199
k-gbs-p2-053,Razer Huntsman V3 HE Magnetic Mini,keyboard,Razer,,,,,17980
k-gbs-p2-057,NuPhy Node75 JIS,keyboard,NuPhy,,,,,17365
k-gbs-p2-059,Keychron K2 Max スペシャルエディション,keyboard,Keychron,,,,,22550
k-gbs-p2-060,Redragon K524 無線 ゲーミングキーボード 75% テンキーレス 2.4G/Bluetooth/USB有線 英語配列 ブラック,keyboard,—,,,,,5180
k-gbs-p2-063,ATTACK SHARK X68HE ラピッドトリガー ゲーミングキーボード 8000Hz対応 RT0.01mm （ブラック）,keyboard,—,,,,,8999
k-gbs-p2-064,RK ROYAL KLUDGE R75 メカニカルキーボード 有線｜日本語配列｜ボリュームノブ搭載｜ゲーミングキーボード 75%カスタム｜…,keyboard,—,,,,,9999
k-gbs-p2-065,e元素Z-99 ワイヤレス ゲーミングキーボード 銀軸 Bluetooth/有線/2.4G 無線メカニカルキーボード テンキー付き ホット…,keyboard,e元素,,,,,7999
k-gbs-p2-066,SteelSeries ゲーミングキーボード テンキーレス 有線 Apex 3 TKL 日本語配列 静音スイッチ IP32防滴 24キー同…,keyboard,—,,,,,8573
k-gbs-p2-067,e元素 Z-11 ワイヤレスゲーミングキーボード 63キー メカニカル 赤軸 Bluetoothと2.4G無線と有線 60％小型 コンパクト設計,keyboard,e元素,,,,,5588
k-gbs-p2-068,MageGee ミニ 60% ゲーミングキーボード、RGB バックライト 61キー 超コンパクトキーボード、TS91 人間工学的 防水 メ…,keyboard,—,,,,,2970
k-gbs-p2-069,Redragon K524 ゲーミングキーボード 有線 75% テンキーレス 静音メンブレン式 メカニカルタッチ RGBバックライト 英語配列,keyboard,—,,,,,3698
k-gbs-p2-070,Keychron C3 Pro カスタムゲーミングキーボード、コンパクトテンキーレスレイアウト/USレイアウト/赤色LEDバックライト/有…,keyboard,Keychron,,,,,28550
k-gbs-p2-072,Merdia メカニカル式ゲーミングキーボード 全104キーボード USB 有線キーボード LEDバックライト付き (茶軸-ブルーとホワイト),keyboard,Merdia,,,,,4090
k-gbs-p2-073,iClever ゲーミングキーボード 75%サイズ 赤軸 メカニカル キーボード 日本語配列 マクロ対応 G05 ブラック,keyboard,iClever,,,,,5420
k-gbs-p2-078,DAREU COOL68 ゲーミングキーボード 0.01mm ラピッドトリガー対応 光翼ライトボックス 有線8000hzポーリングレート …,keyboard,—,,,,,10900
k-gbs-p2-080,HUO JI ゲーミングキーボード 有線 テンキー付き 静音メンブレン メカニカル風打鍵感 RGBバックライト US配列 ホワイト,keyboard,—,,,,,3298
k-gmg-001,WOBKEY Rainy75 Pro,keyboard,WOBKEY,,,,,27720
k-gmg-002,MonsGeek FUN60 Pro SP 英語配列 有線モデル 0.01mm ラピッドトリガー対応 高コスパ ゲーミングキーボード ブラック,keyboard,MonsGeek,,,,,5980
k-gmg-003,EPOMAKER x Aula F75 ゲーミングキーボード ガスケット メカニカルキーボード 5層パッド＆ノブ付き 75% ワイヤレス,keyboard,EPOMAKER,,,,,13991
k-gmg-004,e元素 z-88,keyboard,e元素,,,,,5299
k-gmg-005,YUNZII B75 PRO 75% ガスケットゲーミングキーボード 無線メカニカルキーボード BT/2.4G/有線 ワイヤレス ホットス…,keyboard,YUNZII,,,,,11199
k-gmg-007,V-custom VK310S RGB,keyboard,エレコム,,,,,7973
k-gmg-012,AIM1 瞬 ラピッドトリガー 0.01mm ゲーミングキーボード 75%サイズ ポーリングレート8000Hz MATATAKI,keyboard,AIM1,,,,,14980
k-gmg-014,HyperX Alloy Origins Core RGB メカニカルゲーミングキーボード 日本語配列 テンキーレス 4P5P3AJ#ABJ,keyboard,—,,,,,11980
k-gmg-015,YUNZII B87,keyboard,YUNZII,,,,,12608
k-gmg-016,SmackApe Impact 80 メカニカルキーボード 3WAY接続 無線 ワイヤレス 低遅延 テンキーレス TKL JIS 日本語配…,keyboard,SmackApe,,,,,13900
k-gmg-018,ATTACK SHARK X820ULTRA メカニカルキーボード 75% 3モード ガスケット 5層消音 LEDディスプレイ ノブ 40…,keyboard,—,,,,,10999
k-gmg-019,YUNZII X75 有線 ホットスワップメカニカルキーボード 透明なキーキャップ ガスケット装着75キーボード RGBバックライト付き …,keyboard,YUNZII,,,,,8549
k-gmg-021,YUNZII AL71 メカニカルキーボード 68% コンパクト フルアルミCNC加工 ガスケット構造 [Bluetooth/2.4G/U…,keyboard,YUNZII,,,,,9240
k-gmg-023,Razer Huntsman Mini 小型 ゲーミングキーボード - Clicky Optical Switch 英語US配列 60%レ…,keyboard,Razer,,,,,18981
k-gmg-025,MAMBASNAKE×AJAZZ AK680 有線ゲーミングキーボード 茶軸 軽量 メカニカルキーボード ホットスワップ対応 小型68キー…,keyboard,—,,,,,2659
k-gmg-026,Pulsar PCMK 3HE TKL Something Edition,keyboard,Pulsar,,,,,27980
k-gmg-027,e元素 Z-68 ワイヤレス メカニカルキーボード 銀軸 BT/2.4GHz無線 / 有線 60% コンパクトキーボード US配列 ホット…,keyboard,e元素,,,,,6999
k-gmg-028,YUNZII C75 ワイヤレス メカニカルキーボード 75%レイアウト ホットスワップ対応 クリーミーキーボード NKRO PBT MO…,keyboard,YUNZII,,,,,10908
k-gmg-029,有線フローティングゲーミングキーボード ライトアップ USBキーボード メカニカルキーボード 手触りRGBバックライトキーボード ゲームア…,keyboard,—,,,,,2350
k-gmg-057,エレコム ゲーミングキーボード V-custom VK200S 有線 テンキーレス 65%サイズ メカニカル ネオクラッチキーキャップ 銀…,keyboard,ELECOM,,,,,5630
k-gmg-p2-051,YUNZII X98 QMK/VIA対応 ワイヤレス メカニカルゲーミングキーボード 透明キーキャップ 3モード接続 BT5.0/2.4G…,keyboard,YUNZII,,,,,15280
k-gmg-p2-053,ZIYOULANG T60 ゲーミングキーボード メカニカルキーボード 青軸 二色射出成形技術・キーキャップ 金属航空コネクターケーブル付き,keyboard,—,,,,,4299
k-gmg-p2-055,AK35i メカニカルキーボード 美しい有線ゲーミングキーボード 白いバックライト 空色&ホワイト2色PBTボタン 104キー 4マルチメ…,keyboard,—,,,,,18600
k-gmg-p2-056,Apex Pro Mini,keyboard,エレコム,,,,,18600
k-gmg-p2-058,MAMBASNAKE K75,keyboard,MAMBASNAKE,,,,,4999
k-gmg-p2-059,EPOMAKER x AULA F99 ワイヤレス メカニカルキーボード ホットスワップ対応 ガスケット カスタム ゲーミングキーボード …,keyboard,EPOMAKER,,,,,21800
k-gmg-p2-061,RK ROYAL KLUDGE RK61 ワイヤレス 60% メカニカルキーボード、ミニポータブルサイズ、US QWERTY レイアウト,keyboard,—,,,,,5359
k-gmg-p2-062,MAMBASNAKE+ZiYouLang M87 ゲーミングキーボード ワイヤレス Bluetooth/2.4GHz 80% 87キー メ…,keyboard,—,,,,,4299
k-gmg-p2-066,e元素 Z-11 ワイヤレスゲーミングキーボード 63キー 青軸 無線メカニカルキーボード BTと2.4GとUSB有線 60％小型コンパクト設計,keyboard,e元素,,,,,5588
k-gmg-p2-067,e元素 Z-11 ゲーミングキーボード 赤軸を採用 テンキーレス US英語配列 有線61キー メカニカルキースイッチ 60％小型コンパクト設計,keyboard,e元素,,,,,4388
k-gmg-p2-069,GravaStar Mercury K1 Lite ゲーミングキーボード 日本語配列 無線 75%レイアウト オーロラ RGBバックライト…,keyboard,—,,,,,14980
k-gmg-p2-070,EPOMAKER x AULA F65 65%ワイヤレスメカニカルキーボード ホットスワップ対応ガスケットカスタムゲーミングキーボード 5…,keyboard,EPOMAKER,,,,,11020
k-gmg-p2-071,YUNZII YZ75,keyboard,YUNZII,,,,,9045
k-gmg-p2-072,ROCCAT Vulcan II Max JP,keyboard,ROCCAT,,,,,24347
k-gmg-p2-075,Razer Huntsman V2,keyboard,Razer,,,,,31980
k-gmg-p2-078,RK ROYAL KLUDGE L75,keyboard,RK ROYAL KLUDGE,,,,,9999
k-gmg-p2-079,AKS068pro,keyboard,—,,,,,8599
k-gmg-p2-080,Razer BlackWidow V3 JP,keyboard,Razer,,,,,
k-gnr-p1-003,GravaStar Mercury K1 Lite,keyboard,GravaStar,,,,,23980
k-gnr-p1-008,e元素 Z-104,keyboard,e元素,,,,,8980
k-gnr-p1-010,東プレ REALFORCE GX1 Plus サザビー 日本語配列 ゲーミングキーボード X1PCS1 KB0939,keyboard,REALFORCE,,,,,44373
k-gnr-p1-012,Womier DK98pro キーボード 98キー ゲーミングキーボード ワイヤレス 静音キー テンキー付き 3モード接続,keyboard,—,,,,,5794
k-gnr-p1-013,NuPhy Air75 V3,keyboard,NuPhy,,,,,28620
k-gnr-p1-014,RK ROYAL KLUDGE S98,keyboard,RK ROYAL KLUDGE,,,,,10649
k-gnr-p1-015,Logicool G G512 X 75,keyboard,Logicool G,,,,,1699
k-gnr-p1-016,Logicool G 8000Hz ラピッドトリガー ホットスワップ G512 X 75 ゲーミングキーボード リニア ガスケットマウント…,keyboard,Logicool G,,,,,28145
k-gnr-p1-017,RK ROYAL KLUDGE R98 Pro ゲーミングキーボード 日本語配列 フルサイズ メカニカルキーボード 有線 ボリュームノブ・…,keyboard,—,,,,,11900
k-gnr-p1-019,EPOMAKER TH108 PRO,keyboard,EPOMAKER,,,,,17500
k-gnr-p1-020,RK ROYAL KLUDGE RK61JP,keyboard,RK ROYAL KLUDGE,,,,,28550
k-gnr-p1-021,RK ROYAL KLUDGE RK61JP ワイヤレス 60% メカニカルキーボード、ミニポータブルサイズ、日本語QWERTY レイアウト,keyboard,—,,,,,6749
k-gnr-p1-023,ATTACK SHARK M36HE,keyboard,ATTACK SHARK,,,,,6499
k-gnr-p1-026,EPOMAKER Split70,keyboard,EPOMAKER,,,,,17500
k-gnr-p1-027,EPOMAKER Split70 ワイヤレスゲーミングキーボード 分割キーボード QMK/VIA対応 テンキーレス 70% メカニカルキーボード,keyboard,EPOMAKER,,,,,20300
k-gnr-p1-028,3キー マクロキーボード,keyboard,—,,,,,3567
k-gnr-p1-029,AJAZZ AK820,keyboard,AJAZZ,,,,,2724
k-gnr-p1-030,AJAZZ AK820,keyboard,AJAZZ,,,,,6999
k-gnr-p2-051,XZILEX X68E,keyboard,XZILEX,,,,,12980
k-gnr-p2-052,RK ROYAL KLUDGE RK84,keyboard,RK ROYAL KLUDGE,,,,,7499
k-gnr-p2-053,KizunaAI（キズナアイ） 限定コラボデザイン ゲーミングキーボード 日本語配列 有線接続 FUN60 KizunaAI Specia…,keyboard,KizunaAI,,,,,9980
k-gnr-p2-054,センチュリー 「RACEN」磁気スイッチ式 日本語配列 テンキーレスゲーミングキーボード 色：ホワイト CRC-GKMGRT01WT2_F…,keyboard,—,,,,,9900
k-gnr-p2-055,RK ROYAL KLUDGE RK920,keyboard,RK ROYAL KLUDGE,,,,,11999
k-gnr-p2-056,片手マクロキーボード 3キー+ノブ,keyboard,—,,,,,1423
k-gnr-p2-058,プログラマブル2キー ノブ付き,keyboard,—,,,,,1455
k-gnr-p2-059,GravaStar Mercury V75,keyboard,GravaStar,,,,,26980
k-gnr-p2-060,Logicool G G512 X 98,keyboard,Logicool G,,,,,13970
k-gnr-p2-061,Logicool G 8000Hz ラピッドトリガー ホットスワップ G512 X 98 ゲーミングキーボード リニア ガスケットマウント…,keyboard,Logicool G,,,,,32800
k-gnr-p2-062,Razer Huntsman V3 Pro JP,keyboard,Razer,,,,,30218
k-gnr-p2-063,Razer(レイザー) ラピッドトリガー 搭載 Huntsman V3 Pro JP 調整可能なアクチュエーション搭載のアナログ ゲーミン…,keyboard,Razer,,,,,36980
k-gnr-p2-064,TURTLE BEACH Command Series KB7,keyboard,Turtle Beach,,,,,29800
k-gnr-p2-065,EPOMAKER TH80 V2 PRO ワイヤレスゲーミングキーボード 画面＆ノブ付き10000mAh 2.4GHz/BT/USB-C RGB,keyboard,EPOMAKER,,,,,11600
k-gnr-p2-067,ASUS ROG Strix Morph 96 Wireless Gaming Keyboard ブラック / 96%レイアウトゲーミング…,keyboard,—,,,,,26096
k-gnr-p2-068,KiiBOOM Phantom98 Lite 96% ワイヤレス ゲーミングキーボード VIAプログラマブル対応 クリーミーガスケット構造…,keyboard,—,,,,,19450
k-gnr-p2-069,EPOMAKER HE108 ラピトリ ホール効果ゲーミングキーボード 8Kポーリング＆128Kスキャン SOCD &amp; DKS ホ…,keyboard,EPOMAKER,,,,,16800
k-gnr-p2-070,DAREU FLEX75 ゲーミングキーボード 無線 ガスケット メカニカルキーボード 75% テンキーレス 英語配列 2.4Gワイヤレス…,keyboard,—,,,,,8960
k-gnr-p2-071,REALFORCE × 猫麦とろろ GX1 Plus Keyboard 45g 日本語配列 ブラック 2色成形 昇華印刷 静電容量無接点方…,keyboard,REALFORSE,,,,,47800
k-gnr-p2-072,CORSAIR GALLEON 100 SD有線メカニカルキーボード日本語配列 – 黒 CH-912A31I-JP,keyboard,CORSAIR,,,,,47146
k-gnr-p2-074,YUNZII WOOD84,keyboard,YUNZII,,,,,24420
k-gnr-p2-075,YUNZII WOOD84 ワイヤレスメカニカルキーボード 75%レイアウト 木製 ゲーミングキーボード BT/2.4G/USB-C 3モ…,keyboard,YUNZII,,,,,15553
k-gnr-p2-076,YUNZII C98,keyboard,YUNZII,,,,,16342
k-gnr-p2-077,Womier M98,keyboard,Womier,,,,,12599
k-gnr-p2-078,EverGlide AE68 Pro Black Translucent ラピッドトリガーキーボード,keyboard,—,,,,,8909
k-gnr-p2-079,XEANIXIE OU108,keyboard,XEANIXIE,,,,,6999
k-gnr-p2-080,AJAZZ AK820V2,keyboard,AJAZZ,,,,,9380
k-nr-001,Ewin 折りたたみ Bluetoothキーボード 日本語配列 タッチパッド テンキ付き 3台切替対応 タイプc iPad タブレット i…,keyboard,Ewin,,,,,7280
k-nr-002,2.4GHzワイヤレス日本語キーボード 7色バックライト 108キー フルサイズ,keyboard,—,,,,,3999
k-nr-003,iClever ワイヤレスキーボード Bluetooth テンキー付き JIS日本語配列 2.4GHz 静音 DK20,keyboard,iClever,,,,,4699
k-nr-004,iClever キーボード ワイヤレス Bluetooth 2.4GHz JIS日本語配列 デュアルモード マルチペアリング テンキー付き…,keyboard,iClever,,,,,4599
k-nr-005,Ewin ERGO キーボード JIS配列 左右分離型 エルゴノミクス パームレスト Bluetooth 2.4G両対応 テンキー付き フ…,keyboard,Ewin,,,,,15980
k-nr-006,HKW. タイプライター風キーボード 61キー 青軸 USB-C有線 メカニカルキーボード LEDバックライト 丸型キー Windows/…,keyboard,—,,,,,5980
k-nr-007,YIVU Sofle ワイヤレス 分割キーボード 左右分離 エルゴノミクス 静音メカニカルキーボード 2.4GHz無線 ホットスワップ Q…,keyboard,—,,,,,20570
k-nr-009,YIVU 左右分離型メカニカルキーボード Borne 有線 エルゴノミクス 60%分割型キーボード ホットスワップ対応 QMK/VIAL対…,keyboard,—,,,,,17999
k-nr-011,Perixx PERIBOARD-427 US、トラックボール付き有線バックライトUSBキーボード - 白色および赤色バックライト機能 -…,keyboard,—,,,,,7999
k-nr-012,有線 US 配列キーボード レトロタイプライター風 円形キーキャップ バックライト付き 3 段階輝度調整 フルサイズ テンキー搭載 Win…,keyboard,—,,,,,3799
k-nr-013,Acogedor 小型スマホ用キーボード、Bluetooth・有線接続対応、ノートPC・タブレット・スマホ用充電式キーボード、コンパクトサ…,keyboard,—,,,,,2349
k-nr-014,ワイヤレスキーボード（テンキーレス）,keyboard,サンワサプライ,,,,,7980
k-nr-016,SENECESLI 韓国語キーボード、78キーUSB有線超スリム軽量こぼれ防止人間工学に基づいたチルトデザイン、色あせ防止PCラップトップ…,keyboard,—,,,,,2308
k-nr2-054,Redragon K710 無線 ゲーミングキーボード 青軸 テンキー付き Bluetooth/2.4G/有線 RGB US配列 技適認証取得,keyboard,—,,,,,6600
k-nr2-057,Acogedor 折りたたみ式 Bluetooth キーボード（タッチパッド付き）,keyboard,Acogedor,,,,,3621
k-nr2-058,Valour Doer ou108 メカニカルキーボード 日本語配列 有線 フルサイズ ゲーミングキーボード 108キー 全キーロールオー…,keyboard,—,,,,,5999
k-nr2-060,EPOMAKER x AULA F108 PRO V2 ワイヤレスメカニカルキーボード フルサイズ ピクセルディスプレイ搭載 潤滑済みスイッチ,keyboard,EPOMAKER,,,,,20700
k-nr2-061,EPOMAKER X Aula F75 MAX ワイヤレスメカニカルキーボードTFTスクリーンとノブ付き 75% US配列のガスケットキーボード,keyboard,EPOMAKER,,,,,14510
k-nr2-065,ミニキーボード 有線 78キー（白）,keyboard,—,,,,,1100
k-nr2-068,Snsowed 超薄型 USB 有線キーボード（ピンク）,keyboard,Snsowed,,,,,2409
k-nr2-069,88キー USB 有線キーボード（トラックボール内蔵）,keyboard,—,,,,,6447
k-nr2-071,EWIN エルゴノミクス ワイヤレスキーボード,keyboard,EWIN,,,,,19800
k-gp3-001,K70 PRO TKL,keyboard,CORSAIR,,,,,25641
k-gp3-002,G PRO K/DA TKL,keyboard,Logicool G,,,,,13900
k-gp3-003,G PRO X 60,keyboard,Logicool G,,,,,16418
k-gp3-004,AIM1 MATAKI,keyboard,AIM1,,,,,14980
k-gp3-005,G PRO G-PKB-002LNd,keyboard,Logicool G,,,,,17179
k-gp3-006,G515 LIGHTSPEED TKL,keyboard,Logicool G,,,,,18664
k-gp3-007,PCMK 2HE TKL,keyboard,Pulsar,,,,,20980
k-gp3-008,G512 X 75,keyboard,Logicool G,,,,,28145
k-gp3-009,G512 X 98,keyboard,Logicool G,,,,,30982
k-gp3-010,eS HE 70,keyboard,Pulsar,,,,,27529
vk720a,ゲーミングキーボード V custom VK720A,keyboard,エレコム (ELECOM),,,,,29979
g515-rapid,Logicool G G515 RAPID TKL,keyboard,ロジクール G (Logicool G),,,,,28800
realforce-gx1plus-x1pc11,REALFORCE GX1Plus,keyboard,REALFORCE (リアルフォース),,,,,35200
k-gmg-hyperx-alloy-core,HyperX Alloy Core RGB,keyboard,HyperX,,,,,4991
mic-blue-yeti,Blue Yeti,mic,Logicool G,,,,,18480
mic-shure-sm7b,SM7B,mic,Shure,,,,,58800
mon-dell-s2722qc,S2722QC,monitor,Dell,,,,,42800
mon-lg-24gn65r,UltraGear 24GN65R-B,monitor,LG,,,,,24800
mon-asus-pa279cv-j,ProArt PA279CV-J,monitor,ASUS,,,,,56480
mic-bs-006,USBマイク 超コンパクト設計 USB 直挿し PCマイク,mic,FIFINE,,,,,375
mic-bs-007,DUNGZDUZ USBマイク ノートPC・デスクトップ用 高感度 クリア通話 プラグ&プレイ 小…,mic,FIFINE,,,,,1799
mic-bs-011,USBマイク PC用 小型 コンパクト Plug&Play,mic,—,,,,,1799
mic-bs-012,USB PCマイク 高感度 スタンド付 全指向性 360°集音 ワンタッチミュート プラグ&プレイ…,mic,—,,,,,2299
mic-bs-015,MM-MCU06BKN,mic,サンワサプライ,,,,,2082
mic-bs-016,ピンマイク usb 直挿し pcマイク 無指向性 高感度 360°集音 角度調整可能 フレキシブル…,mic,MillSO,,,,,1699
mic-bs-017,STM30WH,mic,SEIKO,,,,,2200
mic-bs-018,タイプＣマイク USB C クリップ式ラベリア マイク 1.5M,mic,Cubilux,,,,,2790
mic-bs-021,Zyrvox PCマイク K6,mic,—,,,,,2598
mic-bs-022,USBマイク 超コンパクト USB直挿し PCマイク 世界最小クラス 全指向性 Skype/VOI…,mic,—,,,,,375
mic-bs-024,USB コンデンサーマイク ゲーミングマイク PCマイク RGBライト プラグ&プレイ ミュート …,mic,ZealSound,,,,,5784
mic-bs2-051,Luna Plus,mic,EMEET,,,,,10999
mic-bs2-054,USBピンマイク K053,mic,FIFINE,,,,,2999
mic-bs2-055,USB-Cミニマイク Mac mini M4/M4 Pro・MacBook対応 Plug&Play…,mic,—,,,,,1769
mic-bs2-056,Seiren V3 Mini White,mic,Razer,,,,,8381
mic-bs2-057,Luna,mic,EMEET,,,,,8999
mic-bs2-059,PowerConf S3,mic,Anker,,,,,
mic-bs2-060,MM-MCU03BKN,mic,サンワサプライ,,,,,3181
mic-bs2-061,PC USBマイク コンデンサーマイク 会議用 卓上 360°集音 フレキシブルアーム プラグ&プレイ,mic,—,,,,,2998
mic-bs2-062,デスクトップマイク ピンマイク USB直挿し PCマイク 全指向性 フレキシブルアーム コンパクト,mic,Freell,,,,,980
mic-bs2-063,ワイヤレスピンマイク (2個セット),mic,BILIWAL,,,,,3980
mic-bs2-067,USBピンマイク 小型 全指向性 高感度 防風 録音 会議 カラオケ対応,mic,—,,,,,559
mic-bs2-068,HS-SP02M2BK,mic,エレコム,,,,,7454
mic-bs2-069,MO-MIC04U-B,mic,e-Better,,,,,1480
mic-bs2-070,ラベリアマイク USB-C コンデンサーマイク iPhone 16/15 & Android Ty…,mic,Cubilux,,,,,2499
mic-bs2-072,DUNGZDUZ USB-C ラベリアマイク,mic,—,,,,,2499
mic-bs2-074,Veetop PC USBマイク,mic,Veetop,,,,,1680
mic-bs2-077,Cubilux PC用USBマイク,mic,Cubilux,,,,,1750
mic-bs2-080,400-MC011,mic,サンワダイレクト,,,,,4980
mic-mg-002,K054,mic,COMICA,,,,,4099
mic-mg-003,A6T,mic,FIFINE,,,,,7999
mic-mg-004,USBスタンドマイク,mic,—,,,,,2710
mic-mg-005,Sync 20+,mic,Poly,,,,,24555
mic-mg-006,SP300,mic,Kaysuda,,,,,6799
mic-mg-007,SoloCast 2,mic,HyperX,,,,,8982
mic-mg-008,Mic Mini 2,mic,エレコム,,,,,14520
mic-mg-013,Mic Mini 2,mic,DJI,,,,,14520
mic-mg-015,MO-MIC04L-W,mic,e-Better,,,,,1480
mic-mg-016,YVC-331,mic,ヤマハ,,,,,50607
mic-mg-017,Seiren X,mic,Razer,,,,,2710
mic-mg-018,U30K,mic,—,,,,,2710
mic-mg-019,DM30 RGB,mic,MAONO,,,,,8499
mic-mg-021,SP300U,mic,Kaysuda,,,,,6799
mic-mg-022,STM30BK,mic,SEIKO,,,,,2200
mic-mg-025,Speak 710 MS,mic,Jabra,,,,,14780
mic-mg-026,PD100X,mic,MAONO,,,,,6944
mic-mg-027,AIRHUG,mic,AIRHUG,,,,,5999
mic-mg-028,AT9933USB,mic,オーディオテクニカ,,,,,2700
mic-mg-029,HS-MC06BK,mic,エレコム,,,,,608
mic-mg-030,K054,mic,FIFINE,,,,,4099
mic-mg2-051,ピンマイク 単一指向性マイク ゲーミングマイク イヤホン PC ゲーム実況 配信 Zoom Sky…,mic,ASUS,,,,,1199
mic-mg2-053,PowerConf S330,mic,Anker,,,,,5680
mic-mg2-055,ピンマイク 単一指向性マイク ゲーミングマイク イヤホン PC ゲーム実況 配信 Zoom Sky…,mic,G-MODELL,,,,,1199
mic-mg2-060,USBマイク コンデンサーマイク TC310+ RGB 単一指向性 ゲーム実況 配信 Zoom P…,mic,TONOR,,,,,5499
mic-mg2-061,TC310+,mic,TONOR,,,,,5499
mic-mg2-062,M2,mic,EMEET,,,,,23900
mic-mg2-063,EJoy Uni S,mic,COMICA,,,,,6382
mic-mg2-065,USBスピーカーフォン,mic,Kaysuda,,,,,
mic-mg2-066,XS LAV USB-C,mic,Sennheiser,,,,,1148
mic-mg2-072,MM-MC28,mic,サンワサプライ,,,,,23669
mic-mg2-075,USB卓上マイク,mic,—,,,,,1148
mic-mg2-080,400-MC003,mic,サンワダイレクト,,,,,
mic-srch-0006,Zyrvox PCマイク K6,mic,エレコム,,,,,2599
mic-srch-0009,DuoCast,mic,HyperX,,,,,12837
mic-srch-0018,QuadCast2,mic,HyperX,,,,,22591
mic-srch-0019,Yeti GX,mic,HyperX,,,,,27164
mic-srch-0021,AT2020USB-X,mic,オーディオテクニカ,,,,,18480
mic-srch-0051,PD200X,mic,MAONO,,,,,11699
mic-srch-0054,Snowball,mic,Logicool G,,,,,
mic-srch-0062,QuadCast,mic,HyperX,,,,,17800
mic-srch-0071,SteelSeries Alias,mic,SteelSeries,,,,,27703
mic-srch-0074,ロジクール Blue Snowball iCE,mic,Blue,,,,,
mic-srch-0076,Logicool G YETI GX,mic,Logicool G,,,,,24890
mic-srch-0081,NZXT CAPSULE WHITE,mic,—,,,,,
mic-srch-0083,Logicool G YETI GX,mic,Logicool G,,,,,27164
mic-srch-0097,Marantz Professional M4U,mic,Marantz,,,,,
mic-srch-0109,SteelSeries Alias,mic,SteelSeries,,,,,26185
mic-srch-0148,GOWENIC 360 無指向性ピックアップ付き,mic,—,,,,,2103
mic-srch-0227,USBマイク コンピューターマイク 360°集音 PC ノートパソコン 黒,mic,—,,,,,5279
mic-srch-0255,PC用USBコンデンサーマイク RGBゲーミングマイク プラグアンドプレイ カーディオイドピックア…,mic,—,,,,,8640
mic-srch-0314,tegongse ゲーミングUSBマイク 30Hz~16kHz周波数 PC用 ブームアームとLED…,mic,—,,,,,4190
mic-srch-0327,VBESTLIFE USBノイズキャンセリングマイク、2チャンネルゲーミングマイク、360°サウン…,mic,—,,,,,3525
mic-srch-0350,JEOZBM BM700 USBコンデンサーマイク コンピューター用 Hi‑Fi カーディオイドマ…,mic,—,,,,,10810
mic-srch-0351,ゲーミングUSBマイク 30Hz~16kHz 周波数 PC用 ブームアームとLED照明付き 臨場感…,mic,—,,,,,9343
mic-srch-0360,RGYBAO ゲーミングUSBマイク,mic,—,,,,,9343
mic-srch-0381,Samnuerly USBマイク,mic,—,,,,,14129
mic-srch-0426,RTDHO USBデスクトップマイク,mic,—,,,,,1828
mic-srch-0449,USBマイク USB会議スピーカー 360°全方向スピーカーフォンマイク オンライン会議 ゲーム …,mic,—,,,,,2719
mic-srch-0636,NGS MS120 USBカーディオイドUSBマイク ストリーミング/ポッドキャスト/ゲーム用 レ…,mic,—,,,,,10026
mic-srch-0796,USBマイク 全指向性USBマイク ゲーム用 ノートパソコン PCマイク スイッチ付き,mic,—,,,,,978
mic-srch-0907,RVB USB Cardioid Microphoneコンピューター電話、光削減ノイズ、トランスミ…,mic,—,,,,,8085
mic-srch-0937,CANYON Lorgar Voicer 521 プロフェッショナル カーディオイド USB-C …,mic,—,,,,,14955
mic-srch-0991,V2 X USB コンデンサーマイク,mic,Razer,,,,,33204
mic-srch-1015,“2025 New Arrival・Technological Innovation” Zyrvo…,mic,—,,,,,2599
mic-strm-0004,Blue Yeti USBマイク,mic,Razer,,,,,34946
mic-strm-0011,GRAPHT Compact-Mic XLR Streamer Edition,mic,GRAPHT,,,,,21940
mic-strm-0012,【2025 New Release・Enhanced Sound Quality】BILIWAL …,mic,BILIWAL,,,,,3680
mic-strm-0013,QuadCast2,mic,HyperX,,,,,22800
mic-strm-0014,QuadCast2S,mic,FIFINE,,,,,29716
mic-strm-0027,QuadCast2S,mic,HyperX,,,,,29716
mic-strm-0031,AM8TW XLR/USB Gaming Microphone Set for Streaming…,mic,FIFINE,,,,,11199
mic-strm-0032,FlipCast Dynamic Microphone XLR/USB Dual Connecti…,mic,HyperX,,,,,31980
mic-strm-0033,"XLR/USB Gaming Microphone Set for Streaming, Podc…",mic,サンワサプライ,,,,,11199
mic-strm-0039,FIFINE USB/XLRダイナミックマイク AM8TP,mic,FIFINE,,,,,11199
mic-strm-0042,Seiren V3 Chroma,mic,Razer,,,,,21980
mic-strm-0047,MAONO PD200X,mic,MAONO,,,,,12699
mic-strm-0050,Alias Pro,mic,SteelSeries,,,,,38495
mic-strm-0051,Snowball BM250W,mic,GRAPHT,,,,,14960
mic-strm-0055,Snowball BM250W,mic,Logicool G,,,,,
mic-strm-0057,Audio Technica AT2020USB+,mic,—,,,,,17000
mic-strm-0061,Elgato Wave: 3 - Premium USB Capacity - Microphon…,mic,—,,,,,20565
mic-strm-0062,NZXT CAPSULE BLACK Cardioid USB Microphone AP-WUM…,mic,—,,,,,
mic-strm-0069,NZXT CAPSULE BLACK,mic,—,,,,,
mic-strm-0070,Yeti GX,mic,Logicool G,,,,,28882
mic-strm-0071,Audio-Technica ATR2100x-USB USB Microphone for Te…,mic,—,,,,,28200
mic-strm-0074,AKG Pro Audio Ara,mic,Blue,,,,,11917
mic-strm-0077,Audio-Technica AT2020USB-XP,mic,—,,,,,28200
mic-strm-0078,Shure MOTIV MV88+ Stereo USB Microphone: Condense…,mic,—,,,,,40000
mic-strm-0081,FEELWORLD VM1,mic,—,,,,,11009
mic-strm-0088,SHURE MV88+ ステレオ USB マイクロホン,mic,—,,,,,23380
mic-strm-0089,USBコンピュータマイク ミュートボタンとRGB照明付き プラグアンドプレイマイク 会議 ゲーム …,mic,—,,,,,3575
mic-strm-0095,Blapsuro USBコンピュータマイク M8,mic,—,,,,,3575
mic-strm-0106,BRIBAT USBコンデンサーマイク,mic,—,,,,,8039
mic-strm-0113,JLab JBuds Talk USB-C マイク,mic,—,,,,,11255
mic-strm-0133,Adesso Xtream M1,mic,—,,,,,7654
mic-strm-0135,AVerMedia VERSATI go,mic,—,,,,,12523
mic-strm-0142,FIFINE K658 USBゲーミングダイナミックマイク,mic,FIFINE,,,,,18349
mic-strm-0162,JLab Epic Talk USB ゲーミングストリーミングマイク,mic,—,,,,,20908
mic-strm-0163,"WMT USB Microphone, Condenser Gaming Microphone f…",mic,—,,,,,13168
mic-strm-0166,MAILANGSHI 192kHz/32bitダイナミックマイク,mic,—,,,,,23330
mic-strm-0168,CHERRY UM 3.0 USB Microphone Podcast Streaming Ho…,mic,—,,,,,16449
mic-strm-0169,Yeti GX,mic,Logicool G,,,,,33353
mic-strm-0172,Thronmax MDrill One Pro 96kHz/24bit Multi-Directi…,mic,—,,,,,
mic-strm-0173,Movo WebMic-HD Webcam and Condenser Microphone - …,mic,—,,,,,12454
mic-strm-0180,Movo WebMic-HD,mic,—,,,,,12454
mic-strm-0182,RIG M100 HD Streaming Microphone - USB Microphone…,mic,—,,,,,22068
mic-strm-0186,RIG M100 HDストリーミングマイク,mic,—,,,,,22068
mic-strm-0194,ENDORFY Solum Voice S,mic,—,,,,,18340
mic-strm-0202,JARO J100-CB,mic,—,,,,,19266
mic-strm-0210,ASUS ROG Carnyx,mic,ASUS,,,,,
mic-strm-0211,Thronmax Mdrill Zero Plus 96kHz/24bit Multi-Direc…,mic,—,,,,,9000
mic-strm-0212,Blue Yeti,mic,Blue,,,,,34946
mic-cnd-001,USBコンデンサーマイク,mic,Amazonベーシック,,,,,3867
microphone-audio-technica-at2020,コンデンサーマイク ABS製 24bit/96kHz RGBライト 単一指向性 ノイズ低減 20,mic,audio-technica,,,,,2959
mic-cnd-005,UGREEN コンデンサーマイク,mic,UGREEN,,,,,2959
mic-cnd-006,QUANTUM STREAM,mic,JBL,,,,,7900
mic-cnd-007,HS-MC09UBK,mic,エレコム,,,,,1300
mic-cnd-010,AU-A04,mic,MAONO,,,,,7699
mic-cnd-011,AT4040,mic,オーディオテクニカ,,,,,39600
mic-cnd-012,マイク コンデンサーマイク PCマイク 単一指向性 エコー機能付き 会議用 ゲーム 実況 タブレ,mic,ZealSound,,,,,5287
mic-cnd-014,yddoll USB ゲーミングマイク,mic,—,,,,,2299
mic-cnd-015,ECM-TL3,mic,ソニー,,,,,1727
mic-cnd-016,MPM-2000U,mic,Marantz,,,,,7999
mic-cnd-017,K670,mic,FIFINE,,,,,3200
mic-cnd-018,AT2035,mic,オーディオテクニカ,,,,,19800
mic-cnd-019,ピンマイク 有線 マイク コンデンサーType-C端子 全指向性 スマホ/PC/タブレット対応,mic,—,,,,,558
mic-cnd-020,EasySing Mic Mini Duo,mic,JBL,,,,,27000
mic-cnd-021,MV88+,mic,SHURE,,,,,29750
mic-cnd-022,QUANTUM STREAM TALK,mic,JBL,,,,,6930
mic-cnd-023,YETI ORB,mic,Logicool G,,,,,7900
mic-cnd-024,USBマイク コンデンサーマイク 192kHz/24bit 16mm高感度 カーディオイド DS,mic,—,,,,,1804
mic-cnd-026,ECM-PCV80U,mic,ソニー,,,,,
microphone-rode-nt1-5th-gen,RODE NT1（第5世代）,mic,RODE (ロード),,,,,42060
mic-cnd2-001,PRO35,mic,オーディオテクニカ,,,,,13155
mic-cnd2-002,コンデンサーマイク USB 卓上 PC マイク 192kHz/24bit 録音 2段階ノイズキャ,mic,—,,,,,699
mic-cnd2-003,Profile USB,mic,Sennheiser,,,,,15445
mic-cnd2-004,GamerWave,mic,MAONO,,,,,7700
mic-cnd2-005,RGBライト PCマイク USB ゲーム マイク Windows MacOS スマホ PS4/P,mic,FerBuee,,,,,2000
mic-cnd2-006,Wave:3,mic,Elgato,,,,,28980
mic-cnd2-007,USB ゲーミングマイク *Phoneマイク コンデンサーマイクミュートボタン カーディオイド指,mic,Zealsound,,,,,9609
mic-cnd2-010,TM-250U,mic,TASCAM,,,,,7480
mic-cnd2-011,AT9901,mic,オーディオテクニカ,,,,,3400
mic-cnd2-014,Am7,mic,ZOOM,,,,,11490
mic-cnd2-015,ECM-999,mic,Superlux,,,,,5535
mic-cnd2-016,auriq01,mic,asmrlabo,,,,,42000
mic-cnd2-017,ワイヤレスピンマイク (3in1),mic,—,,,,,1399
mic-cnd2-018,SoloCast (ホワイト),mic,HyperX,,,,,
mic-cnd2-019,AT875R,mic,オーディオテクニカ,,,,,22222
mic-cnd2-020,クリップマイク ピンマイク マイクロフォン 長さ120mm ジャック 3.5mm φプラグ iP,mic,Rosebe,,,,,990
mic-dyn-001,K688CT,mic,FIFINE,,,,,12899
mic-dyn-002,AT2040,mic,audio-technica (オーディオテクニカ),,,,,13200
mic-dyn-003,SM7dB,mic,SHURE,,,,,75800
mic-dyn-005,SM7dB,mic,SHURE,,,,,75800
mic-dyn-007,JBL PartyBox Wireless Mic,mic,JBL,,,,,17700
mic-dyn-009,SHURE SM58SE,mic,SHURE,,,,,16010
mic-dyn-010,PD200XS,mic,SHURE,,,,,13980
mic-dyn-014,MAONO PD200XS,mic,MAONO,,,,,13980
mic-dyn-017,BETA 58A,mic,SHURE,,,,,21700
mic-dyn-021,e 945,mic,Sennheiser,,,,,22500
mic-dyn-024,e 935,mic,Sennheiser,,,,,22600
mic-dyn2-053,Seiren V2 Pro,mic,SHURE,,,,,18359
mic-dyn2-055,e 845-S,mic,Sennheiser,,,,,14864
mic-dyn2-056,TOA DM-1200ハンド型ダイナミックマイク DM-1200,mic,AKG,,,,,12706
mic-dyn2-059,PodMic,mic,RODE,,,,,18000
mic-dyn2-061,TOA DM-1200ハンド型ダイナミックマイク DM-1200,mic,—,,,,,12706
mic-dyn2-074,PRO41,mic,オーディオテクニカ,,,,,8254
mic-dyn2-075,CM5,mic,CLASSIC PRO,,,,,2950
mic-dyn2-076,XM1800S,mic,BEHRINGER,,,,,6889
mic-dyn2-079,Seiren V2 Pro,mic,Razer,,,,,18359
mic-dyn-nr-01,USB/XLR ダイナミックマイク,mic,—,,,,,8800
mic-dyn-nr-04,AC-930,mic,CAROL,,,,,17590
mon-bs-001,EVC-1506S モバイルモニター,monitor,EVICIV,,,,,7976
mon-bs-002,KEEPTIMEモバイルモニター 15.6インチ,monitor,KEEPTIME,,,,,8990
mon-bs-003,H24V27,monitor,KTC,,,,,10980
mon-bs-004,S2725DC,monitor,Dell,,,,,32800
mon-bs-006,PRO MP2412,monitor,MSI,,,,,17328
mon-bs-007,EX-A241DB,monitor,IO DATA,,,,,14800
mon-bs-008,SE2425H,monitor,Dell,,,,,11800
mon-bs-009,27SQ750S-W,monitor,LG,,,,,39800
mon-bs-011,AMZG34C8 Pro,monitor,Amzfast,,,,,36980
mon-bs-012,EX-GDQ271UEL,monitor,IODATA,,,,,77800
mon-bs-013,H25T7,monitor,KTC,,,,,15980
mon-bs-018,VG259Q5A,monitor,ASUS,,,,,16980
mon-bs-019,MAG 244F,monitor,MSI,,,,,22800
mon-bs-020,GW2790,monitor,BenQ,,,,,19800
mon-bs-021,BenQ GW2790,monitor,UPERFECT,,,,,15880
mon-bs-024,EX-LD2381DB,monitor,IO DATA,,,,,13980
mon-bs-026,G2724D,monitor,Dell,,,,,32800
mon-bs-027,27N1A,monitor,KOORUI,,,,,13980
mon-bs-029,JN-IPS238FHDR-C65W,monitor,JAPANNEXT,,,,,17980
mon-bs-031,G272QPF E2,monitor,MSI,,,,,29800
mon-bs-033,VP229HE,monitor,ASUS,,,,,9980
mon-bs-037,RLD-27FHD-B,monitor,IRIS OHYAMA,,,,,13800
mon-bs-039,MFG24F1,monitor,Minifire,,,,,11999
mon-bs-040,241E1D/11,monitor,PHILIPS,,,,,13800
mon-bs-041,A27i,monitor,Xiaomi,,,,,13980
mon-bs-044,L24i-40,monitor,Lenovo,,,,,12800
mon-bs-047,AW2725Q,monitor,Dell,,,,,74580
mon-bs-048,Pixio モバイルモニター PX160Wave,monitor,cocopar,,,,,12595
mon-bs-049,IODATA GigaCrysta EX-GD242UDB,monitor,IODATA,,,,,21800
mon-bs-050,Amazonベーシック 23.8インチ モニター,monitor,Amazonベーシック,,,,,11615
mon-bs2-046,EX2710S,monitor,BenQ,,,,,29800
mon-bs2-047,EV2795-BK,monitor,EIZO,,,,,88000
mon-bs2-048,M24f,monitor,HP,,,,,15800
mon-bs2-049,Amazon Basics 27 Inch Monito,monitor,Amazon Basics,,,,,13980
mon-bs2-050,MFG25X1,monitor,Minifire,,,,,17999
mon-pg-001,45GX950A-B,monitor,LG,,,,,251791
mon-pg-002,39GX950B-B,monitor,LG,,,,,269800
mon-pg-003,45GX950B-B,monitor,LG,,,,,286414
mon-pg-004,H27T22C-3,monitor,KTC,,,,,35571
mon-pg-005,XV275KP3biipruzx,monitor,Acer,,,,,70580
mon-pg-006,XUNDEFINED 49インチ 湾曲ゲーミングモニター 165Hz ウルトラワイドモニター 5K DQHD 5120x1440 曲面 デ…,monitor,—,,,,,99999
mon-pg-007,X27Ubmiipruzx,monitor,Acer,,,,,75000
mon-pg-008,CRUA 44.5インチ ウルトラワイドゲーミングモニター,monitor,CRUA,,,,,79999
mon-pg-009,CRUA 49インチ ウルトラワイドモニター,monitor,CRUA,,,,,79999
mon-pg-010,XF273UXbmiiprx,monitor,Acer,,,,,32808
mon-pg-011,M27P6,monitor,KTC,,,,,71980
mon-pg-012,27M2V,monitor,INNOCN,,,,,71990
mon-pg-013,CRUA 27インチ 4K ゲーミングモニター,monitor,CRUA,,,,,37999
mon-pg-014,CRUA 32インチ 4K 160Hz 湾曲ゲーミングモニター,monitor,—,,,,,37048
mon-pg-015,JN-i27G165U,monitor,JAPANNEXT,,,,,38980
mon-pg-017,32GX850A-B,monitor,LG,,,,,104800
mon-pg-019,H27F7,monitor,KTC,,,,,19980
mon-pg-020,H25T7-3,monitor,KTC,,,,,17980
mon-pg-021,H24F7,monitor,KTC,,,,,17980
mon-pg-022,H32C5,monitor,KTC,,,,,26980
mon-pg-023,EX-GD251UH,monitor,IODATA,,,,,17891
mon-pg-025,MGM25IC04-F240,monitor,MAXZEN,,,,,12980
mon-nr-001,S2425HSM,monitor,Dell,,,,,19980
mon-nr-002,SE2225HM,monitor,Dell,,,,,10980
mon-nr-003,IODATA GigaCrysta EX-GD243UDB,monitor,IO DATA,,,,,21800
mon-nr-004,LG モニター27U711B-B 27インチ/4K/IPS/約10.7億色表示(8bit+FRC)/DCI-P3 90%/HDR,monitor,—,,,,,37900
mon-nr-005,LG ゲーミング 24G414B-B,monitor,—,,,,,17163
mon-nr-006,S3425DW,monitor,Dell,,,,,64980
mon-nr-007,34U640B-BAJP,monitor,LG,,,,,63800
mon-nr-008,MAG 274QF,monitor,MSI,,,,,31800
mon-nr-009,NK-16H,monitor,—,,,,,20999
mon-nr-010,AW2525HM 24.5インチ Alienware,monitor,Dell,,,,,28686
mon-nr-011,CRUA 28型 4K+ モニター,monitor,CRUA,,,,,22999
mon-nr-012,JN-i27G120U,monitor,JAPANNEXT,,,,,33980
mon-nr-013,KOORUI モニター 27インチ E2712K,monitor,KOORUI,,,,,14800
mon-nr-014,AW3426DW,monitor,Dell,,,,,130980
mon-nr-015,KIMOCA 7インチ モバイルモニター,monitor,KIMOCA,,,,,6251
mon-nr-017,H24F7,monitor,—,,,,,16980
mon-nr-018,24インチ 144Hz ゲーミングE2412K,monitor,KOORUI,,,,,13980
mon-nr-019,Acer モバイルモニター PM141Wbmiuux,monitor,Acer,,,,,13999
mon-nr-021,Lenovo ゲーミングモニター LOQ 27Q-10,monitor,Lenovo,,,,,19800
mon-nr-022,Acer Nitro 16型 モバイルモニター,monitor,Acer,,,,,19999
mon-nr-023,InnoView 18.5型 モバイルモニター,monitor,InnoView,,,,,25999
mon-nr-024,INNOCN 34C1R 34インチ ウルトラワイドモニター,monitor,—,,,,,87980
mon-nr-025,Upperizon 14型 モバイルモニター,monitor,Upperizon,,,,,16999
mon-nr-026,"AOC ゲーミング 27インチ, QHD/2560x1440@180Hz, 応答速度0.5ms(",monitor,—,,,,,18909
mon-nr-027,JAPANNEXT 50インチ,monitor,JAPANNEXT,,,,,59980
mon-nr-028,LG ゲーミング モニター 32G620B-B,monitor,—,,,,,40200
mon-nr2-001,EVC-160U,monitor,EVICIV,,,,,11980
mon-nr2-002,Mini LED 27型 ゲーミングモニター,monitor,KOORUI,,,,,35800
mon-nr2-003,JN-IPS34G165UQ2,monitor,JAPANNEXT,,,,,43618
mon-nr2-004,ZenScreen MB16FC-J,monitor,ASUS,,,,,23616
mon-nr2-005,VisionOwl　Y-14QH,monitor,—,,,,,17980
mon-nr2-007,EX-GD252UHW,monitor,KOORUI,,,,,17980
mon-nr2-008,G2412V,monitor,KOORUI,,,,,12980
mon-nr2-009,G2421V,monitor,KOORUI,,,,,22800
mon-nr2-010,YELPLION 10.5型 モバイルモニター,monitor,YELPLION,,,,,7450
mon-nr2-011,LivElect 18.5型 モバイルモニター,monitor,LivElect,,,,,18999
mon-nr2-013,XUNDEFINED 21.5型 モニター,monitor,XUNDEFINED,,,,,11980
mon-nr2-014,LivElect 15.6インチ デュアルモバイルモニター P7pro,monitor,—,,,,,35998
mon-nr2-017,JN-i27G180Q-ARM-MK,monitor,JAPANNEXT,,,,,29979
mon-nr2-018,P2426HE,monitor,Dell,,,,,34100
mon-nr2-019,ASTEX 40型 スマートモニター,monitor,ASTEX,,,,,29980
mon-nr2-020,U3226QER,monitor,Dell,,,,,122800
mon-nr2-021,iiyama ProLite 27型 モニター (XB2797QSN-B1J),monitor,iiyama,,,,,28930
mon-nr2-022,Newsoul 15.6型 タッチモバイルモニター,monitor,Newsoul,,,,,24999
mon-nr2-024,Laptomo トリプルモバイルモニター,monitor,Laptomo,,,,,43998
mon-nr2-025,JN-IPS32FW-M,monitor,JAPANNEXT,,,,,22255
mon-nr2-026,JN-MD-IPST101WHD,monitor,JAPANNEXT,,,,,19982
mon-nr2-027,JN-MD-iE133F-T,monitor,JAPANNEXT,,,,,20979
mon-nr2-028,JN-IPS215FNS,monitor,JAPANNEXT,,,,,13480
mon-nr2-029,JN-IPS238Q-HSPC6-W,monitor,JAPANNEXT,,,,,26345
mon-nr2-030,Thinlerain 19型 モニター,monitor,Thinlerain,,,,,9999
mon-gift-002,FeuVision モニター 24インチ,monitor,FeuVision,,,,,10980
mon-gift-003,PX248Wave,monitor,Pixio,,,,,26980
mon-gift-004,アイリスオーヤマ モニター 21インチDT-IF215S-B,monitor,—,,,,,11980
mon-gift-007,DKS-4K43DG6,monitor,DMM.make,,,,,40000
mon-gift-008,15.6型 デュアルモバイルモニター,monitor,UPERFECT,,,,,27528
mon-gift-009,EX-D242SA-F,monitor,IODATA,,,,,17980
mon-gift-011,EX-U431DX,monitor,IODATA,,,,,48800
mon-gift-013,Pixio ゲーミングモニター PX24QPro,monitor,KTC,,,,,16980
mon-gift-016,23.8型 240Hz ゲーミングモニター,monitor,cocopar,,,,,19999
mon-gift-020,EX-YC162H,monitor,IODATA,,,,,19980
mon-gift-021,G27i,monitor,Xiaomi,,,,,17980
mon-gift-027,27型 USB-C モニター,monitor,Minifire,,,,,15999
mon-gift-028,EX251,monitor,BenQ,,,,,23305
mon-gift-030,Minifire 24インチ USB-C 120Hz モニター,monitor,Minifire,,,,,12999
mon-s22120-002,VG250Q3bmiipx 24.5型,monitor,Acer,,,,,11990
mon-s22120-003,FSID24BF1AE 23.8型,monitor,FeuVision,,,,,18480
mon-s22120-007,PHILIPS 液晶ディスプレイ 23.8インチ,monitor,PHILIPS,,,,,12800
mon-s22120-008,ASUS VA249QGS,monitor,ASUS,,,,,17480
mon-s22120-009,MSI PRO MP251W E2,monitor,MSI,,,,,17800
mon-s22120-010,22インチ PC 120Hz 1ms(OD) フルHD 1080P VAパネル非光沢 DCI-P,monitor,—,,,,,14980
mon-s22120-011,23.8型 モバイルモニター,monitor,MAGICRAVEN,,,,,46999
mon-s22120-012,iiyama ProLite XB2492HSU-B1J,monitor,iiyama,,,,,17980
mon-s22120-013,LCD PC (23.8 Inches / IPS / FHD / 120Hz / 1ms /,monitor,PHILIPS,,,,,11480
mon-s22120-014,"ProLite X2492HSU-B1J Display, 23.8-Inch, Full HD",monitor,iiyama,,,,,14578
mon-s22120-015,"JN-IPS238G120F-C6 23.8"" | IPS panel, 120 Hz comp",monitor,JAPANNEXT,,,,,18980
mon-s22120-016,GW2490P 23.8インチ フルHD IPS 120Hz アイケア | ノングレア ブルーラ,monitor,BenQ,,,,,23619
mon-s22120-017,"23.8"" White Color LCD JN-238IPS120F-HSPC6-W | IP",monitor,JAPANNEXT,,,,,19073
mon-s22120-018,"PX246Wave Blue 24"" 120hz FHD IPS HDMI Blue Pixio",monitor,Pixio,,,,,18980
mon-s22120-019,XUNDEFINED 21.5インチ pcモニター,monitor,XUNDEFINED,,,,,9980
mon-s22120-020,Acer AlphaLine EK241YGbmix,monitor,Acer,,,,,12980
mon-s22120-023,PHILIPS 24B2U3601/11,monitor,PHILIPS,,,,,34141
mon-s22120-025,EVICIV QLED モバイルモニター 23.8インチ 144Hz,monitor,EVICIV,,,,,25879
mon-s22120-026,21.5-inch PC 120Hz Full HD Non-glare Adaptive Sy,monitor,Minifire,,,,,10999
mon-s22120-027,24B2U3301/11,monitor,PHILIPS,,,,,29970
mon-s22120-028,UPERFECT 23.8インチ 120Hzモバイルモニター,monitor,UPERFECT,,,,,37793
mon-s22120-029,Pixio ゲーミングモニター PX246WAVE,monitor,Pixio,,,,,16640
mon-s22120-030,"VA249QGZ 23.8"" Full HD (1920x1080) IPS",monitor,ASUS,,,,,13200
mon-s22120-031,Acer Nitro QG241YGbmipx,monitor,Acer,,,,,14990
mon-s22120-033,Vimonic モバイルモニター VI238MT01-S,monitor,Mobile,,,,,24586
mon-s22120-034,CL25FFA MN1431,monitor,ASRock,,,,,13111
mon-s22120-035,Vimonic モバイルモニター 238T02-S,monitor,Mobile,,,,,37980
mon-s22120-036,Pixio PX246WAVE,monitor,Pixio,,,,,18980
mon-s22120-038,Pixio PX246WAVE,monitor,Pixio,,,,,20480
mon-s22120-040,JAPANNEXT JN-IPS238G120F-W,monitor,JAPANNEXT,,,,,15800
mon-s22120-041,"P2426 24.1-inch / 1920 x 1200 / HDMI, DisplayPor",monitor,Dell,,,,,29149
mon-s22120-042,LG Monitor 24BF410B-B,monitor,LG,,,,,16990
mon-s22120-043,Pixio PX246 Wave,monitor,Pixio,,,,,20480
mon-s22120-044,U2424H,monitor,Dell,,,,,34589
mon-s22120-045,Pixio PX246 Wave,monitor,Pixio,,,,,20480
mon-s22120-046,Dell 液晶ディスプレイ U2424HE,monitor,Dell,,,,,44678
mon-s22120-047,OmegaLine B247YUbmiipprx,monitor,Acer,,,,,24980
mon-s22120-048,120Hz/0,monitor,JAPANNEXT,,,,,15282
mon-s22120-049,"GH-LCW24V-BK 23.8-inch Wide , Full HD, 120 Hz, W",monitor,Greenhouse,,,,,18272
mon-s22120-050,23.8型 モバイルモニター,monitor,—,,,,,25900
mon-s22120-051,120Hz/0,monitor,JAPANNEXT,,,,,15282
mon-s22120-052,22-Inch Computer FHD 120Hz Overclocking IPS VESA,monitor,PHILIPS,,,,,16433
mon-s22120-053,U2424H,monitor,Dell,,,,,39999
mon-s22120-054,"PX246 Wave Pastel Pink 23.8"" FHD 120Hz IPS Paste",monitor,Pixio,,,,,20480
mon-s22120-055,P2426H,monitor,Dell,,,,,30399
mon-s22120-056,U2424HE,monitor,Dell,,,,,42299
mon-s22120-057,PRO MP252,monitor,MSI,,,,,19800
mon-s22120-058,PRO MP251,monitor,MSI,,,,,23718
mon-s22120-059,Acer KA242Y G0bi,monitor,Acer,,,,,19224
mon-s22120-060,ASUS VA249QGSE,monitor,ASUS,,,,,74280
mon-s22120-061,Acer SB223Q J0bi,monitor,Acer,,,,,16185
mon-s22120-062,P2426E,monitor,Dell,,,,,49999
mon-s22120-063,AOC 24B35H3,monitor,AOC,,,,,17980
mon-s22120-064,Philips 24E2N2100,monitor,PHILIPS,,,,,19096
mon-s22120-065,GH-LCW24VH-BK 23.8-inch Wide,monitor,Greenhouse,,,,,19735
mon-s22120-066,LS24F320GANXZA,monitor,—,,,,,28120
mon-s22120-067,ASUS VA249HG,monitor,ASUS,,,,,24480
mon-s22120-068,ASUS BE249CGN,monitor,ASUS,,,,,42553
mon-s22120-069,JAPANNEXT JN-IPS238G120F-PP,monitor,JAPANNEXT,,,,,16980
mon-s22120-070,Gawfolk 24.5インチ ゲーミングカーブモニター,monitor,Gawfolk,,,,,19460
mon-s22120-072,"24U411A-B 24"" Full HD (1920x1080) IPS Computer 1",monitor,LG,,,,,24306
mon-s22120-074,Acer Vero V247Y G,monitor,Acer,,,,,24366
mon-s22120-075,ASUS BE249QG-R,monitor,ASUS,,,,,35332
mon-s22120-077,SKitphrati 23.8インチ 1080P IPS 120Hz モニター,monitor,SKitphrati,,,,,30306
mon-s22120-078,ASRock CL25FFA,monitor,ASRock,,,,,24478
mon-s22120-079,ASUS VA24EHF2,monitor,ASUS,,,,,33035
mon-s22120-080,ASUS VA249QGS,monitor,ASUS,,,,,44671
mon-s22120-081,SANSUI 22インチ 120Hzモニター,monitor,SANSUI,,,,,25812
mon-s22120-082,GTek 22インチゲーミングモニター,monitor,GTek,,,,,26445
mon-s22120-083,U2424H,monitor,Dell,,,,,70984
mon-s22120-084,ArcticPro 24インチ 120Hz モニター　AD24ZF1,monitor,ArcticPro,,,,,25313
mon-s22120-085,ArcticPro 24インチ ゲーミングモニター　AD24EF4Y,monitor,—,,,,,24929
mon-s22120-086,Vero V247Y G 61 cm Class LCD,monitor,Acer,,,,,33561
mon-s22120-087,ASUS VY249HGR,monitor,ASUS,,,,,27770
mon-s22120-088,ASUS TUF Gaming VG249QL3A,monitor,ASUS,,,,,36522
mon-s22120-089,ViewSonic VA2456A-MHD,monitor,ViewSonic,,,,,32730
mon-s22120-090,ZZA 24.5インチ 120Hz カーブゲーミングモニター,monitor,ZZA,,,,,26731
mon-s22120-091,Acer SB240Y G0bi,monitor,Acer,,,,,30172
mon-s22120-092,ASUS VA249QGS 24インチ 1080P,monitor,ASUS,,,,,44918
mon-s22120-093,P2426H,monitor,Dell,,,,,53952
mon-s22120-094,Acer 24インチ FHD IPSモニター,monitor,Acer,,,,,36997
mon-s22120-095,Vero CB242Y G 24インチ クラス LCD - 16:9 - ブラック,monitor,Acer,,,,,30338
mon-s22120-097,ViewSonic VX2416A,monitor,ViewSonic,,,,,32444
mon-s22120-098,Acer Vero CB242Y G,monitor,Acer,,,,,36980
mon-s22120-099,ViewSonic VP2456A,monitor,ViewSonic,,,,,58156
mon-s22120-100,"PX246 Wave Blue 24"" 120Hz Refresh Rate FHD 1080p",monitor,Pixio,,,,,38843
mon-s22120-101,T24-40,monitor,Lenovo,,,,,61721
mon-s22120-103,"PRO MP242PMG 24"" IPS 1920 x 1080 (FHD) Computer",monitor,MSI,,,,,68341
mon-s22120-104,Dell UltraSharp U2424H モニター,monitor,Dell,,,,,68732
mon-s22120-105,"24.5"" CL25FFA 16:9 HDMI/VGA 120Hz FHD",monitor,ASRock,,,,,56763
mon-s22120-106,"PRO MP272PMG 24"" IPS 1920 x 1080 (FHD) Computer",monitor,MSI,,,,,78525
mon-s22120-107,"VA2456A-MHD_H2 24"" 120Hz Dual Business w/o Stand",monitor,ViewSonic,,,,,57660
mon-s22120-108,Pixio PX246 Wave ウェーブパープル,monitor,Pixio,,,,,54807
mon-s22120-109,Pixio PX246 Wave ベージュ,monitor,Pixio,,,,,41692
mon-s22120-110,V247YU BMIIPX 24 LED LCD MON 25X14 16:9,monitor,Acer,,,,,56423
mon-s22120-112,P24QD-40,monitor,Lenovo,,,,,81713
mon-s22120-114,T24-40,monitor,—,,,,,51148
mon-s22120-115,"24B31H - 24"" Full HD , 120Hz, Adaptive Image Syn",monitor,AOC,,,,,73472
mon-s22120-117,U2424H,monitor,Dell,,,,,33895
mon-s22120-118,23.8型 モバイルモニター,monitor,MESWAO,,,,,58700
mon-lg-011,32UD60-B,monitor,LG,,,,,29800
mon-lg-012,24GM79G-B,monitor,LG,,,,,29800
mon-asus-003,XG259CMS,monitor,ASUS,,,,,36800
mon-asus-004,ASUS 4K モニター ProArt PA279CRV-J,monitor,ASUS,,,,,65800
mon-asus-005,ASUS Eye Care VA329HE-J,monitor,ASUS,,,,,24280
mon-asus-006,ASUS TUF Gaming VG34VQL3A,monitor,ASUS,,,,,46000
mon-asus-007,ASUS ROG Strix OLED XG27AQDMES-J,monitor,ASUS,,,,,73535
mon-asus-009,ASUS 有機EL ゲーミングモニター ROG Strix OLED XG27AQDMG (26.5イン,monitor,ASUS,,,,,68000
mon-asus-011,PA278CV,monitor,ASUS,,,,,49209
mon-asus-013,PG27AQWP-G,monitor,ASUS,,,,,220469
mon-asus-014,ASUS ゲーミングモニター/TUF Gaming シリーズ 5 -VG249QML5A,monitor,ASUS,,,,,24364
mon-asus-015,ASUS ROG Swift OLED PG27UCDM,monitor,ASUS,,,,,178000
mon-asus-016,ASUS 6K モニター ProArt PA32QCV,monitor,ASUS,,,,,163455
mon-asus-017,MB16AHV,monitor,ASUS,,,,,25800
mon-asus-019,MB166CR-J,monitor,ASUS,,,,,19800
mon-asus-021,ASUSモニター / VA27UCPS,monitor,ASUS,,,,,45800
mon-asus-022,VA279QGZ [27-inch],monitor,ASUS,,,,,16470
mon-dell-001,P2219H,monitor,Dell,,,,,29800
mon-dell-010,Dell 液晶ディスプレイ E2425HSM,monitor,Dell,,,,,15598
mon-dell-011,Dell Alienware AW3426DWM　曲面,monitor,Dell,,,,,54980
mon-dell-012,Dell AW3225DM-A 31.5インチ 曲面,monitor,Dell,,,,,34980
mon-dell-014,Dell 液晶ディスプレイ E2425HM,monitor,Dell,,,,,13370
mon-dell-015,Dell 液晶ディスプレイ U3225QE,monitor,Dell,,,,,128960
mon-dell-017,Dell AW2726DM 26.5インチ,monitor,Dell,,,,,64980
mon-dell-018,Dell 液晶ディスプレイ E2225HSM,monitor,Dell,,,,,13267
mon-dell-019,Dell 液晶ディスプレイ U2725QE,monitor,Dell,,,,,92980
mon-dell-021,Dell 23.8インチタッチモニター P2424HT,monitor,Dell,,,,,46999
mon-dell-022,Dell 液晶ディスプレイ E2225HM,monitor,Dell,,,,,11366
mon-dell-023,DELL-P2425HE,monitor,Dell,,,,,37598
mon-philips-003,PHILIPS EVNIA　27M2N3500NL/11,monitor,PHILIPS,,,,,20707
mon-philips-004,PHILIPS 27E1N5500B/11,monitor,PHILIPS,,,,,24400
mon-philips-006,PHILIPS 27インチモニター 27E1N1800A/11,monitor,PHILIPS,,,,,26980
mon-philips-007,PHILIPS 34B2U3600C/11,monitor,PHILIPS,,,,,54930
mon-philips-008,PHILIPS モニターディスプレイ 271V8L/11,monitor,PHILIPS,,,,,13675
mon-philips-009,PHILIPS 221S9A/11,monitor,PHILIPS,,,,,9900
mon-philips-010,Philips　243B9/11,monitor,PHILIPS,,,,,16980
mon-philips-011,PHILIPS ウルトラワイドディスプレイ(44.5インチ　45B1U6900CH/11,monitor,PHILIPS,,,,,126645
mon-philips-012,Philips(フィリップス) 27インチ ゲーミングモニター27E2G5600W/11,monitor,PHILIPS,,,,,26557
mon-philips-013,PHILIPS 241S9A/11,monitor,PHILIPS,,,,,11960
mon-philips-017,PHILIPS 346B1C/11,monitor,PHILIPS,,,,,49800
mon-philips-018,PHILIPS 272S1AE/11,monitor,PHILIPS,,,,,16980
mon-philips-019,PHILIPS 32E1N1800LA/11,monitor,PHILIPS,,,,,35475
mon-philips-020,PHILIPS 32B1U3900/11,monitor,PHILIPS,,,,,53334
mon-philips-021,PHILIPSポータブルディスプレイ 16B1P3320/11,monitor,PHILIPS,,,,,16980
mon-philips-024,PHILIPS４K液晶 27B1U3900/11,monitor,PHILIPS,,,,,42222
mon-lenovo-001,Lenovo L24-41,monitor,Lenovo,,,,,11880
mon-lenovo-005,Lenovo ThinkVision C24-40,monitor,Lenovo,,,,,15051
mon-lenovo-008,Lenovo ゲーミングモニター R25f-30,monitor,Lenovo,,,,,18300
mon-lenovo-010,Lenovo G25-20 ゲーミングモニター,monitor,Lenovo,,,,,22000
mon-lenovo-011,Lenovo R25i-30 モニター,monitor,Lenovo,,,,,25300
mon-lenovo-012,Lenovo L24-4e モニター,monitor,Lenovo,,,,,21208
mon-lenovo-013,Lenovo ThinkVision P24QD-40,monitor,Lenovo,,,,,54706
mon-lenovo-015,Lenovo Legion Y25g-30,monitor,Lenovo,,,,,31800
mon-lenovo-016,Lenovo ThinkVision T23i-30,monitor,Lenovo,,,,,23945
mon-lenovo-017,Lenovo ThinkVision T24-40,monitor,Lenovo,,,,,33000
mon-lenovo-018,ThinkVision T24d-10 61B4MAR1JP,monitor,Lenovo,,,,,27500
mon-lenovo-019,Lenovo ThinkVision T24i-30,monitor,—,,,,,34389
mon-lenovo-020,Lenovo ThinkVision S24e-20,monitor,Lenovo,,,,,38006
mon-lenovo-021,D24-20 23.6インチ VA FHD VGA/HDMI 60Hz 1ms LCD,monitor,Lenovo,,,,,38045
mon-lenovo-022,ThinkVision S24-4e 23.8インチモニター。,monitor,—,,,,,32912
mon-lenovo-023,ThinkVision E24-30 24インチ FHD LED,monitor,Lenovo,,,,,44292
mon-lenovo-024,Lenovo R25i-30 モニター,monitor,Lenovo,,,,,33409
mon-lenovo-025,Lenovo ThinkVision T23i-20,monitor,Lenovo,,,,,41327
mon-lenovo-026,Lenovo ThinkVision S24e-20,monitor,Lenovo,,,,,41508
mon-lenovo-027,Lenovo ThinkVision E24-30,monitor,Lenovo,,,,,47747
mon-lenovo-029,Lenovo Legion R24e,monitor,Lenovo,,,,,47263
mon-lenovo-030,Lenovo ThinkVision T24t-20,monitor,Lenovo,,,,,51279
mon-lenovo-031,Lenovo ゲーミング モニター G24e-20,monitor,Lenovo,,,,,19000
mon-lenovo-032,Lenovo ThinkVision S24e-20,monitor,Lenovo,,,,,32800
mon-lenovo-033,Lenovo ThinkVision E24q-30,monitor,Lenovo,,,,,23618
mon-lenovo-034,Lenovo Q24h-10 (66A8GCC6US),monitor,Lenovo,,,,,59968
mon-lenovo-036,Lenovo ThinkVision P24q-30,monitor,Lenovo,,,,,49705
mon-lenovo-037,Lenovo ThinkVision T24i-2L,monitor,Lenovo,,,,,55520
mon-lenovo-038,Lenovo ThinkVision T22i-30,monitor,Lenovo,,,,,49525
mon-lenovo-039,Lenovo ThinkVision S24e-20,monitor,Lenovo,,,,,48353
mon-lenovo-041,Lenovo ThinkVision 24インチ (Ergoflexyアームセット,monitor,Lenovo,,,,,62890
mon-lenovo-042,Lenovo ThinkVision T24i-30,monitor,Lenovo,,,,,48234
mon-lenovo-043,Lenovo ThinkVision T23i-30,monitor,Lenovo,,,,,46501
mon-lenovo-044,Lenovo ThinkVision S24-4e,monitor,Lenovo,,,,,54151
mon-lenovo-045,ThinkVision P24H-30 23.8インチ IPS 2560×1440 HDMI D,monitor,Lenovo,,,,,82671
mon-lenovo-046,T24-40,monitor,Lenovo,,,,,69047
mon-lenovo-p2-033,Lenovo ThinkVision T24t-20,monitor,Lenovo,,,,,102172
mon-lenovo-p2-035,Lenovo ThinkVision P24h-2L,monitor,Lenovo,,,,,121013
mon-lenovo-p2-038,Lenovo ThinkVision T24t-20,monitor,Lenovo,,,,,19980
mon-lenovo-26-002,Lenovo Legion 27Q-15,monitor,Lenovo,,,,,25800
mon-lenovo-26-003,Lenovo L27-41,monitor,Lenovo,,,,,12980
mon-lenovo-26-004,Lenovo Legion Pro 27Q-15,monitor,Lenovo,,,,,56800
mon-lenovo-26-005,Legion R27s,monitor,Lenovo,,,,,15800
mon-lenovo-26-006,Lenovo ThinkVision T32p-30,monitor,Lenovo,,,,,55931
mon-lenovo-26-007,Lenovo Y27f-30 モニター,monitor,Lenovo,,,,,22190
mon-lenovo-26-008,Lenovo L32p-30,monitor,Lenovo,,,,,44980
mon-lenovo-26-010,Lenovo ゲーミングモニター R27i-30,monitor,Lenovo,,,,,23998
mon-lenovo-26-011,Lenovo ゲーミングモニター Legion 27U-15,monitor,Lenovo,,,,,42800
mon-lenovo-26-012,Lenovo ゲーミングモニター R27q-30,monitor,Lenovo,,,,,35354
mon-lenovo-26-013,Lenovo ThinkVision E27q-40,monitor,Lenovo,,,,,31790
mon-lenovo-26-014,Lenovo L27-4e モニター,monitor,Lenovo,,,,,30391
mon-lenovo-26-016,27インチ フラット IPS FullHD ディスプレイ - 100Hz リフレッシュレート - 4ms 応答時間 - HDMI 1.4 - VGA - チルトスタンド,monitor,Lenovo,,,,,28427
mon-lenovo-26-019,Lenovo L27q-4a,monitor,Lenovo,,,,,47985
mon-lenovo-26-020,Lenovo Legion LOQ 32Q-10,monitor,Lenovo,,,,,44968
mon-lenovo-26-021,Lenovo ThinkVision P27q-30,monitor,Lenovo,,,,,97349
mon-lenovo-26-022,Japan ThinkVision P27u-20 62CBRAR6JP,monitor,Lenovo,,,,,102550
mon-lenovo-26-023,Lenovo Legion Y27h-30,monitor,Lenovo,,,,,52968
mon-lenovo-26-024,Lenovo L27h-4A,monitor,Lenovo,,,,,91192
mon-lenovo-26-025,Lenovo ThinkVision T34WD-40,monitor,Lenovo,,,,,85623
mon-lenovo-26-026,Lenovo ThinkVision T27-40,monitor,Lenovo,,,,,48925
mon-lenovo-26-027,Lenovo ThinkVision P27Q-40,monitor,—,,,,,88133
mon-lenovo-26-028,Lenovo Legion 27QD-10,monitor,Lenovo,,,,,57285
mon-lenovo-26-029,Lenovo Legion R27q-30,monitor,Lenovo,,,,,73099
mon-lenovo-26-031,Lenovo ThinkVision S27i-30,monitor,Lenovo,,,,,69095
mon-lenovo-26-032,Lenovo L27q-4A モニター,monitor,Lenovo,,,,,87593
mon-lenovo-26-034,Lenovo THINKVISION T22V,monitor,Lenovo,,,,,70167
mon-lenovo-26-035,Lenovo ThinkVision P27q-30,monitor,Lenovo,,,,,76673
mon-lenovo-26-036,Lenovo ThinkVision S27i-30,monitor,Lenovo,,,,,63777
mon-lenovo-26-037,Lenovo G27-20 ゲーミングモニター,monitor,Lenovo,,,,,78255
mon-lenovo-26-038,Lenovo ThinkVision T27i-30,monitor,Lenovo,,,,,61109
mon-lenovo-26-039,Lenovo Legion Y32p-30,monitor,Lenovo,,,,,130397
mon-lenovo-26-040,"ThinkVision S27q-10 27"" QHD LED Backlight",monitor,Lenovo,,,,,79354
mon-lenovo-26-041,Lenovo Legion Y27h-30,monitor,Lenovo,,,,,32800
mon-lenovo-26-042,ThinkVision T32p-20,monitor,Lenovo,,,,,106394
mon-lenovo-26-043,Lenovo Q27h-10,monitor,Lenovo,,,,,90412
mon-lenovo-26-044,27IN QHD THINKVISION P27H-28,monitor,Lenovo,,,,,85627
mon-lenovo-26-045,Lenovo Legion R27fc-30,monitor,Lenovo,,,,,25800
mon-lenovo-26-046,"ThinkVision P27u-20 - LED - 27"" (27"" Visible) - ",monitor,Lenovo,,,,,124519
mon-lenovo-26p2-001,"27"" QHD 2560X1440 3SIDE Near Edgeless Display",monitor,Lenovo,,,,,82809
mon-lenovo-26p2-002,Legion Y27q-30,monitor,Lenovo,,,,,87869
mon-lenovo-26p2-003,ThinkVision T27i-30 27 Full HD WLED LCD - 16:9 -,monitor,Lenovo,,,,,75410
mon-lenovo-26p2-004,"Legion Y27f-30 27"" FHD , 1920x1080, 0.5ms Respon",monitor,Lenovo,,,,,107707
mon-lenovo-26p2-005,"ThinkVision E29w-20 29"" UW-UXGA WLED LCD - 21:9",monitor,Lenovo,,,,,85086
mon-lenovo-26p2-006,27インチThinkVision E27q-20、2560x1440解像度、1000:1コントラ,monitor,Lenovo,,,,,115288
mon-lenovo-26p2-008,"ThinkVision P27QD-40 27"" Class WQHD LED - 16:9 -",monitor,Lenovo,,,,,97931
mon-lenovo-26p2-009,"Legion R27qc-30 27"" Class WQHD Curved Screen Gam",monitor,Lenovo,,,,,90271
mon-lenovo-26p2-010,63A4ZAR1US Thinkvision T27i-30 Mntr,monitor,Lenovo,,,,,90938
mon-lenovo-26p2-011,C19270QT1,monitor,Lenovo,,,,,86189
mon-lenovo-26p2-012,27 IPS QHD (2560X1440) ThinkVision,monitor,Lenovo,,,,,88393
mon-lenovo-26p2-014,"ThinkVision T27QD-40 27"" Class WQHD LED - 16:9 -",monitor,Lenovo,,,,,114370
mon-lenovo-26p2-015,ThinkVision T27h-30,monitor,Lenovo,,,,,111686
mon-lenovo-26p2-016,Legion R34w-30,monitor,Lenovo,,,,,123012
mon-lenovo-26p2-018,ThinkVision T27hv-30,monitor,Lenovo,,,,,123435
mon-lenovo-26p2-020,ThinkVision P27H-20,monitor,Lenovo,,,,,155960
mon-lenovo-26p2-021,Legion Pro 34WD-10,monitor,Lenovo,,,,,173380
mon-lenovo-26p2-022,"ThinkVision P32p-20 62A2GAR2US 31.5"" 4K UHD 2160",monitor,Lenovo,,,,,132935
mon-lenovo-26p2-023,ThinkVision T32p-30,monitor,Lenovo,,,,,135525
mon-lenovo-26p2-024,"ThinkVision P34WD-40 34"" Class UWQHD Curved Scre",monitor,Lenovo,,,,,176950
mon-lenovo-26p2-025,Y27g 27-Inch FHD LED-Lit 16:9 Curved Widescreen,monitor,Lenovo,,,,,211348
mon-lenovo-26p2-026,"ThinkVision P27u-20 with Asset Tag, 27"" UHD (384",monitor,Lenovo,,,,,182318
mon-lenovo-26p2-028,ThinkVision T34WD-40 (34インチ) WQHD HDMI/DP/USB-C/,monitor,Lenovo,,,,,257715
mon-lenovo-26p2-030,ThinkVision P32p-30 アセットタグ付き、31.5インチ UHD (3840x2,monitor,Lenovo,,,,,350792
mon-lenovo-26p2-031,"ThinkVision P40w-20 40"" 5K2K WUHD Curved Screen",monitor,Lenovo,,,,,327078
mon-lenovo-26p2-032,ThinkVision P32pz-30,monitor,—,,,,,355310
mon-lenovo-26p2-033,"ThinkVision T34w 30 34"" 4K UHD 2160p",monitor,Lenovo,,,,,331000
mon-lenovo-26p2-034,ThinkVision P34WD-40,monitor,Lenovo,,,,,404316
mon-lenovo-26p2-035,ThinkVision P32p-30 アセットタグ付き、31.5インチ UHD (3840x2,monitor,Lenovo,,,,,266330
mon-lenovo-26p2-036,"ThinkVision E27q-20 27"" WQHD WLED LCD - 16:9 - R",monitor,Lenovo,,,,,97535
mon-lenovo-26p2-037,"ThinkVision T32UD-40 32"" Class 4K UHD LED - 16:9",monitor,Lenovo,,,,,14980
mon-lenovo-26p2-038,"63D1RAR1US 31.5"" Thinkvision P32p-30 4k Mntr 95",monitor,Lenovo,,,,,80166
mon-lenovo-26p2-041,"ThinkVision P27h-30 27"" Class WQHD LED - 16:9 -",monitor,Lenovo,,,,,22016
mon-lenovo-1822-002,ThinkVision E22-30,monitor,Lenovo,,,,,16307
mon-lenovo-1822-005,ThinkVision E20-30,monitor,Lenovo,,,,,20535
mon-lenovo-1822-006,Lenovo L22-4e,monitor,Lenovo,,,,,19169
mon-lenovo-1822-009,"ThinkVision E22-30 22"" Class Full HD LED - 16:9",monitor,Lenovo,,,,,27195
mon-lenovo-1822-010,"L22e-40 - Everyday - 21.4"" FHD Display - 75Hz -",monitor,Lenovo,,,,,38609
mon-lenovo-1822-011,ThinkVision T22i-30,monitor,Lenovo,,,,,36982
mon-lenovo-1822-012,54.6cm/21.5inch (1920x1080) Lenovo ThinkVision T,monitor,—,,,,,44506
mon-lenovo-1822-013,ThinkVision T22i-30 21.5 Full HD WLED LCD - 16:9,monitor,Lenovo,,,,,43916
mon-lenovo-1822-016,Japan ThinkVision T22i-30 63B0MAR6JP,monitor,Lenovo,,,,,28767
mon-lenovo-1822-017,ThinkVision TIO22 Gen5,monitor,Lenovo,,,,,25219
mon-lenovo-1822-020,ThinkVision T22i-30 22インチクラスフルHD LED - 16:9 - レイ,monitor,Lenovo,,,,,39839
mon-lenovo-1822-022,"ThinkVision S22-4e 21.5""",monitor,—,,,,,44453
mon-lenovo-1822-024,"ThinkCentre Tiny-in-One 22 Gen 5 21.5"" 16:9 Full",monitor,Lenovo,,,,,83465
mon-lenovo-1822-025,20.1IN LCD 700:1 1600X1200 60HZ Thinkvision L201,monitor,—,,,,,96687
mon-lenovo-1822-027,"L22e-40 , 21.5"" Full HD Resolution, 250nits Brig",monitor,Lenovo,,,,,19169
mon-acer-001,Acer Nitro VG250QW3bmiipx,monitor,Acer,,,,,20980
mon-acer-002,Acer 24.5インチ フルHD 200Hz ゲーミングモニター,monitor,Acer,,,,,16980
mon-acer-004,Acer 21.5インチ VA フルHD 120Hz モニター,monitor,Acer,,,,,10980
mon-acer-005,Acer Nitro ゲーミングモニター 21.5インチ,monitor,Acer,,,,,11800
mon-acer-006,Acer NITRO KG241YP6bip,monitor,Acer,,,,,13980
mon-acer-007,Acer モニター 23.8インチ EK241YP6bmix,monitor,Acer,,,,,12980
mon-acer-009,Acer モニター 23.8インチ EK241YP6bi,monitor,Acer,,,,,11980
mon-acer-010,Acer NITRO23.8インチ QG241YP6bmipx,monitor,Acer,,,,,15990
mon-acer-011,Acer Nitro23.8インチ VG240YW3bmiipx,monitor,Acer,,,,,18980
mon-acer-012,Acer AlphaLine E200Qbi,monitor,Acer,,,,,9374
mon-acer-013,Acer Nitro KG241YX3bmipx,monitor,Acer,,,,,14980
mon-acer-014,Acer AlphaLine EK221QJ0bmix,monitor,Acer,,,,,11880
mon-acer-015,Acer Nitro VG250QF3bmiipx,monitor,Acer,,,,,24980
mon-acer-016,Acer AlphaLine KA242YP6bmix,monitor,Acer,,,,,12980
mon-acer-019,Acer Nitro KG251QZ1bmiipx,monitor,Acer,,,,,23980
mon-acer-020,Acer Nitro VG240YS6bmix,monitor,Acer,,,,,16679
mon-acer-021,Acer Nitro QG221QJ0bmix,monitor,Acer,,,,,12880
mon-acer-022,Acer Nitro VG240YX1bmiipx,monitor,Acer,,,,,17680
mon-acer-023,Acer Nitro VG240YW5bmiipx,monitor,Acer,,,,,19979
mon-acer-024,Acer AlphaLine EK251QP6bmix,monitor,Acer,,,,,14680
mon-acer-025,Acer AlphaLine EK251QP6bi,monitor,Acer,,,,,13280
mon-acer-026,SDGs推進 21.5型,monitor,Acer,,,,,10965
mon-acer-028,Acer VERO CB242YP6bmiprx,monitor,Acer,,,,,17980
mon-acer-032,Acer PM191Q Ebmiuux,monitor,Acer,,,,,25192
mon-hfr144-005,ASUS VY249HGR,monitor,ASUS,,,,,12580
mon-hfr144-007,Dell SE2426H 23.8インチ モニター,monitor,Dell,,,,,14980
mon-hfr144-008,Xiaomi A24i 24インチ モニター,monitor,Xiaomi,,,,,12580
mon-hfr144-009,TERRA 2441W,monitor,TERRA,,,,,9999
mon-hfr144-010,Dell SE2426HG 23.8インチ,monitor,Dell,,,,,17980
mon-hfr144-013,KTC 24.5インチ  H25T7-3,monitor,KTC,,,,,22265
mon-hfr144-014,HKC PCモニター 23.8インチ MB24V29FO2,monitor,—,,,,,13280
mon-hfr144-016,PHILIPS 液晶TypeCモニター,monitor,PHILIPS,,,,,19506
mon-hfr144-028,LG UltraGear 24G411A-B,monitor,LG,,,,,14799
mon-hfr144-029,Newsoul モバイルモニター18.5インチ,monitor,Newsoul,,,,,15198
mon-hfr144-032,Dell S2425HSM-A,monitor,—,,,,,20670
mon-hfr144-035,レグザ PCモニター RM-24N3SE,monitor,REGZA,,,,,15980
mon-hfr144-036,MAXZEN モニター 23.8インチ 144Hz FHD,monitor,MAXZEN,,,,,11480
mon-hfr144-037,Lenovo Legion 24-15 ゲーミングモニター,monitor,Lenovo,,,,,15180
mon-hfr144-040,EVICIV モバイルモニター 18.5インチ 120Hz,monitor,EVICIV,,,,,15199
mon-hfr144-042,JAPANNEXT 21.5インチ 液晶モニター JN-215IPS120F-HSP,monitor,JAPANNEXT,,,,,14526
mon-hfr144-043,KOORUI モニター 21.5インチ FHD,monitor,KOORUI,,,,,13980
mon-hfr144-045,MSI ゲーミングモニター MAG 245F X24,monitor,MSI,,,,,23800
mon-hfr144-046,IODATA ゲーミングモニター 24.5インチ GigaCrysta,monitor,IO DATA,,,,,22980
mon-hfr144-049,KTC 24インチ FHDモニター H24V27S,monitor,KTC,,,,,14980
mon-hfr144-050,Amzfast 24インチ ゲーミングモニター WQHD 180Hz,monitor,Amzfast,,,,,19999
mon-hfr144-051,JAPANNEXT 21.5インチJN-IPS215G120F-W,monitor,JAPANNEXT,,,,,14980
mon-hfr144-053,TERRA 2441W PV,monitor,TERRA,,,,,13990
mon-hfr144-054,MSI PRO MAX 241PHW E14,monitor,MSI,,,,,27826
mon-hfr144-055,Pixio PX249Wave,monitor,Pixio,,,,,29980
mon-hfr144-056,XUNDEFINED 23.8インチ モニター,monitor,XUNDEFINED,,,,,11780
mon-hfr144-069,PRO MP225,monitor,MSI,,,,,12800
mon-hfr144-p2-001,INNOCN 25G2S ゲーミングモニター,monitor,INNOCN,,,,,32800
mon-hfr144-p2-003,KTC 24M1ゲーミングモニター,monitor,KTC,,,,,26980
mon-hfr144-p2-005,KEY TO COMBAT 23.8インチゲーミングモニター,monitor,KEY TO COMBAT,,,,,11263
mon-hfr144-p2-006,MSI MAG 255F X24,monitor,MSI,,,,,21800
mon-hfr144-p2-010,Pixio PX249WAVE ゲーミングモニター,monitor,Pixio,,,,,29980
mon-hfr144-p2-011,KTC H24B9S ゲーミングモニター,monitor,KTC,,,,,12980
mon-hfr144-p2-012,BenQ MOBIUZ EX240N,monitor,BenQ,,,,,24588
mon-hfr144-p2-013,MSI PRO MP241 E14V,monitor,MSI,,,,,14800
mon-hfr144-p2-015,iiyama G-MASTER GB2471HSU-B1,monitor,iiyama,,,,,20553
mon-hfr144-p2-018,KTC 24インチ 曲面ゲーミングモニター H24S17P,monitor,KTC,,,,,16980
mon-hfr144-p2-019,LG 24G411B-B 23.8インチ モニター,monitor,LG,,,,,15197
mon-hfr144-p2-021,INNOCN 24.5インチ 240Hz WQHDモニター 25M2S,monitor,INNOCN,,,,,45446
mon-hfr144-p2-024,Newsoul 18.5インチ モバイルモニター,monitor,Newsoul,,,,,17580
mon-hfr144-p2-027,Acouto Zen18 モバイルモニター,monitor,Acouto Zen18,,,,,18980
mon-hfr144-p2-028,AVISTA ゲーミングモニター 24.5インチ,monitor,Avista DGF240SDB,,,,,12500
mon-hfr144-p2-029,KOORUI G2411X,monitor,KOORUI,,,,,15890
mon-hfr144-p2-030,EVICIV タッチパネルモニター 18.5インチ 120Hz,monitor,EVICIV,,,,,24679
mon-hfr144-p2-031,CUIUIC モバイルモニター 18.5インチ,monitor,Mobile,,,,,15999
mon-hfr144-p2-032,CUNPU 27インチ 4K ゲーミングモニター,monitor,CUNPU,,,,,33980
mon-hfr144-p2-035,iiyama G-MASTER GB2471HSU-W1,monitor,iiyama,,,,,20553
mon-hfr144-p2-038,ASUS VY279HGR,monitor,ASUS,,,,,14980
mon-hfr144-p2-040,UPERFECT モバイルモニター 18インチ 2.5K,monitor,UPERFECT,,,,,33754
mon-hfr144-p2-042,TCL Mini LED モニター 25インチ 25G54,monitor,TCL Mini LED,,,,,12000
mon-hfr144-p2-043,COOLHOOD モバイルモニター 18.5インチ,monitor,—,,,,,15999
mon-hfr144-p2-044,FeuVision ゲーミングモニター 24インチ,monitor,FeuVision,,,,,13980
mon-hfr144-p2-045,JAPANNEXT ゲーミングモニター 24.5インチ,monitor,JAPANNEXT,,,,,14380
mon-hfr144-p2-046,JAPANNEXT 23.8インチ IPSパネル搭載 ゲーミングモニター,monitor,JAPANNEXT,,,,,13980
mon-hfr144-p2-048,Vimonic モバイルモニター 18.5インチ タッチパネル,monitor,Mobile,,,,,23445
mon-hfr144-p2-049,aimuonos 18.5インチ ポータブルモニター,monitor,—,,,,,15999
mon-hfr144-p2-051,HKC 27インチ モニター FHD IPS,monitor,—,,,,,15979
mon-hfr144-p2-052,HKC ゲーミングモニター G24H3D,monitor,HKC MG24H39FS,,,,,17980
mon-hfr144-p2-053,JN-IPS245G144F,monitor,JAPANNEXT,,,,,15980
mon-hfr144-p2-055,UPERFECT 18.5インチ120Hz Eye Care モバイルモニター,monitor,Mobile,,,,,28980
cam-bs-001,C960,camera,EMEET,,,,,2599
cam-bs-002,C270nd,camera,Logicool,,,,,2490
cam-bs-003,C920n,camera,Logicool,,,,,5200
cam-bs-004,PowerConf C200,camera,Anker,,,,,6980
cam-bs-005,FineCam Lite,camera,UGREEN,,,,,1949
cam-bs-006,Brio 100,camera,Logicool,,,,,3900
cam-bs-007,Brio 100,camera,Logicool,,,,,3900
cam-bs-008,UGREEN FineCam Lite 4K,camera,UGREEN,,,,,3734
cam-bs-010,PHILIPS ウェブカメラSPL6418,camera,PHILIPS,,,,,6980
cam-bs-011,4K Webカメラ,camera,AOC,,,,,5900
cam-bs-012,BSW305MBK,camera,Buffalo,,,,,2780
cam-bs-013,エレコム　UCAM-C520FBBK,camera,ELECOM,,,,,3068
cam-bs-014,AOC AC310,camera,AOC,,,,,5143
cam-bs-015,LUPPY WEBカメラ Full HD 1080p,camera,—,,,,,1480
cam-bs-016,S600,camera,EMEET,,,,,12999
cam-bs-017,ロジクール ウェブカメラ C270n,camera,Logicool,,,,,2707
cam-bs-018,DAMOACAMペン型ボディカメラ,camera,DAMOACAM,,,,,13100
cam-bs-019,EMEET C960 WEBカメラ,camera,EMEET,,,,,2999
cam-bs-020,EMEET C960 三脚付き,camera,EMEET,,,,,4799
cam-bs-022,EMEET C950,camera,EMEET,,,,,2399
cam-bs-023,Diccik HD 1080P  内蔵マイク、90°広角、自動光補正機能、USBプラグアンドプレイPCカメラ、,camera,—,,,,,1760
cam-bs-024,EMEET C950　4K,camera,EMEET,,,,,5499
cam-bs-025,EMEET PIXY webカメラ 4K,camera,EMEET,,,,,16000
cam-bs-026,MX BRIO 700 C1100GR 4K,camera,Logicool,,,,,29291
cam-bs-027,BSW505MBK,camera,Buffalo,,,,,2980
cam-bs-028,BxoteウェブカメラフルHD 1080P 30FPS 広角,camera,—,,,,,1151
cam-bs-029,2K Windows Hello Webカメラ,camera,—,,,,,5999
cam-bs-030,Link 2C Pro,camera,Insta360,,,,,34500
cam-bs-051,V02AF,camera,NearStream,,,,,5499
cam-bs-052,V02AF,camera,NearStream,,,,,5499
cam-bs-053,C980GR,camera,Logicool,,,,,23980
cam-bs-054,NexiGo N60,camera,NexiGo,,,,,2999
cam-bs-055,4K Webカメラ,camera,DEPSTECH,,,,,5900
cam-bs-056,DEPSTECH Webカメラ DW49,camera,DEPSTECH,,,,,3799
cam-bs-057,OBSBOT MEET 2 4K,camera,OBSBOT,,,,,18530
cam-bs-058,Nuroum C40,camera,Nuroum,,,,,35982
cam-bs-059,Nuroum C10,camera,Nuroum,,,,,14980
cam-bs-061,Insta360 Link 2 Pro,camera,Insta360,,,,,38500
cam-bs-062,Link 2 Pro,camera,Insta360,,,,,38500
cam-bs-064,ロジクールBrio 500 C940GR,camera,Logicool,,,,,17800
cam-bs-065,400-CAM086,camera,サンワダイレクト,,,,,4980
cam-bs-066,400-CAM086,camera,サンワダイレクト,,,,,4980
cam-bs-067,400-CAM103,camera,サンワダイレクト,,,,,4980
cam-bs-068,400-CAM103,camera,サンワダイレクト,,,,,4980
cam-bs-069,UCAM-C820ABBK,camera,ELECOM,,,,,4803
cam-bs-070,Tiny 3,camera,OBSBOT,,,,,58000
cam-bs-071,Tiny 3,camera,OBSBOT,,,,,58000
cam-bs-072,ELP 夜間視力 USBカメラ ELP-USBFHD05MT-KL36IR-JP,camera,ELP,,,,,6556
cam-bs-073,CMS-V43BK,camera,サンワサプライ,,,,,6036
cam-bs-074,FoMaKo 4K NDI6/NDI/HX3 PTZカメラ K20UH,camera,FoMaKo,,,,,73000
cam-bs-075,ELP ガンカメラ 2.8-12mm可変焦点レンズ,camera,ELP,,,,,6880
cam-bs-076,NexiGo N660P,camera,NexiGo,,,,,4999
cam-bs-077,Innex Cube 会議用360度広角Webカメラ,camera,Innex,,,,,76780
cam-bs-078,TOALLIN 4K Ultra HD ウェブカメラ,camera,TOALLIN,,,,,11999
cam-bs-079,Angetube 4K Webカメラ リングライト一体型,camera,Angetube,,,,,5775
cam-bs-080,400-CAM102,camera,サンワダイレクト,,,,,19800
cam-cur-059,BRIO C1000eR,camera,Logicool,,,,,22800
cam-cur-060,C920s Pro HD,camera,Logicool,,,,,13400
cam-str-001-rq8m,YoloCam S3,camera,YoloLiv,,,,,34000
cam-str-002-c6gb,YoloCam S7,camera,YoloLiv,,,,,158300
cam-str-003-jq1z,YoloCam S7、18mmマイクロフォーサーズレンズ搭載,camera,YoloLiv,,,,,210900
cam-str-004-zr1v,TINY 2,camera,OBSBOT,,,,,44030
cam-str-011-p22d,Insta360 Link 2,camera,Insta360,,,,,32373
cam-str-013-j7mx,ActionRing書画カメラ 4K 1500万画素  プロジェクターに直接投影,camera,—,,,,,9999
cam-str-014-b2t6,OBSBOT Meet Flip 4K,camera,OBSBOT,,,,,22800
cam-str-019-94fh,DC400 USB /書画カメラ/スキャナー 3-in-1 1600万画素 4K/30fps A,camera,Ideao,,,,,16500
cam-str-020-81b3,Link 2C 通常版,camera,Insta360,,,,,25800
cam-str-023-sst2,S800,camera,AOC,,,,,4999
cam-str-024-6ty5,S600L,camera,EMEET,,,,,13980
cam-str-025-2yqd,C922n,camera,Logicool,,,,,11400
cam-str-027-1hm3,C960,camera,EMEET,,,,,2599
cam-str-028-y8fg,Link 2C,camera,Insta360,,,,,25800
cam-str-030-nz4j,MEET SE 1080P 100FPS FHD,camera,OBSBOT,,,,,14280
cam-str-031-26zr,C660OW,camera,Logicool,,,,,3900
cam-str-033-y78y,TINY 2 Lite  4K,camera,OBSBOT,,,,,29800
cam-str-035-sdc2,EMEET S600,camera,EMEET,,,,,8999
cam-str-038-3hx8,Link 2,camera,Insta360,,,,,30880
cam-str-039-6cwm,AIRHUG 02 Webカメラ,camera,AIRHUG,,,,,4280
cam-str-042-xn7j,書画カメラ USB 1600万画素 OCR対応 A3サイズ撮影 4K動画録画 360°回転 マイ,camera,—,,,,,15999
cam-str-046-lnzf,TOALLIN 2K ウェブカメラ,camera,TOALLIN,,,,,2999
cam-str-048-r7hb,C100,camera,EMEET,,,,,3999
cam-str-049-lvm9,Joinylotus 2K Webカメラ（BY-B19）,camera,—,,,,,25000
cam-str-050-sfx4,C960 Ultra,camera,EMEET,,,,,17980
cam-str-050-xk6r,OBSBOT Tiny 3 Lite,camera,OBSBOT,,,,,33800
cam-str-051-23tk,C980pro,camera,EMEET,,,,,7999
cam-str-053-t6m8,V08AF,camera,NearStream,,,,,9980
cam-str-053-mqxp,Sofun Webカメラ,camera,—,,,,,1999
cam-str-054-tv64,4K  UHD 800万画素 120°広角会議用カメラ1080P@60FPS PC用,camera,Angetube,,,,,7219
cam-str-054-v167,Creative Live! Cam Sync V3,camera,Creative,,,,,3718
cam-str-055-8zzz,Spedal 931 4K Webカメラ,camera,Spedal,,,,,9990
cam-str-055-mr75,UCAM-C750FBBK,camera,ELECOM,,,,,4011
cam-str-056-6hx1,NOVA 4K  UHD,camera,EMEET,,,,,4999
cam-str-059-5b4r,Nuroum Webカメラ V11,camera,Nuroum,,,,,3680
cam-str-061-9kv6,Hollyland Lyra 4K,camera,Hollyland,,,,,24200
cam-str-064-fj2c,NexiGoライト付き N960E,camera,NexiGo,,,,,7999
cam-str-065-llxl,Cyvorsky 2K自動ピント機能,camera,Cyvorsky,,,,,2780
cam-str-068-ynfx,INS-Flip 4,camera,INSWAN,,,,,14900
cam-str-069-wdn6,AISPEECH UVC40 4Kウェブカメラ,camera,—,,,,,4999
cam-str-070-v1v9,ZAIDER webカメラ 2K,camera,ZAIDER,,,,,2380
cam-str-071-1gmn,Gawervan USB書画カメラ,camera,—,,,,,8800
cam-str-072-x3sp,PC用2Kウェブカメラ,camera,—,,,,,3299
cam-str-073-yh1y,Facecam 4K,camera,Elgato,,,,,22500
cam-str-075-nt1f,Angetube 4K Webカメラ　913AI,camera,Angetube,,,,,11999
cam-str-076-6p9g,Aury webカメラ 2K,camera,Aury,,,,,2080
cam-str-077-kjjd,TreasLin USB 書画カメラ,camera,TreasLin,,,,,6999
cam-str-079-yc35,4K Web会議 PTZカメラ,camera,TONGVEO,,,,,37300
cam-str-080-ccmp,WASHODO Webカメラ,camera,—,,,,,1283
cam-str-081-hb16,j5create 360度 Webカメラ,camera,j5create,,,,,15664
cam-str-082-1q5z,C570,camera,Innex,,,,,24800
cam-str-083-7f91,JOYUSING FlexCam10 4K,camera,—,,,,,10449
cam-str-085-t6r9,EMEET PIXY ワイヤレス カメラ,camera,EMEET,,,,,29999
cam-str-086-jgmn,MAXHUB WebCam UC-W20,camera,MAXHUB,,,,,8800
cam-str-087-m1j2,G53-2k,camera,—,,,,,6649
cam-str-089-s7c3,"デュアルAIノイズキャンセリングマイク付き4K UHD1200万画素 オートフォーカス,自動光補",camera,—,,,,,5990
cam-str-090-867s,QIMIAOUS Webカメラ,camera,—,,,,,2698
cam-str-091-mc1x,Remarks Japan ウェブカメラ,camera,—,,,,,1349
cam-str-092-bfpl,ST-W36,camera,—,,,,,3999
cam-str-098-dzgz,XinYaa　ウェブカメラ,camera,—,,,,,2298
cam-str-099-xkv8,Tenveo VHD3UPro,camera,Tenveo,,,,,29490
cam-str-111-t8bc,Ｑ’ｆｏｏ　リングライト付きWebカメラ,camera,—,,,,,2860
arm-bs-001,ErGear モニターアーム,monitor-arm,Amazonベーシック,,,,,3399
arm-bs-002,PS1S Wave,monitor-arm,Pixio,,,,,8980
arm-bs-003,HNSS6,monitor-arm,HUANUO,,,,,3699
arm-bs-004,ERGOTRON エルゴトロン LX,monitor-arm,ERGOTRON,,,,,18200
arm-bs-005,NB ERGONOMIC A5,monitor-arm,NB,,,,,3280
arm-bs-006,DPA-SS02BK,monitor-arm,ELECOM,,,,,4490
arm-bs-007,NB ERGONOMIC モニターアーム,monitor-arm,—,,,,,2480
arm-bs-009,MOUNTUP PCモニターアーム,monitor-arm,ERGOMAKER,,,,,2960
arm-bs-010,ERGOMAKER モニターアーム,monitor-arm,ERGOMAKER,,,,,1999
arm-bs-011,MOUNTUP PCモニターアーム,monitor-arm,THEARK,,,,,2899
arm-bs-012,THEARK シングルモニターアーム,monitor-arm,THEARK,,,,,3280
arm-bs-016,HUANUO (ファーノー) モニターアーム HNCM9,monitor-arm,HUANUO,,,,,3999
arm-bs-018,BONTEC モニターアーム,monitor-arm,BONTEC,,,,,2999
arm-bs-019,HNCM12,monitor-arm,HUANUO,,,,,2079
arm-bs-020,MD6DB,monitor-arm,suptek,,,,,2000
arm-bs-021,MD7421,monitor-arm,Bracwiser,,,,,2600
arm-bs-024,BONTEC デュアルモニターアーム,monitor-arm,—,,,,,2849
arm-bs-026,CR-LAC215BK,monitor-arm,サンワサプライ,,,,,6989
arm-bs-027,KOORUIモニターアーム,monitor-arm,KOORUI,,,,,3998
arm-bs-053,Amazonベーシック モニターアーム,monitor-arm,Amazonベーシック,,,,,2977
arm-bs-056,BMA-1MS-BK,monitor-arm,Bauhutte,,,,,12800
arm-bs-057,ZJ35-02,monitor-arm,—,,,,,1899
arm-bs-058,MDX003DB,monitor-arm,—,,,,,3149
arm-bs-059,Tasavzモニターアーム（USBハブ付・ブラック）,monitor-arm,—,,,,,3980
arm-bs-061,DPA-DS07BK,monitor-arm,ELECOM,,,,,6980
arm-bs-066,BONTEC モニターアーム,monitor-arm,BONTEC,,,,,3419
arm-bs-067,GH-AMDN2V-BK,monitor-arm,GREENHOUSE,,,,,3799
arm-bs-069,A1-W,monitor-arm,cocopar,,,,,4084
arm-bs-070,DPAWSN01BK,monitor-arm,ELECOM,,,,,2989
arm-bs-072,HNHM5B,monitor-arm,ErGear,,,,,2799
arm-bs-074,ML7802,monitor-arm,Bracwiser,,,,,3850
arm-bs-075,BONTEC モニターアーム,monitor-arm,BONTEC,,,,,2099
arm-bs-076,100-LAC003,monitor-arm,BONTEC,,,,,4980
arm-bs-078,WORLDLIFT モニターアーム デュアル,monitor-arm,WORLDLIFT,,,,,5499
arm-bs-079,MU1006-07,monitor-arm,—,,,,,3699
arm-bs-080,DPA-SS11BK,monitor-arm,ELECOM,,,,,9680
arm-bs-999,DPA-SS10BK,monitor-arm,ELECOM,,,,,8980
arm-sr-1001,PS1S Wave Black,monitor-arm,Pixio,,,,,10480
arm-sr-003,Amazonベーシック モニターアーム,monitor-arm,Amazonベーシック,,,,,2977
arm-sr-007,PS2S,monitor-arm,Pixio,,,,,11980
arm-sr-009,ERGOTRON エルゴトロン LX モニターアーム,monitor-arm,ERGOTRON,,,,,48590
arm-sr-013,ErGear モニターアーム シングル,monitor-arm,ErGear,,,,,2960
arm-sr-016,MS012,monitor-arm,THEARK,,,,,6980
arm-sr-017,ErGear モニターアーム デュアル,monitor-arm,ErGear,,,,,4999
arm-sr-019,HT05B-003,monitor-arm,—,,,,,3399
arm-sr-1048,HNDS6,monitor-arm,HUANUO,,,,,8599
arm-sr-1049,HUANUO (ファーノー) モニターアーム ディスプレイアーム 17～32インチ対応 耐荷重2～9kg,monitor-arm,—,,,,,
arm-sr-105,ACCURTEK モニターアーム,monitor-arm,サンワサプライ,,,,,2899
arm-sr-110,AX05TB01,monitor-arm,Amazonベーシック,,,,,2355
arm-sr-115,LS112,monitor-arm,LOCTEK,,,,,16335
arm-sr-116,ERGOTRON エルゴトロン HX モニターアーム,monitor-arm,ERGOTRON,,,,,46970
arm-sr-1051,MD81SE,monitor-arm,suptek,,,,,2980
arm-sr-1052,100-LA031,monitor-arm,サンワダイレクト,,,,,5480
arm-sr-1053,EEX-LAP07,monitor-arm,イーサプライ,,,,,3280
arm-sr-1054,GH-AMDX1-BK,monitor-arm,GREENHOUSE,,,,,4998
arm-sr-1055,MD01A,monitor-arm,suptek,,,,,2449
arm-sr-1056,HNDS8,monitor-arm,HUANUO,,,,,7999
arm-sr-1057,GH-AMDP1-BK,monitor-arm,GREENHOUSE,,,,,6998
arm-sr-1058,ErGear モニターアーム デュアル,monitor-arm,BONTEC,,,,,5414
arm-sr-1059,Vexify モニターアーム,monitor-arm,ErGear,,,,,3399
arm-sr-1060,8関節ロングモニターアーム,monitor-arm,EastForce,,,,,8999
arm-nr-04,Tasavzモニターアーム（USBハブ付・ブラック）,monitor-arm,—,,,,,3980
arm-nr-05,Pivotix シングル,monitor-arm,—,,,,,4980
arm-nr-06,GH-AMDU1-BK,monitor-arm,—,,,,,9998
arm-nr-07,DPAWSSA01BK,monitor-arm,ELECOM,,,,,3480
arm-nr-08,AS-MABG06D,monitor-arm,—,,,,,9980
arm-nr-10,KR20Y,monitor-arm,KOORUI,,,,,4280
arm-nr-11,WORLDLIFT モニターアーム 3画面,monitor-arm,WORLDLIFT,,,,,8499
arm-nr-12,monTEK モニターアームデュアル,monitor-arm,monTEK,,,,,5999
arm-nr-14,PS3S Wave,monitor-arm,Pixio,,,,,14980
arm-nr-15,HUANUO モニタースタンド,monitor-arm,—,,,,,2699
arm-nr-19,MA6S,monitor-arm,FlexiSpot,,,,,6280
arm-nr-20,MA6S,monitor-arm,FlexiSpot,,,,,6280
arm-nr-21,MA6,monitor-arm,FlexiSpot,,,,,11080
arm-nr-23,PEGZONE モニターアーム シングル,monitor-arm,PEGZONE,,,,,8990
arm-nr-24,Pro 無重力 シングル,monitor-arm,monTEK,,,,,2999
arm-nr-26,無重力 Pro デュアル,monitor-arm,COFO,,,,,32980
arm-nr-28,monTEK モニターアーム デュアル,monitor-arm,monTEK,,,,,4999
arm-nr-29,CR-LAW119BK,monitor-arm,サンワサプライ,,,,,6570
arm-nr-30,AS-MABG05,monitor-arm,Archiss,,,,,8980
arm-nr2-51,ACCURTEK 高耐荷重2画面モニターアーム,monitor-arm,ACCURTEK,,,,,6399
arm-nr2-52,monTEK モニターアーム,monitor-arm,monTEK,,,,,3599
arm-nr2-53,ETHU PCモニターアーム,monitor-arm,ETHU,,,,,2990
arm-nr2-56,AS-MABE01,monitor-arm,Archiss,,,,,3580
arm-nr2-57,AS-MABE01,monitor-arm,Archiss,,,,,3580
arm-nr2-58,EEX-LAFS01BK,monitor-arm,ACCURTEK,,,,,3180
arm-nr2-60,Hemudu PCモニターアーム 壁掛け,monitor-arm,Hemudu,,,,,3799
arm-nr2-65,Bｏｏｋwａrmデュアルモニターアーム,monitor-arm,WORLDLIFT,,,,,4180
arm-nr2-66,WORLDLIFT PCモニターアーム デュアル,monitor-arm,WORLDLIFT,,,,,9980
arm-nr2-70,デュアルモニターアーム,monitor-arm,Rfiver,,,,,8999
arm-nr2-71,デュアルモニターアーム,monitor-arm,Rfiver,,,,,8999
arm-nr2-72,ポール式シングルモニターアーム,monitor-arm,PEGZONE,,,,,9990
arm-nr2-77,Mkastry　PCモニターアーム シングル,monitor-arm,—,,,,,6999
arm-nr2-78,MDX003DB,monitor-arm,Bracwiser,,,,,
chair-akr-wfp8xv,Premium Denim 国産デニム素材リクライニング エルゴノミクス JIS規格 5年保証,gaming-chair,AKRacing,,,,,80606
chair-akr-wdqmz1,ゲーミング 座椅子 Gyokuza Denim 国産デニム素材リクライニング エルゴノミクス JIS規格 5年保証,gaming-chair,AKRacing,,,,,75556
chair-akr-rb9wj3,AKRacing ゲーミング座椅子 Gyokuza V2 グレー,gaming-chair,AKRacing,,,,,48284
chair-akr-rc4jhs,ゲーミング 座椅子 Gyokuza V2 ブルー 高耐久PUレザー リクライニング 5年保証,gaming-chair,AKRacing,,,,,38945
chair-akr-3cqx5j,ゲーミング 座椅子 Gyokuza V2 ホワイト 高耐久PUレザー リクライニング 5年保証,gaming-chair,AKRacing,,,,,55124
chair-akr-rc4jhr,ゲーミング 座椅子 Gyokuza V2 レッド 高耐久PUレザー リクライニング 5年保証,gaming-chair,AKRacing,,,,,48291
chair-akr-jtt1gm,ゲーミングチェア Pro-X V2 グレー 高耐久PUレザー リクライニング エルゴノミクス JIS規格 5年保証,gaming-chair,AKRacing,,,,,58384
chair-akr-jtcgzr,ゲーミングチェア Pro-X V2 ブルー 高耐久PUレザー リクライニング エルゴノミクス JIS規格 5年保証,gaming-chair,AKRacing,,,,,58384
chair-akr-js8f4l,ゲーミングチェア Pro-X V2 ホワイ 高耐久PUレザーリクライニング エルゴノミクス JIS規格 5年保証,gaming-chair,AKRacing,,,,,58383
chair-akr-jt5bnj,ゲーミングチェア Pro-X V2 レッド 高耐久PUレザー リクライニング エルゴノミクス JIS規格 5年保証,gaming-chair,AKRacing,,,,,58383
chair-akr-wbk2y9,ゲーミングチェア デスクチェア 強椅子 学習椅子 オレンジ Pro-X V2 高耐久PUレザー 180度リクライニング 在宅 リモート 5年保証,gaming-chair,AKRacing,,,,,58384
chair-akr-72dwq4,オフィスチェア Pro-X JP グレー 国産高耐久PUレザーリクライニング エルゴノミクス JIS規格 5年保証,gaming-chair,AKRacing,,,,,79800
chair-akr-fg7k3x,オフィスチェア Pro-X JP ブルー 国産高耐久PUレザーリクライニング エルゴノミクス JIS規格 5年保証,gaming-chair,AKRacing,,,,,79800
chair-akr-74np5p,オフィスチェア Pro-X JP ホワイト 国産高耐久PUレザー リクライニング エルゴノミクス JIS規格 5年保証,gaming-chair,AKRacing,,,,,79800
chair-akr-fdqh3y,オフィスチェア Pro-X JP レッド 国産高耐久PUレザーリクライニング エルゴノミクス JIS規格 5年保証,gaming-chair,AKRacing,,,,,79800
chair-akr-9q5kq1,ファシリティチェア MJ Grey 日本プロ麻雀連盟モデル グレー 高耐久PUレザーリクライニング,gaming-chair,AKRacing,,,,,74052
chair-akr-qk77yh,遊戯施設向け高耐久チェア MJ Grey ファシリティチェア ゲーミングチェア デスクチェア 勉強椅子 学習椅子 グレイ 灰 MJ 高耐久PUレザー 135度リクライニング 在宅 リモート,gaming-chair,AKRacing,,,,,69102
chair-akr-zxq6b7,ゲーミングチェア Overture イエロー 高耐久PUレザーリクライニング エルゴノミクス JIS規格 5年保証,gaming-chair,AKRacing,,,,,47561
chair-akr-zc81rv,ゲーミングチェア Overture パープル 高耐久PUレザー リクライニング エルゴノミクス JIS規格 5年保証,gaming-chair,AKRacing,,,,,49764
chair-akr-bpdmcc,ゲーミングチェア Overture ピンク 高耐久PUレザーリクライニング エルゴノミクス JIS規格 5年保証,gaming-chair,AKRacing,,,,,50303
chair-akr-bpdbkp,ゲーミングチェア Overture ブラック 高耐久PUレザー リクライニング エルゴノミクス JIS規格 5年保証,gaming-chair,AKRacing,,,,,49764
chair-akr-f8n2vl,ゲーミングチェア Overture ブルー 高耐久PUレザー リクライニング エルゴノミクス JIS規格 5年保証,gaming-chair,AKRacing,,,,,49764
chair-akr-bpdvpg,ゲーミングチェア Overture ホワイト 高耐久PUレザー リクライニング エルゴノミクス JIS規格 5年保証,gaming-chair,AKRacing,,,,,49764
chair-akr-bpcz8r,ゲーミングチェア Overture レッド 高耐久PUレザー リクライニング エルゴノミクス JIS規格 5年保証,gaming-chair,AKRacing,,,,,49764
chair-akr-jstpsk,ゲーミングチェア デスクチェア 勉強机 勉強椅子 学習机 学習椅子 オレンジ Nitro V2 高耐久PUレザー 180度リクライニング 在宅 リモート 5年保証,gaming-chair,AKRacing,,,,,48283
chair-akr-jsftvn,ゲーミングチェア デスクチェア 勉強机 勉強椅子 学習机 学習椅子 グリーン 緑 Nitro V2 高耐久PUレザー 180度リクライニング 在宅 リモート 5年保証,gaming-chair,AKRacing,,,,,38945
chair-akr-jtzjb3,ゲーミングチェア デスクチェア 勉強机 勉強椅子 学習机 学習椅子 ブルー 青 Nitro V2 高耐久PUレザー 180度リクライニング 在宅 リモート 5年保証,gaming-chair,AKRacing,,,,,38945
chair-akr-jtzjb4,ゲーミングチェア デスクチェア 勉強机 勉強椅子 学習机 学習椅子 ホワイト 白 Nitro V2 高耐久PUレザー 180度リクライニング 在宅 リモート 5年保証,gaming-chair,AKRacing,,,,,38945
chair-akr-jtj394,ゲーミングチェア デスクチェア 勉強机 勉強椅子 学習机 学習椅子 レッド 赤 Nitro V2 高耐久PUレザー 180度リクライニング 在宅 リモート 5年保証,gaming-chair,AKRacing,,,,,38945
chair-akr-8e2etq,ゲーミングチェア Wolf グレー ファブリック リクライニング エルゴノミクス JIS規格 5年保証,gaming-chair,AKRacing,,,,,42784
chair-akr-j8qmmt,ゲーミングチェア Wolf パープル ファブリック リクライニング エルゴノミクス JIS規格 5年保証,gaming-chair,AKRacing,,,,,45253
chair-akr-8e6nzw,ゲーミングチェア Wolf ホワイト ファブリック リクライニング エルゴノミクス JIS規格 5年保証,gaming-chair,AKRacing,,,,,42784
chair-akr-8e3j3g,ゲーミングチェア Wolf レッド ファブリックリクライニング エルゴノミクス JIS規格 5年保証,gaming-chair,AKRacing,,,,,42784
chair-akr-2y1z2b,ゲーミングチェア Eclair オレンジ 高耐久PUレザー 180度リクライニング エルゴノミクス JIS規格 5年保証,gaming-chair,AKRacing,,,,,48283
chair-akr-2wxz5m,ゲーミングチェア Eclair グリーン 高耐久PUレザー リクライニング エルゴノミクス JIS規格 5年保証,gaming-chair,AKRacing,,,,,48283
chair-akr-2v3zxs,ゲーミングチェア Eclair ピンク 高耐久PUレザーリクライニング エルゴノミクス JIS規格 5年保証,gaming-chair,AKRacing,,,,,48283
chair-akr-31gtbc,ゲーミングチェア Eclair ブルー 高耐久PUレザーリクライニング エルゴノミクス JIS規格 5年保証,gaming-chair,AKRacing,,,,,48283
chair-akr-r8gzr9,オフィスチェア Premium カーボンブラック 高耐久PUレザー リクライニング エルゴノミクス JIS規格 5年保証,gaming-chair,AKRacing,,,,,56582
chair-akr-r8696c,オフィスチェア Premium シルバー 高耐久PUレザー リクライニング エルゴノミクス JIS規格 5年保証,gaming-chair,AKRacing,,,,,56582
chair-akr-r8dpj5,オフィスチェア Premium レイブン 高耐久PUレザー リクライニング エルゴノミクス JIS規格 5年保証,gaming-chair,AKRacing,,,,,56582
chair-akr-tgc45r,Faura インディゴ スエード調ファブリックリクライニング エルゴノミクス JIS規格 5年保証,gaming-chair,AKRacing,,,,,59799
chair-akr-srlv6p,Faura ダークネイビー スエード調ファブリックリクライニング エルゴノミクス JIS規格 5年保証,gaming-chair,AKRacing,,,,,60405
chair-akr-snmzvn,Faura ブラウン スエード調ファブリックリクライニング エルゴノミクス JIS規格 5年保証,gaming-chair,AKRacing,,,,,60405
chair-akr-t7gkqs,Faura ベージュ スエード調ファブリックリクライニング エルゴノミクス JIS規格 5年保証,gaming-chair,AKRacing,,,,,60405
chair-akr-p8rj6j,本田翼 監修オリジナルカラーモデル 高耐久PUレザーリクライニング エルゴノミクス JIS規格,gaming-chair,AKRacing,,,,,40627
chair-akr-qhnk83,ゲーミングチェア Pro-X V2 Giants 読売ジャイアンツ 高耐久PUレザーリクライニング 1年保証,gaming-chair,AKRacing,,,,,64422
chair-akr-qltd5g,ゲーミングチェア 東京ヤクルトスワローズチェア 高耐久PUレザーリクライニング,gaming-chair,AKRacing,,,,,55354
chair-akr-943plq,ゲーミングチェア Pro-X V2 Dragons 中日ドラゴンズ 高耐久PUレザー リクライニング,gaming-chair,AKRacing,,,,,59800
chair-akr-llt6fc,ゲーミングチェア 阪神タイガースチェア 高耐久PUレザー リクライニング,gaming-chair,AKRacing,,,,,67353
chair-akr-dry84q,ゲーミングチェア Pro-X V2 Lions 埼玉西武ライオンズ 高耐久PUレザー リクライニング,gaming-chair,AKRacing,,,,,59800
chair-akr-np6cnx,ゲーミングチェア サッカー日本代表ver. 高耐久PUレザーリクライニング,gaming-chair,AKRacing,,,,,55914
chair-akr-vtm8wm,エーケーレーシング AKRacingゲーミングチェア FC東京 2024 デスクチェア PVCレザー 180度リクライニング 在宅 リモート Jリーグ,gaming-chair,AKRacing,,,,,59800
chair-akr-lq86pl,ゲーミングチェア FC東京2024 PVCレザーリクライニング Jリーグ,gaming-chair,AKRacing,,,,,59800
chair-akr-13kwgv,ゲーミングチェア FC町田ゼルビアチェア PVCレザーリクライニング Jリーグ,gaming-chair,AKRacing,,,,,59800
chair-bs-001,ファブリック オフィスチェア 蒸れない 椅子 デスクチェア オットマン付き 145°リクライニン,gaming-chair,GXTRACE,,,,,16308
chair-bs-003,オットマン付き デスクチェア オフィスチェア ゲームチェア 145°リクライニング ハイバック ,gaming-chair,GTPLAYER,,,,,11300
chair-bs-005,座り心地良いデスクチェア オフィスチェア 椅子 テレワーク 社長椅子 伸縮可能のオットマン 高さ,gaming-chair,Eeasky,,,,,22580
chair-bs-006,ファブリック オフィスチェア デスクチェア 椅子 昇降連動アームレスト リクライニング 手刺繍 ,gaming-chair,Dowinx,,,,,17497
chair-bs-009,ゲームチェア オットマン付き オフィスチェア 人間工学 １６５度 リクライニング ハイバック テ,gaming-chair,GXTRACE,,,,,18216
chair-bs-010,NewBoy オフィスチェア ゲーム用 リクライニング デスク/パソコンチェア,gaming-chair,NewBoy,,,,,8344
chair-bs-011,ファブリック リクライニング ゲームチェア オットマン付き ベルベット ソファーの座り心地 通気,gaming-chair,HERCULES,,,,,10980
chair-bs-012,オフィスチェア イス 椅子 テレワーク 疲れない ファブリック デスクチェア オットマン付き ゲ,gaming-chair,RXGAMING,,,,,12889
chair-bs-013,オフィスチェア 上品な型押しデザイン ポケットコイル内蔵腰当て 腰が痛くならない 椅子 150度,gaming-chair,GTPLAYER,,,,,19976
chair-bs-014,ilooiloo公式 一年保証付き 2026プレミアム版 170度フ,gaming-chair,—,,,,,29850
chair-bs-015,ファブリック 幅広座面 オフィスチェア デスクチェア テレワーク 疲れない オットマン付き 椅子,gaming-chair,NIONIK,,,,,7980
chair-bs-016,猫耳ゲーミングチェア,gaming-chair,Dowinx,,,,,13583
chair-bs-017,猫耳ゲーミングチェア,gaming-chair,Dowinx,,,,,21050
chair-bs-018,オフィスチェア デスクチェア 社長椅子 ファブリック 155度リクライニング 昇降式肘掛け ナイ,gaming-chair,Dowinx,,,,,22999
chair-bs-019,ファブリック 170°リクライニング 4Dアームレスト ポケットコイル座面 オットマン付き あぐ,gaming-chair,Dowinx,,,,,21800
chair-bs-020,【2026年 耐久性向上 素材 オフィスチェア ゲーミングチェア デスクチェア （Darkbeige）(ポケットコイル搭載 ゲーミング座椅…,gaming-chair,—,,,,,18250
chair-bs-021,GT905-Black,gaming-chair,GTPLAYER,,,,,14980
chair-bs-022,オフィスチェア デスクチェア 椅子 【連動式アームレスト】 145度リクライニング 布地 通気性,gaming-chair,GXTRACE,,,,,11979
chair-bs-023,オットマン付き 高級PU 135°リクライニング PCチェア,gaming-chair,HLFURNITURE,,,,,9989
chair-bs-026,オットマン付き 145度リクライニング ハイバック,gaming-chair,HLDIRECT,,,,,8989
chair-bs-027,JK08,gaming-chair,JKOOK,,,,,14980
chair-bs-029,オフィスチェア イス 椅子 テレワーク 疲れない 幅広座面 デスクチェア オットマン付き ゲーム,gaming-chair,RXGAMING,,,,,13980
chair-bs-030,ファブリック ゲームチェア デスクチェア 360°回転座椅子 ポケットコイルが内蔵 連動アームレ,gaming-chair,GTPLAYER,,,,,17507
chair-bs-051,SEEKFUN LX-19SW,gaming-chair,SeekFun,,,,,8980
chair-bs-052,LX-19SW,gaming-chair,SeekFun,,,,,19750
chair-bs-053,"ファブリック オットマン付 デスクチェア (ブラック, 高身長シリンダー)",gaming-chair,Wisteria,,,,,42000
chair-bs-056,165°リクライニング オットマン付き デスクチェア 可動アームレスト テレワーク向け レザー ,gaming-chair,Dowinx,,,,,17300
chair-bs-057,回転ゲーミング座椅子 165°リクライニング 連動アームレスト スプリング座面 ハイバック PU,gaming-chair,Dowinx,,,,,21800
chair-bs-059,、PCゲーミングチェア、デスクチェア、人間工学に基づいたチェア、オフィスチェア、ゲーミング、ラン,gaming-chair,CHAIRKER,,,,,9498
chair-bs-060,オットマン付き リクライニング 人間工学 高さ調整 デスクチェア オフィス PC用 テレワーク ,gaming-chair,—,,,,,14708
chair-bs-062,LX-08SW,gaming-chair,SeekFun,,,,,19750
chair-bs-063,オフィスチェア デスクチェア オットマン付き 【ソファのような座り心地】 ポケットコイル 椅子 ,gaming-chair,Efomao,,,,,16600
chair-bs-065,広々座面 ニットファブリック＆低反発クッション,gaming-chair,—,,,,,24980
chair-bs-066,170度リクライニング 58cm 広幅座面 人間工学設計 オフィスチェア 3D アームレスト 厚,gaming-chair,Localive,,,,,23649
chair-bs-067,ファブリック 通気性 蒸れない 肌に優しい 人間工学 腰痛対策 135°リクライニング テレワー,gaming-chair,ZJXKWIN,,,,,15980
chair-bs-069,PUレザー かっこいい オフィスチェア デスクチェア 椅子 ポケットコイルが内蔵 テレワーク 連,gaming-chair,GTPLAYER,,,,,15799
chair-bs-071,SYMINO 上質スエード素材 ポケットコイル内蔵 オフィスチェア,gaming-chair,SYMINO,,,,,9579
chair-bs-072,上質スエード素材 ポケットコイル内蔵 オットマン付 155度リクライニング オフィスチェア 社長,gaming-chair,Symino,,,,,18216
chair-bs-073,オフィスチェア デスクチェア 【8方向調整4Dアームレスト·155°リクライニング】 ゲーム用チ,gaming-chair,—,,,,,20980
chair-bs-075,ファブリック(黒),gaming-chair,HLDIRECT,,,,,11989
chair-bs-076,極 アグリラックス キワミ ゲーミングチェア あぐら対応 ソファチェア オフィスチェア 肉厚14,gaming-chair,AGRelux,,,,,39800
chair-bs-077,SUKIDA ファブリック オフィスチェア 通気性 蒸れない デスクチェア テレワーク,gaming-chair,SUKIDA,,,,,9333
chair-bs-078,ファブリック オフィスチェア 通気性 蒸れない デスクチェア テレワーク 疲れない 椅子 イス ,gaming-chair,SUKIDA,,,,,9980
chair-nr-001,オットマン付き PUレザー 腰枕付き 140°リクライニング 座高60-70CM,gaming-chair,—,,,,,9980
chair-nr-003,ファブリック オフィスチェア デスクチェア 通気性 人間工学 145度リクライニング オットマン,gaming-chair,Humergo,,,,,8783
chair-nr-004,ファブリック オフィスチェア デスクチェア 通気性 人間工学 145度リクライニング オットマン,gaming-chair,Humergo,,,,,21800
chair-nr-005,通気性 疲れない 145°リクライニング オットマン付き デスクチェア オフィスチェア ゲームチ,gaming-chair,GTPLAYER,,,,,15485
chair-nr-006,135度リクライニング 360度回転 ヘッドレスト ランバーサポート ゲーム用 おしゃれ フロア,gaming-chair,PUPOFA,,,,,88335
chair-nr-007,Soma Chroma ワイヤレス Chroma RGB ゲーミングチェア HyperSpeed,gaming-chair,Razer,,,,,88335
chair-nr-009,135°フルリクライニング オットマン付き 高級PUレザー 調節可能 ランバーサポート オフィス,gaming-chair,GTBoy,,,,,17630
chair-nr-010,ファブリック ブラック オットマン付き 140° 無段階リクライニング 連動アームレスト 通気性,gaming-chair,Nekkoflo,,,,,17630
chair-sr-001,オフィスチェア パソコンチェア 高級PUレザー 人間工学設計 チェア リクライニング90-130,gaming-chair,HERCULES,,,,,12980
chair-sr-002,椅子 オフィスチェア pcチェア 130度リクライニング オットマン付き ポケットコイル内蔵 蒸,gaming-chair,HERCULES,,,,,12980
chair-sr-007,オフィスチェア デスクチェア ゲーム用チェア リクライニング パソコンチェア ハイバック ヘッド,gaming-chair,GTPLAYER,,,,,16410
chair-sr-010,オフィスチェア デスクチェア ゲーム用チェア リクライニング パソコンチェア ハイバック ヘッド,gaming-chair,GTPLAYER,,,,,16308
chair-sr-013,エルゴノミクスチェア ゲーミングチェア 人間工学 メッシュ オフィスチェア リクライニング 8D,gaming-chair,PAX4,,,,,69900
chair-sr-014,PCチェア ハイバック 背もたれ調節可能 人間工学設計 90-155度のリクライニング機能 三角,gaming-chair,KARNOX,,,,,26800
chair-sr-015,PL800-WHITE,gaming-chair,GTPLAYER,,,,,11300
chair-sr-016,オットマン付き 高級PUレザー 135°リクライニング 調節可能 ランバーサポート デスク・オフ,gaming-chair,—,,,,,8531
chair-sr-018,オフィスチェア メッシュ デスクチェア 疲れない 椅子 リクライニング ハイバック チェア ラン,gaming-chair,SYALEN,,,,,44980
chair-sr-019,GT829-GRAY,gaming-chair,GTPLAYER,,,,,16830
chair-sr-020,オフィスチェア デスクチェア 社長椅子 ファブリック 155度リクライニング 昇降式肘掛け 卯の,gaming-chair,Dowinx,,,,,22999
chair-sr-021,幅広座面 オフィスチェア デスクチェア 通気性 人間工学設計 ハイバック 椅子 座り心地 腰痛対,gaming-chair,ゲーミングチェア オットマン付き,,,,,9980
chair-sr-023,PL800-pink,gaming-chair,GTPLAYER,,,,,12300
chair-sr-025,オフィスチェア 椅子 デスクチェア ゲーミングチェアトリガーボタン 操作しやすい アームレスト ,gaming-chair,GXTRACE,,,,,10980
chair-sr-028,ファブリック デスクチェア オットマン 椅子 イス テレワーク 【ポケットコイル採用】 腰痛対策,gaming-chair,GTPLAYER,,,,,17497
chair-sr-032,オットマン付き PUレザー リクライニング 収納式フットレスト 3Dヘッドレスト 調節可能 勉強,gaming-chair,—,,,,,9882
chair-sr-034,ファブリック オフィスチェア デスクチェア 椅子 昇降連動アームレスト リクライニング 手刺繍 ,gaming-chair,Dowinx,,,,,16850
chair-sr-036,オフィスチェア 上品な型押しデザイン 腰にポケットコイル内蔵 腰当て 腰が痛くならない 椅子 1,gaming-chair,GTPLAYER,,,,,19978
chair-sr-038,ファブリック オフィスチェア デスクチェア 椅子 昇降連動アームレスト リクライニング 手刺繍 ,gaming-chair,Dowinx,,,,,16850
chair-sr-039,オットマン付き オフィスチェア デスクチェア テレワーク 疲れない 幅広座面 椅子 イス 140,gaming-chair,—,,,,,7581
chair-sr-040,デスクチェア 幅広座面 145°リクライニング ポケットコイル オットマン付 ファブリック 収納,gaming-chair,Dowinx,,,,,16450
chair-sr-041,座り心地最高 デスクチェア オフィスチェア 肉厚座面 椅子 テレワーク ゲーム用チェア 伸縮可能,gaming-chair,—,,,,,22580
chair-sr-042,オフィスチェア 椅子 デスクチェア ゲーミングチェア ハンガー搭載 可動式独立型ランパーサポート,gaming-chair,GXTRACE,,,,,9799
chair-sr-045,オフィスチェア ゲーミングチェア 椅子 メッシュ ワークチェア 可動式独立型ランバーサポート 可,gaming-chair,—,,,,,10280
chair-sr-046,オットマン付き 幅広座面 オフェスチェア 連動ひじ掛け ハイバック ゲーム用 チェア 多機能 1,gaming-chair,NIONIK,,,,,8979
chair-sr-048,オットマン付き 135° リクライニング 高級PUレザー 調節可能 ランバーサポート オフィスチ,gaming-chair,GTBoy,,,,,8982
chair-sr-049,オフィスチェア 幅45奥行65.8高さ110～120cm 3段階リクライニング オットマン付き ,gaming-chair,—,,,,,14980
chair-sr-049-b0fpkvc1g3,オフィスチェア デスクチェア 社長椅子 上質なPUレザー 155度リクライニング 昇降式肘掛け ,gaming-chair,Dowinx,,,,,22999
chair-sr-050,高級PU,gaming-chair,HERCULES,,,,,9980
chair-sr-051-b0h1mzc9yf,オットマン付き 幅広座面 オフィスチェア デスクチェア 通気性 テレワーク 疲れない 椅子 イス,gaming-chair,SUKIDA,,,,,9980
chair-sr-052,ファブリック 幅広座面 オフィスチェア デスクチェア テレワーク 疲れない オットマン付き 椅子,gaming-chair,—,,,,,7980
chair-sr-052-b0fwjc98np,オフィスチェア デスクチェア 椅子 PUレザー 145度リクライニング 昇降連動アームレスト ク,gaming-chair,Dowinx,,,,,18200
chair-sr-054,GT829-BLACK,gaming-chair,GTPLAYER,,,,,16980
chair-sr-054-b07qgy4vgk,GTRACING ゲーミングチェア,gaming-chair,GTRacing,,,,,17380
chair-sr-056,デスクチェア オフィスチェア 人間工学通気性 ゲーミングチェア PCチェア 回転椅子 いす パソ,gaming-chair,JPBSTO,,,,,7680
chair-sr-056-b0gcd8gqp1,かわいい デスクチェア pcチェア ゲームチェア 椅子 なめらかなベロア にゃんこ刺繍 猫耳デザ,gaming-chair,GTPLAYER,,,,,18798
chair-sr-057,PL800-WHITE,gaming-chair,GTPLAYER,,,,,19705
chair-sr-059,【2026年素材 【１年無償保証付き】 オフィスチェア ゲーミングチェア デスクチェア （ブラッ,gaming-chair,—,,,,,18250
chair-sr-060,オフィスチェア 165°リクライニング 炭素繊維レザー オットマン付き ヴィンテージブラウン,gaming-chair,Dowinx,,,,,19800
chair-sr-065,(ワンネクスト) ゲーミングチェア オットマン付き デスクチェア パソコンチェア リクライニング,gaming-chair,onenext,,,,,8900
chair-sr-068,ゲーム用 チェア パソコン PC オフィス デスク オットマン付き 人間工学 165度リクライニ,gaming-chair,DoubleTT,,,,,9888
chair-sr-069,ゲーム用チェア デスクチェア オフィスチェア パソコンチェア テレワーク椅子 オットマン付き リ,gaming-chair,—,,,,,9480
chair-sr-071,ファブリック オフィスチェア 通気性 蒸れない デスクチェア テレワーク 疲れない 椅子 イス ,gaming-chair,SUKIDA,,,,,9980
chair-sr-072,スエード調ファブリック 幅広座面 オットマン付き 155° リクライニング 耐荷重 200kg ,gaming-chair,Symino,,,,,19800
chair-sr-077,ファブリック 170°リクライニング 3Dアームレスト ポケットコイル座面 オットマン付 あぐら,gaming-chair,Dowinx,,,,,22800
chair-sr-079,+ ゲーミングチェア リクライニング135° フットレスト付き オフィスチェア 在宅ワーク 椅子,gaming-chair,IPPO+,,,,,13839
chair-sr-081,"ファブリック オットマン付 デスクチェア (グレー, 標準シリンダー)",gaming-chair,Wisteria,,,,,39800
chair-sr-083,BIRDX(バーデックス) ゲーミングチェア オットマン付き デスクチェア パソコンチェア gaming chair リクライニング 日本…,gaming-chair,—,,,,,
chair-sr-085,GTPLYER ゲーミングチェア PC オフェスチェア デスクチェア 椅子 テレワーク 疲れない,gaming-chair,—,,,,,18999
chair-sr-086,オットマン リクライニング デスクチェア 高さ調整可能 PUレザー 通気性 ヘッドレスト&ランバ,gaming-chair,Yaheetech,,,,,12974
chair-sr-088,ファブリック リクライニング テレワーク 椅子 デスクチェア オフィスチェア パソコンチェア ブ,gaming-chair,Dowinx,,,,,17500
chair-sr-089,デスクチェア 社長椅子 ゲーム用椅子 リクライニング パソコンチェア フットレスト (ブラック),gaming-chair,ゲーミングチェア オフィスチェア,,,,,16500
chair-sr-090,通気性ファブリック ポケットコイル内蔵 オットマン付 155度リクライニング オフィスチェア 社,gaming-chair,Symino,,,,,19799
chair-sr-092,AutoFull(オートフル) C2 ゲーミングチェア ピンク 可愛い かわいい うさ耳 ヘアピ,gaming-chair,AutoFull(オートフル),,,,,11718
chair-sr-093,ファブリック 通気性 蒸れない 肌に優しい 人間工学 腰痛対策 135°リクライニング テレワー,gaming-chair,—,,,,,15980
chair-sr-097,JK21,gaming-chair,JKOOK,,,,,11980
chair-sr-099,背面メッシュ 4段階リクライニング 最大123° 座面前後調節 高密度ウレタン ゲーミングチェア,gaming-chair,—,,,,,49800
chair-sr-107,オフィスチェア 椅子 メッシュ 疲れない ゲーミングチェア コンパクト 高さ調節 幅広い座面 ク,gaming-chair,GTPLAYER,,,,,10418
chair-sr3-097,連動式アームレスト オットマン付き ゲーム用チェア PCチェア リクライニングチェア オフィスチ,gaming-chair,VICTONE,,,,,11850
chair-sr3-099,オフィスチェア デスクチェア 170度リクライニング 58cmワイド座面 人間工学設計 3Dアー,gaming-chair,—,,,,,
chair-sr3-099-b08cvngyhk,C2,gaming-chair,AutoFull,,,,,18659
chair-sr3-100,M18 オフィスチェア デスクチェア 人間工学 ハイバック パソコンチェア S字立体背もたれ テ,gaming-chair,SIHOO,,,,,18999
chair-sr3-102,オットマン付き デスクチェア オフェスチェア 連動ひじ掛け ハイバック ゲーム用 チェア 白 可,gaming-chair,NIONIK,,,,,11977
chair-sr3-103,不二貿易 ゲーミングチェア パーソナルチェア 幅68.5×奥行65.5×高さ118~125.5c,gaming-chair,—,,,,,15682
chair-sr3-104,ファブリック オフィスチェア デスクチェア 通気性 人間工学 145度リクライニング オットマン,gaming-chair,—,,,,,21800
chair-sr3-105,T-3 RUSH V2 Grey/White 2023新モデル ゲーミングチェア オフィス/デス,gaming-chair,CORSAIR,,,,,42980
chair-sr3-106,座り心地最高 オフィスチェア 通気性 パソコンチェア デスクチェア リクライニング PCゲーミン,gaming-chair,Homracer,,,,,19800
chair-sr3-107,M57 メッシュチェア オフィスチェア 人間工学 椅子 疲れない デスクチェア ブラック,gaming-chair,SIHOO,,,,,18999
chair-sr3-109,LR002-GRAY,gaming-chair,GTPLAYER,,,,,20500
chair-sr3-110,デスクチェア オフィスチェア 社長椅子 座り心地最高 伸縮可能のオットマン 高さ調節機能 ハイバ,gaming-chair,Maydolly,,,,,11999
chair-sr3-111,HUANUO デスクチェア オフィスチェア 人間工学椅子 パソコンチェア pcチェア ゲーミングチェア,gaming-chair,—,,,,,10999
chair-sr3-112,オフィスチェア デスクチェア 椅子 ゲーミングチェア ゲームチェア ブラック 腰サポート 跳ね上,gaming-chair,GXTRACE,,,,,23800
chair-sr3-113,C2,gaming-chair,—,,,,,24980
chair-sr3-114,デスクチェア オフィスチェア 耐久性向上素材 座り心地最高 肉厚座面 ポケットコイル搭載 ゲーミ,gaming-chair,Maydolly,,,,,12999
chair-sr3-115,C3,gaming-chair,AutoFull,,,,,26980
chair-sr3-116,オフィスチェア、ゲーミングチェア、頑丈な PU ハイバックデスクチェア、人間工学に基づいたチェア,gaming-chair,—,,,,,13431
chair-sr3-117,[Goswave] オフィスチェア デスクチェア 人間工学 メッシュ ハイバック 145度リクラ,gaming-chair,—,,,,,15999
chair-sr3-118,社長椅子 オフィスチェア デスクチェア 360°回転 高さ調整可能 肘掛け付き リクライニング ,gaming-chair,—,,,,,15999
chair-sr3-120,CH335-Black,gaming-chair,GTPLAYER,,,,,10987
chair-sr4-091,M6 Ultra 2.0,gaming-chair,AutoFull,,,,,99890
chair-sr4-092,G7,gaming-chair,AutoFull,,,,,69980
chair-sr4-093,G7,gaming-chair,AutoFull,,,,,69980
chair-sr4-094,G7,gaming-chair,AutoFull,,,,,69980
chair-sr4-145,デスクチェア オットマン付き ゲーミングチェア リクライニング 足置き フットレスト付きゲーミン,gaming-chair,—,,,,,9800
chair-sr4-146,ゲーミングチェア メッシュ レバー式 14段階 リクライニング 15110004(49156),gaming-chair,CYBER-GROUND,,,,,7999
chair-sr4-147,オットマン付き PUレザー リクライニング 収納式フットレスト 3Dヘッドレスト 高さ調節可能 ,gaming-chair,—,,,,,21800
chair-sr4-149,オフィスチェア 椅子 テレワーク 疲れない 跳ね上げ式アームレスト コンパクト 約105度ロッキ,gaming-chair,EdoErgo,,,,,6880
chair-sr4-150,オフィスチェア メッシュ座面 跳ね上げ式アームレスト 2Dヘッドレスト 調節可能腰サポート ロッ,gaming-chair,Marsail,,,,,13999
chair-sr4-151,HUANUO (ファーノー) デスクチェア オフィスチェア フルメッシュ 人間工学椅子 通気性 ,gaming-chair,—,,,,,12349
chair-sr4-152,オフィスチェア 人間工学 オットマン付き PC チェア(ホワイト),gaming-chair,LEEKAE?LIO,,,,,16788
chair-sr4-153,オフィスチェア 疲れない 人間工学 デスクチェア PCチェア メッシュ ワークチェア 椅子 イス,gaming-chair,—,,,,,9998
chair-sr4-154,デスクチェア 360度回転 昇降機能 リクライニングチェア 事務椅子 ブラック,gaming-chair,—,,,,,9960
chair-sr4-155,人間工学 オフィスチェア メッシュチェア - 3D 可調節腰当て & 3D アームレスト,gaming-chair,HOLLUDLE,,,,,15999
chair-sr4-156,force,gaming-chair,エア・リゾーム,,,,,12490
chair-sr4-157,オフィスチェア デスクチェア 椅子 ゲーミングチェア ゲームチェア ブラック 腰サポート 3Dヘ,gaming-chair,GXTRACE,,,,,12800
chair-sr4-158,オフィスチェア デスクチェア テレワーク 疲れない チェア リクライニング 収納式フットレスト ,gaming-chair,—,,,,,9999
chair-sr4-163,オフィスチェア デスクチェア（ブラック）社長椅子 ポケットコイル ２重クッション ワークチェア ,gaming-chair,iLooiLoo,,,,,16450
chair-sr4-164,タンスのゲン オフィスチェア 【床傷防止！PUキャスター】腰楽ランバーサポート メッシュ ロッキ,gaming-chair,—,,,,,6999
chair-sr4-175,人間工学ゲーミングチェア 145°リクライニング 可動アームレスト 高さ調節 フットレスト付き ,gaming-chair,—,,,,,17964
chair-sr4-178,リクライニングソファー 手動ソファ リビング・書斎用 回転式 1人掛けソファー ゲーミングチェア,gaming-chair,—,,,,,27500
chair-sr4-185,ATURBO ゲーミングチェア オフィスチェア 上質PUレザー 座り心地良い 伸縮式オットマン ,gaming-chair,—,,,,,18999
chair-sr4-192,エグゼクティブオフィスチェア 快適なランバーサポート付き 人間工学に基づいたゲーミングチェア 跳,gaming-chair,GTPOFFICE,,,,,50118
ai-rank-001,Focusrite Scarlett Solo 第4世代,audio-interface,Focusrite,XLR、TRS,192kHz,対応 (+48V),"Windows , macOS , iOS",18490
ai-search-011,TOPPING E 2x2 OTG,audio-interface,TOPPING,XLR/TRSコンボ、6.35mm,192kHz,対応 (+48V),"Windows, macOS",34650
ai-search-060,Zoom TAC-2R,audio-interface,ZOOM,XLR/TRSコンボ,192kHz,対応 (+48V),macOS 10.14–13,57482
ai-search-061,AMS-24,audio-interface,ZOOM,XLR/TRSコンボ,96kHz,対応 (+48V),"Windows, macOS, iOS, Android",14300
ai-rank-002,AT-UMX3,audio-interface,オーディオテクニカ,"XLR/TRSコンボ, 6.35ｍｍ",192kHz,対応 (+48V),"Windows, macOS, iOS, Android",19800
ai-search-012,GO:MIXER STUDIO,audio-interface,Roland,"XLR, 6.35mm 、3.5ｍｍ",192kHz,対応 (+48V),"Windows, macOS",34364
ai-search-020,Rubix44,audio-interface,Roland,XLR/TRSコンボ,192kHz,対応 (+48V),"Windows, macOS",30000
ai-search-030,EVO 4,audio-interface,Audient,"XLR/TRSコンボ, 6.35mm",96kHz,対応 (+48V),"Windows, macOS, iOS",24970
ai-rank-003,M-AUDIO M-Track Solo,audio-interface,M-Audio,"XLR/TRSコンボ, 6.35ｍｍ",48kHz,対応 (+48V),"Windows, macOS",6600
ai-search-043,iRig Stream,audio-interface,IK Multimedia,XLR/TRSコンボ、RCA,96kHz,—,"Windows, macOS, iOS, Android",23986
ai-search-062,AT-UMX3 WH,audio-interface,オーディオテクニカ,XLR/TRSコンボ,192kHz,対応 (+48V),"Windows, macOS, iOS, Android",21780
ai-rank-004,AG03MK2 LSPK WHITE,audio-interface,—,"XLR/TRSコンボ, 6.35ｍｍ、3.5ｍｍ",192kHz,対応 (+48V ),"Windows, macOS, iOS,",48800
ai-search-013,Rubix22,audio-interface,Roland,XLR/TRSコンボ×2,192kHz,対応 (+48V),Windows,14364
ai-search-021,PlayAUDIO1U,audio-interface,iConnectivity,"XLR/TRSコンボ×2, 6.35mm",192kHz,対応 (+48V),"Windows, macOS, iOS",218680
ai-search-031,UMC204HD,audio-interface,Behringer,XLR/TRSコンボ,192kHz,対応 (+48V),"Windows, macOS",18700
ai-rank-005,MOTU M2,audio-interface,MOTU,"XLR/TRSコンボ, 6.35ｍｍ",192kHz,対応 (+48V),"Windows, macOS",35970
ai-search-032,KORG microAUDIO 722,audio-interface,KORG,XLR/TRSコンボ,192kHz,対応 (+48V),"Windows, macOS, iOS, Android",27500
ai-search-051,AG03MK2,audio-interface,YAMAHA,XLR/TRSコンボ、6.35mm,—,—,"Windows, macOS, iOS",48800
ai-rank-006,YAMAHA ZG02,audio-interface,YAMAHA,XLR/TRSコンボ,48kHz,対応 (+48V),—,23555
ai-search-006,BRIDGE CAST ONE,audio-interface,Roland,XLR×1,—,対応 (+48V),"Windows, macOS",25580
ai-search-014,E1X2 OTG,audio-interface,TOPPING,XLR/TRSコンボ,192kHz,対応 (+48V),"Windows, macOS",26730
ai-search-022,Scarlett 2i2 第3世代,audio-interface,Focusrite,XLR/TRSコンボ,192kHz,対応 (+48V),"Windows, macOS、Linux",30980
ai-search-033,COOLSELL G47,audio-interface,—,6.35mm、3.5mm,192kHz,—,"Windows, macOS, iOS, Android",6999
ai-rank-007,ZOOM AMS-22,audio-interface,ZOOM,XLR/TRSコンボ、3.5ｍｍ,96kHz,対応 (+48V),"Windows, macOS, iOS, Android",9900
ai-search-023,POLAR GO,audio-interface,Blackstar,"XLR/TRSコンボ, 内蔵ステレオマイク",96kHz,対応 (+48V),"Windows, macOS, iOS, Android",12980
ai-search-052,U24XL,audio-interface,ESI,"TRS,6.35mm",48kHz,—,"Windows, macOS",19444
ai-rank-008,Babyface Pro FS,audio-interface,RME,"XLR/TRSコンボ, 6.35ｍｍ、ADAT",192kHz,対応 (+48V),"Windows, macOS, iOS, Android",132000
ai-search-024,audient iD24 10in/14out USBオーディオインターフェース,audio-interface,Audient,"XLR/TRSコンボ, 6.35mm, ADAT",96kHz,対応 (+48V),"Windows, macOS",68200
ai-search-034,Teenage Engineering TX-6 ポータブルミキサー マルチチャンネルオーディオインターフェイス,audio-interface,—,3.5ｍｍ,48kHz,—,"Windows, macOS",161700
ai-search-035,Fender Quantum LT 16,audio-interface,Fender,"XLR/TRSコンボ, 6.35mm , TRSライン",192kHz,—,"Windows, macOS",68530
ai-search-044,TC Helicon Go XLR,audio-interface,—,XLR,—,対応 (+48V),Windows,59800
ai-rank-010,Arturia MiniFuse 2,audio-interface,Arturia,"XLR/TRSコンボ, 6.35ｍｍ",192kHz,対応 (+48V),"Windows, macOS",17600
ai-search-036,TONOR TX510 オーディオインターフェース,audio-interface,TONOR,XLR/TRSコンボ,192kHz,—,"Windows, macOS",9999
ai-search-053,APOLLO SOLO USB Heritage Edition,audio-interface,Universal Audio,XLR/TRSコンボ,—,—,Windows,118800
ai-search-063,MiNiSTUDIO CREATOR US-42W,audio-interface,TASCAM,XLR/TRSコンボ、3.5ｍｍ,96kHz,対応 (+48V),"Windows, macOS",11550
ai-rank-011,DILVO STREAM MIX LITE,audio-interface,DILVO,"XLR/TRSコンボ, 6.35ｍｍ",44.1kHz,対応 (+48V),"Windows, macOS, iOS, Android",6980
ai-search-015,XENYX 502S,audio-interface,Behringer,"XLR,TRS、 6.35mm",—,対応 (+48V),—,11800
ai-search-025,Behringer XENYX 802S,audio-interface,Behringer,"XLR、TRS, RCA",—,非搭載,—,14800
ai-search-064,M-Track Duo,audio-interface,M-Audio,"XLR/TRSコンボ, 6.35ｍｍ、",48kHz,対応 (+48V),"Windows, macOS",7700
audio-interface-ssl2-mk2,SSL2 MkⅡ,audio-interface,Solid State Logic (SSL),XLR/TRSコンボ ×2、Hi-Z (6.35mm) ×2,192kHz,対応 (+48V),"Windows, macOS, iOS",39600
audio-interface-yamaha-ag06mk2-b,AG06MK2 B,audio-interface,ヤマハ (YAMAHA),"XLR/TRSコンボ, AUX, TRRS",192kHz,対応 (+48V),"Windows, macOS, iOS",23798
ai-search-001,Arturia MiniFuse 1,audio-interface,Arturia,"XLR/TRSコンボ, 6.35ｍｍ",192kHz,対応 (+48V),"Windows, macOS",12205
audio-interface-ua-volt-276,Universal Audio Volt 276,audio-interface,Universal Audio,XLR/TRSコンボ,192kHz,対応 (+48V),"Windows, macOS, iOS",49500
ai-search-016,Antelope Audio Zenith 2,audio-interface,Antelope,XLR/TRSコンボ,192kHz,対応 (+48V),"Windows, macOS, iOS, Android",42900
ai-search-037,MiniFuse 2 OTG,audio-interface,Arturia,XLR/TRSコンボ,48kHz,対応 (+48V),"Windows, macOS",24213
ai-search-054,MAYA44USB+,audio-interface,ESI,6.35mm,96kHz,—,"Windows, macOS",17018
ai-search-007,UR22C,audio-interface,Steinberg,XLR/TRSコンボ,192kHz,対応 (+48V),"Windows, macOS",29500
ai-search-017,Behringer UMC404HD,audio-interface,Behringer,XLR/TRSコンボ,192kHz,対応 (+48V),"Windows, macOS",25300
ai-search-026,Quantum LT4,audio-interface,Fender,"XLR/TRSコンボ, 6.35mm",192kHz,—,"Windows, macOS",22458
ai-search-038,Audient iD44mkII,audio-interface,Audient,"XLR、6.35ｍｍ, ADAT,",96kHz,対応 (+48V),"Windows, macOS",113200
ai-search-055,Phono Plus USB,audio-interface,ART,RCA,48kHz,非対応,"Windows, macOS",16720
ai-search-065,SC8,audio-interface,FIFINE,"XLR,3.5mm",48kHz,対応 (+48V),"Windows, macOS, iOS, Android",11299
ai-rank-014,BEHRINGER UM2,audio-interface,Behringer,"XLR/TRSコンボ, 6.35ｍｍ",48kHz,対応 (+48V),"Windows, macOS",7700
ai-search-045,Link I/O,audio-interface,Fender,6.35mm,96kHz,非対応,"Windows, macOS, iOS, Android",15844
ai-search-056,BEHRINGER XENYX 302USB,audio-interface,Behringer,XLR/TRSコンボ、RCA,—,対応 (+15V),"Windows, macOS",11000
ai-rank-015,Roland BRIDGE CAST,audio-interface,Roland,XLR、AUX,96kHz,対応 (+48V / 各XLR),"Windows, macOS",37400
ai-search-002,Volt 876 USB Audio Interface,audio-interface,Universal Audio,"XLR/TRSコンボ, 6.35ｍｍ",192kHz,対応 (+48V / 各入力),"Windows, macOS",158500
ai-rank-016,URX22C,audio-interface,YAMAHA,"XLR/TRSコンボ, 6.35ｍｍ",192kHz,対応 (+48V / 各入力),"Windows, macOS",28600
ai-search-046,Apollo Twin X DUO Gen 2,audio-interface,Universal Audio,"XLR/TRSコンボ, 6.35mm, ADAT",192kHz,対応 (+48V ）,"Windows, macOS",206041
ai-search-066,ヤマハ AG03MK2,audio-interface,—,"XLR×1, 6.3mm",192kHz,対応 (+48V),"Windows, macOS, iOS, Android",23280
ai-rank-017,Scarlett Solo 第3世代,audio-interface,Focusrite,"XLR/TRSコンボ, 6.35ｍｍ",192kHz,対応 (+48V),Windows、macOS、Linux,19500
ai-search-003,YAMAHA UR12MK3W,audio-interface,YAMAHA,"XLR/TRSコンボ, 6.35ｍｍ",192kHz,対応 (+48V),"Windows, macOS",16500
ai-search-027,BOMGE USBオーディオインターフェース SOLO,audio-interface,BOMGE,XLR/TRSコンボ,192kHz,対応 (+48V),"Windows, macOS",5290
ai-search-057,KYXAIN ギターオーディオインターフェース,audio-interface,—,6.35mm×1,48kHz,非対応,"Windows, macOS, iOS, Android、Linux",6566
ai-search-067,Roland BRIDGE CAST,audio-interface,Roland,"XLR, 3.5mm",96kHz,対応 (+48V),"Windows, macOS,iOS",36532
ai-search-018,MOTU UltraLite mk5,audio-interface,MOTU,"XLR/TRSコンボ, 6.35mm, ADAT",192kHz,対応 (+48V / 各XLR),"Windows, macOS",129800
ai-search-047,URX44C,audio-interface,YAMAHA,"XLR/TRSコンボ, 6.35mm",192kHz,—,"Windows, macOS, iOS",50000
ai-search-068,AMS-44,audio-interface,ZOOM,XLR/TRSコンボ,96kHz,対応 (+48V),"Windows, macOS, iOS, Android",18274
ai-rank-019,YAMAHA UR22MK3,audio-interface,YAMAHA,"XLR/TRSコンボ, 6.35ｍｍ",192kHz,対応 (+48V / 各入力),"Windows, macOS、ios",19800
ai-search-004,Elgato Wave XLR MK.2,audio-interface,Elgato,XLR×1,48kHz,—,"Windows, macOS",28980
ai-search-028,XLR Dock MK.2,audio-interface,Elgato,XLR,48kHz,対応 (+48V),"Windows, macOS",24021
ai-search-039,IK Multimedia iRig Pro Duo I/O,audio-interface,IK Multimedia,XLR/TRSコンボ,48kHz,対応 (+48V),"Windows, macOS, iOS, Android",39356
ai-rank-020,UR12MK3,audio-interface,YAMAHA,"XLR/TRSコンボ, 6.35ｍｍ",192kHz,対応 (+48V),"Windows, macOS、ios",16500
ai-search-008,iRig USB,audio-interface,IK Multimedia,6.35ｍｍ,48kHz,非対応,"Windows, macOS",13884
ai-search-040,Reloop FLUX DVSインターフェース,audio-interface,Reloop,RCAステレオ,96kHz,非対応,"Windows, macOS",69900
ai-search-058,Audient evo 16,audio-interface,Audient,"XLR/TRSコンボ, 6.35ｍｍ、",192kHz,対応 (+48V ),"Windows, macOS",89980
ai-rank-021,Steinberg UR22mkII,audio-interface,Steinberg,"XLR/TRSコンボ, 6.35ｍｍ",192kHz,対応 (+48V / 各入力),"Windows, macOS, iOS",26600
ai-search-009,AG06MK2 W,audio-interface,YAMAHA,"XLR/TRSコンボ, 6.35ｍｍ",192kHz,対応 (+48V / CH1-2),"Windows, macOS",29650
ai-search-048,Steinberg IXO12,audio-interface,Steinberg,XLR/TRSコンボ、6.35mm,192kHz,対応 (+48V),"Windows, macOS, iOS",36460
ai-search-005,Steinberg UR44,audio-interface,Steinberg,"XLR/TRSコンボ, 6.35ｍｍ",192kHz,対応 (+48V / 各入力),"Windows, macOS",19800
ai-search-010,Audient iD14mkII,audio-interface,Audient,"XLR/TRSコンボ 、3.5ｍｍ, ADAT",96kHz,対応 (+48V),"Windows, macOS, iOS",49115
ai-search-041,TC-HELICON GO XLR MINI,audio-interface,TC-HELICON,XLR/TRSコンボ、3.5ｍｍ,48kHz,対応 (+24V),Windows,31900
ai-search-059,Vocaster Two,audio-interface,Focusrite,3.5mm、bluetooth,48kHz,非対応,"Windows, macOS",24817
ai-search-069,M4,audio-interface,MOTU,XLR/TRSコンボ、6.35ｍｍ,192kHz,対応 (+48V),"Windows, macOS",47960
ai-rank-023,BEHRINGER UCA222,audio-interface,Behringer,RCA,48kHz,非対応,"Windows, macOS",3256
ai-search-019,Behringer U-PHORIA UMC202HD,audio-interface,Behringer,XLR/TRSコンボ,192kHz,対応 (+48V),"Windows, macOS",15950
ai-search-029,IK Multimedia AXE I/O ONE,audio-interface,IK Multimedia,XLR/TRSコンボ,192kHz,非搭載,Windows,25300
ai-search-042,Volt 476P,audio-interface,Universal Audio,XLR/TRSコンボ,192kHz,対応 (+48V),"Windows, macOS, iOS",70400
ai-search-070,MiNiSTUDIO PERSONAL US-32W,audio-interface,TASCAM,XLR,192kHz,—,"Windows, macOS",7700
ai-rank-025,Roland Rubix24,audio-interface,Roland,XLR/TRSコンボ,192kHz,対応 (+48V),"Windows, macOS, iOS",18091
ai-rank-026,Behringer UMC1820,audio-interface,Behringer,"XLR/TRSコンボ, 6.35ｍｍ、ADAT",96kHz,対応 (+48V),—,32545
ai-rank-027,Maonocaster E2 (AU-E2),audio-interface,MAONO,XLR、3.5ｍｍ、Bluetooth,—,対応 (+48V),"Windows, macOS, Android",7999
ai-search-071,iXZ,audio-interface,TASCAM,XLR、6.35ｍｍ、3.5ｍｍ,192kHz,対応 (+48V),iOS、android,
ai-rank-028,Shure MVX2U（第二世代）,audio-interface,Shure,XLR,192kHz,対応 (+48V),"Windows, macOS, iOS, Android",21900
ai-search-072,UR22MK3 B,audio-interface,YAMAHA,"XLR/TRSコンボ, 6.35mm",192kHz,対応 (+48V),"Windows, macOS, iOS",22000
ai-rank-029,Behringer UCA202,audio-interface,Behringer,RCA,48kHz,非対応,"Windows, macOS",4400
ai-rank-030,iRig 2,audio-interface,IK Multimedia,6.35mm,—,非対応,"Windows, macOS",6910
ai-rank-031,AudioBox Go,audio-interface,Fender,"XLR/TRSコンボ, 6.35ｍｍ",96kHz,対応 (+48V),"Windows, macOS",11180
ai-search-073,MVX2U,audio-interface,Shure,XLR,48kHz,対応 (+48V),"Windows, macOS",17400
ai-rank-032,Universal Audio Volt 176,audio-interface,Universal Audio,XLR/TRSコンボ,192kHz,対応 (+48V),"Windows, macOS",29430
ai-rank-033,ゲーミングオーディオミキサー Leymibor,audio-interface,MAONO,"XLR,3.5mm",—,対応 (+48V),Win / Mac,6599
ai-search-074,E 2x2 OTG,audio-interface,TOPPING,"XLR/TRSコンボ, 6.35mm,",192kHz,対応 (+48V),"Windows, macOS, iOS, Android",34650
ai-rank-037,TASCAM US-4X4HR,audio-interface,TASCAM,XLR,192kHz,対応 (+48V / 各入力),"Windows, macOS, iOS",39600
ai-search-075,BOMGE M12 オーディオインターフェース,audio-interface,BOMGE,XLR/TRSコンボ、3.5ｍｍ,—,対応 (+48V),"Windows, macOS",3490
ai-search-076,MicroAUDIO 22,audio-interface,KORG,XLR/TRSコンボ,192kHz,対応 (+48V),"Windows, macOS",22000
ai-search-077,Razer Audio Mixer,audio-interface,Razer,XLR/TRSコンボ、3.5ｍｍ,—,対応 (+48V),Windows,16800
ai-search-078,UMC22,audio-interface,Behringer,"XLR/TRSコンボ, 6.35mm",48kHz,対応 (+48V),"Windows, macOS",9100
ai-search-079,US-2X2HR,audio-interface,TASCAM,XLR/TRSコンボ,192kHz,対応 (+48V),"Windows, macOS, iOS",26730
ai-rank-051,Mini 2ch USBオーディオIF,audio-interface,BOMGE,XLR/TRSコンボ,48kHz,対応 (+48V),"Windows, macOS",4290
ai-rank-052,SSL2+ MKII オーディオインターフェース,audio-interface,SSL,"XLR/TRSコンボ, 6.35ｍｍ",192kHz,対応 (+48V),"Windows, macOS",47212
ai-rank-053,Audient iD4 mkII,audio-interface,Audient,"XLR,TRS,ADAT",96kHz,対応 (+48V),"Windows, macOS, iOS",33506
audio-interface-roland-bridge-cast-x,BRIDGE CAST X,audio-interface,ローランド (Roland),"XLR, HDMI ×2, USB Type-C ×2, AUX",96kHz,対応 (+48V),"Windows, macOS, PS5, Switch",65800
ai-search-080,AMIX40U,audio-interface,NearStream,XLR/TRSコンボ、3.5mm、bluetooth,—,対応 (+48V),"Windows, macOS, iOS, Android",19980
ai-rank-057,TASCAM US-366,audio-interface,TASCAM,"XLR、TRS,3.5mm",192kHz,—,"Windows, macOS",6578
ai-rank-058,MAONO PS22 LITE,audio-interface,MAONO,"XLR, TRS",192kHz,対応 (+48V),"Windows, macOS, iOS, Android",9599
ai-rank-059,RODE Microphones ロードキャスタープロ II,audio-interface,RODE,"XLR/TRSコンボ, Bluetooth",48kHz,—,"Windows, macOS, iOS",115000
ai-search-081,USB Audio Interface XLR/48V with Phantom Powe…,audio-interface,BOMGE,XLR/TRSコンボ,192kHz,対応 (+48V),"Windows, macOS",7490
ai-rank-060,PreSonus Revelator io24,audio-interface,PreSonus,"XLR,TRS",96kHz,対応 (+48V),"Windows, macOS",31575
ai-search-082,UR242,audio-interface,Steinberg,"XLR/TRSコンボ, 6.35mm",192kHz,対応 (+48V),"Windows, macOS, iOS",11980
ai-rank-061,NearStream AMIX20U,audio-interface,NearStream,"XLR/TRSコンボ, Bluetooth,3.5mm",—,対応 (+48V),"Windows, macOS, iOS, Android",12980
ai-search-083,AG03,audio-interface,YAMAHA,XLR×1,48kHz,対応 (+48V),"Windows, macOS, iOS, Android",
ai-rank-062,Quantum LT2,audio-interface,Fender,"XLR/TRSコンボ, 6.35ｍｍ",192kHz,対応 (+48V),"Windows, macOS,",17986
ai-rank-063,ZOOM UAC-232,audio-interface,ZOOM,"XLR/TRSコンボ, 6.35ｍｍ",192kHz,対応 (+48V),"Windows, macOS, iOS",24900
ai-search-084,Synido USB-C オーディオインターフェース,audio-interface,Synido,XLR/TRSコンボ,48kHz,対応 (+48V),"Windows, macOS, iOS",6475
ai-rank-064,LEWITT CONNECT 2,audio-interface,LEWITT,"XLR,TRS",96kHz,対応 (+48V),"Windows, macOS, iOS",25140
ai-search-085,コンパクトUSBオーディオIF,audio-interface,—,XLR/TRSコンボ×1,—,—,Win / Mac,5037
ai-rank-065,MAONO AME2A,audio-interface,—,"XLR、TRS, 3.5mm",—,対応 (+48V),"Windows, macOS, iOS, Android",11800
ai-rank-066,GIGAPORT eX,audio-interface,ESI,6.35mm TRS×4,192kHz,非対応,"Windows, macOS, iOS",34651
ai-search-086,BOMGE BMG11S USB オーディオインターフェイス,audio-interface,BOMGE,XLR/TRSコンボ、6.35ｍｍ,192kHz,対応 (+48V),"Windows, macOS, iOS, Android、Linux",5990
ai-search-087,IXO12,audio-interface,Steinberg,"XLR/TRSコンボ×1, Hi-Z Inst×1",192kHz,対応 (+48V),"Windows 10/11, macOS 11+, iOS",
ai-rank-068,BOMGE U204 USB オーディオインターフェイス,audio-interface,BOMGE,"XLR/TRSコンボ, Bluetooth,3.5mm",192kHz,対応 (+48V),"Windows, macOS",7290
ai-search-088,CONNECT 6,audio-interface,LEWITT,XLR/TRSコンボ,48kHz,対応 (+48V),—,42900
ai-search-089,Synido Live Duet USB-C オーディオインターフェース,audio-interface,Synido,XLR/TRSコンボ、3.5ｍｍ,48kHz,対応 (+48V),Win / Mac,9227
ai-rank-071,ヤマハ URX44V,audio-interface,YAMAHA,"XLR/TRSコンボ,、3.5mm",192kHz,対応 (+48V),"Windows, macOS",114899
ai-search-090,UR-RT2,audio-interface,Steinberg,XLR/TRSコンボ、6.35ｍｍ,192kHz,対応 (+48V),Win / Mac、iOS,30228
audio-interface-yamaha-urx22-w,URX22 W,audio-interface,ヤマハ (YAMAHA),"XLR/TRSコンボ ×2, Hi-Z ×1, AUX, USB",192kHz,対応 (+48V),"Windows, macOS, iOS",39600
ai-search-092,IXO22,audio-interface,Steinberg,XLR/TRSコンボ,192kHz,—,"Windows, macOS",
ai-search-093,HyperX Audio Mixer,audio-interface,HyperX,XLR/TRSコンボ,192kHz,対応 (+48V),"Windows, macOS,iOS",26800
ai-search-094,BOOM,audio-interface,Apogee,"XLR/TRSコンボ,6.35mm",192kHz,非対応,"Windows, macOS",39600
ai-rank-077,iRig HD X,audio-interface,IK Multimedia,6.35mm,96kHz,非対応,"Windows, macOS",20800
ai-search-095,Amber i4,audio-interface,ESI,"XLR/TRSコンボ,6.35mm",192kHz,—,"Windows, macOS,Linux",33333
ai-rank-079,CONNECT 2,audio-interface,LEWITT,XLR,96kHz,対応 (+48V),"Windows, macOS, iOS",31800
ai-search-096,iRig 2,audio-interface,IK Multimedia,TRS,—,非対応,"Windows, macOS",
ai-rank-080,Focusrite Scarlett 18i20,audio-interface,Focusrite,"XLR/TRSコンボ, 6.35ｍｍ",192kHz,対応 (+48V / 各XLR),"Windows, macOS, iOS",93000
ai-search-097,Series 102i,audio-interface,TASCAM,XLR,192kHz,対応 (+48V),"Windows, macOS,iOS",29700
ai-search-098,Sonic Cube II,audio-interface,Sonicake,"XLR/TRSコンボ,6.35mm",48kHz,対応 (+48V),"Windows, macOS,iOS,Android",9900
ai-search-099,U-44,audio-interface,ZOOM,XLR/TRSコンボ,48kHz,対応 (+48V),"Windows, macOS",14800
ai-search-100,BOMGE U202 USBオーディオインターフェイス,audio-interface,BOMGE,XLR/TRSコンボ,192kHz,対応 (+48V),"Windows, macOS",6290
ai-search-101,KOMPLETE AUDIO 1,audio-interface,Native Instruments,"XLR, 6.35mm",192kHz,対応 (+48V),"Windows, macOS",9480
ai-search-102,Series 208i,audio-interface,TASCAM,"XLR×8, ライン×12",192kHz,—,Win / Mac,
ai-search-103,AudioBox USB 96,audio-interface,PreSonus,XLR/TRSコンボ×2,—,—,Win / Mac,
ai-search-105,TC HELICON GO TWIN,audio-interface,TC-HELICON,XLR/TRSコンボ,48kHz,対応 (+48V),"Windows, macOS,iOS",19800
ai-search-106,MOTU 828,audio-interface,MOTU,"XLR/TRSコンボ, 6.35mm , ADAT",192kHz,対応 (+48V),"Windows, macOS",189750
ai-search-107,Positive Grid RIFF,audio-interface,Positive Grid,6.35mm,96kHz,非対応,"Windows, macOS,iOS",16390
ai-search-108,UR-RT4,audio-interface,Steinberg,XLR/TRSコンボ、6.35ｍｍ,192kHz,対応 (+48V),"Windows, macOS,iOS",
ai-search-109,iRig Stream Pro,audio-interface,IK Multimedia,XLR/TRSコンボ、RCA、3.5mm,96kHz,対応 (+48V),"Windows, macOS,iOS,Android",36413
ai-search-110,ポータブルオーディオIF,audio-interface,Synido,6.35mm×1,—,—,Win / Mac,
ai-search-111,Apogee BOOM,audio-interface,Apogee,XLR/TRSコンボ、6.35ｍｍ,192kHz,対応 (+48V),"Windows, macOS,iOS",39600
ai-search-112,SHURE MOTIV MVi,audio-interface,Shure,XLR/TRSコンボ,48kHz,対応 (+48V),"Windows, macOS,iOS,Android",
ai-search-113,PBS-4,audio-interface,—,"XLR×2, RCA×2",—,—,Win / Mac,
ai-search-114,Fluid Audio SRI-2,audio-interface,Fluid Audio,XLR/TRSコンボ,192kHz,—,Windows,31242
ai-search-115,MV-Mixer,audio-interface,Shure,XLR/TRSコンボ,192kHz,対応 (+48V),"Windows, macOS",19799
ai-search-116,Apollo Twin MKII,audio-interface,Universal Audio,"XLR/TRSコンボ×2, Hi-Z×1, ADAT",—,—,Win,
