ID,名称,商品説明,価格,画面サイズ,解像度,リフレッシュレート,液晶パネルの種類,VESA規格,重量,接続端子
mon-dell-s2722qc,S2722QC,27インチ4K・USB-C 65W給電対応のクリエイター向けIPSモニター,42800,"27""",4K (3840×2160),60Hz,IPS非光沢,100×100 mm,4.7 kg,USB Type-C: x1 (映像/データ/65W PD) / HDMI: 2.0 x2 / USB-A: 3.2 Gen1 x2 (ハブ) / 音声: ラインアウト x1
mon-lg-24gn65r,UltraGear 24GN65R-B,【Amazon.co.jp 限定】LG ゲーミングモニター UltraGear 24GN65R-B 23.8インチ/ フルHD/IPS/ 144Hz/ 1ms(GTG)/ HDR/AMD FreeSync Premium/高さ調整、ピボット対応/HDMI、DisplayPort/ 3年安心・無輝点保証,24800,"23.8""",FHD (1920×1080),144Hz,IPS非光沢,100×100 mm,5.6 kg,HDMI: x1 / DisplayPort: x1 / ヘッドホン: 3.5 mm x1
mon-asus-pa279cv-j,ProArt PA279CV-J,ASUS 4K モニター ProArt PA279CV-J 27インチ(無輝点交換保証 HDR IPS Type-C 65W PD Display Port HDMIx2 高さ調整 縦横回転 SRGB100% Rec.709 Calman Verified ProArt パレット搭載),56480,"27""",4K (3840×2160),60Hz,IPS非光沢,100×100 mm,8.6 kg,USB Type-C: x1 (DP Alt / DisplayPort: 1.2 x1 / HDMI: 2.0 x2 / USB-A: 3.1 x4 (ハブ)
mon-bs-001,EVC-1506S モバイルモニター,EVICIV モバイルモニター 15.6インチ FHD 1920×1080 モバイルディスプレイ 自立型 ポータブルモニター 軽量 薄型 持ち運び IPS液晶 非光沢 ブルーライトカット USB Type-C/Mini HDMI 在宅勤務・外出作業 Switch2・PS5・PC・Mac対応 EVC-1506S,7976,"15.6""",FHD (1920×1080),60Hz,IPS非光沢,75×75 mm,0.68 kg,USB Type-C: ×2 / Mini HDMI: 対応
mon-bs-002,KEEPTIMEモバイルモニター 15.6インチ,"モバイルモニター 15.6"" 1080P IPS非光沢 薄型 軽量 USB-C ミニHDMI対応 ノートPC/スマホ/ゲーム機対応モバイルディスプレイ1920*1080、 ポータブルモニター IPSパネル、ノングレア、5mm薄型、570g軽量、マグネットカバー、モニターUSB C/mini HDMI付き",8990,"15.6""",FHD (1920×1080),60Hz,IPS非光沢,—,0.6 kg,USB Type-C: ×1 / Mini HDMI: 対応
mon-bs-003,H24V27,KTC 24インチ モニター FHD 100Hz VA HDR10 3年保証 H24V27 24インチ・FHD 1920×1080・100Hz・VA・HDR10・300cd/㎡・4000:1・Adaptive Sync・HDMI1.4・VGA・VESA対応・チルト調整・低ブルーライト・フリッカーフリー,10980,"24""",FHD (1920×1080),100Hz,VA,100×100 mm,3.8Kg,HDMI: 対応 / VGA: 対応
mon-bs-004,S2725DC,"Dell S2725DC 27インチ モニター無輝点3年保証/QHD/IPS,非光沢/USB-Cx1,HDMIx1,DP1.4x1/sRGB 99%/縦横回転,高さ調整/1ms,144Hz/AMD FreeSync/内蔵スピーカー",32800,"27""",QHD (2560 x 1440),144Hz,IPS非光沢,100×100 mm,6.48 kg,USB Type-C: 対応 / HDMI: 対応 / DisplayPort: 対応
mon-bs-006,PRO MP2412,【Amazon.co.jp限定】MSI ビジネスモニター PRO MP2412 薄型 VAパネル フルHD/23.8インチ/HDMI/DisplayPort/リフレッシュレート100Hz/応答速度1ms(MPRT)/ブルーライトカット/アンチフリッカー/VESA75対応/メーカー3年保証,17328,"23.8""",FHD (1920×1080),100Hz,VA,75×75 mm,2.9 kg,HDMI: 対応 / DisplayPort: 対応
mon-bs-007,EX-A241DB,"【Amazon.co.jp 限定】IODATA モニター 23.8型 省電力 (HDMI/アナログRGB/スピーカ付/VESA) EX-A241DBADSパネル,ブラック",14800,"23.8""",FHD (1920×1080),75Hz,ADS,100×100 mm,4.72Kg,HDMI: 対応 / VGA: 対応
mon-bs-008,SE2425H,Dell SE2425H 23.8インチ モニター 1920×1080/HDMI、VGA/ブラック/スピーカー：なし(メーカー3年保証、良品先出しサービス保証付き),11800,"23.8""",FHD (1920×1080),75Hz,VA,100×100 mm,2.8 kg,HDMI: 対応 / VGA: 対応
mon-bs-009,27SQ750S-W,LG モニター 27U731SA-W 27インチ/4K/IPS/約10.7億色表示(8bit+FRC)/HDR/USB-C PD65W,39800,"27""",4K (3840×2160),60Hz,IPS,100×100 mm,5.85 kg,USB Type-C: 対応 / HDMI: 対応
mon-bs-011,AMZG34C8 Pro,Amzfast 34インチ ゲーミングモニター 240Hz 曲面ウルトラワイド UWQHD 3440x1440 1ms MPRT 130%sRGB 3000:1コントラスト 450nits/Adaptive Sync/フリッカー防止/PIP PBP機能/ブルーライト低減/HDMI 2.1FRL*2+DP1.4 *2/100x100 VESA/5年保証 AMZG34C8 Pro（VRR対応）,36980,"34""",UWQHD (3440×1440),240Hz,VA,100×100 mm,5.3 kg,HDMI: 対応 / DisplayPort: 対応
mon-bs-012,EX-GDQ271UEL,"IODATA GigaCrysta ゲーミングモニター 27インチ WQHD 280Hz QD-OLED (HDMI/DP) EX-GDQ271UEL",77800,"27""",WQHD (2560 x 1440),280Hz,OLED,100×100 mm,8.46 kg,HDMI: ×2 / DisplayPort: ×1
mon-bs-013,H25T7,KTC 24.5インチ ゲーミングモニター FHD 240Hz Fast IPS H25T7-A 24.5インチ・FHD 1920×1080・240Hz・Fast IPS・HDR10・sRGB128%・350cd/㎡・1000:1・Adaptive Sync・HDMI2.0×2・DP1.4×1・低ブルーライト・チルト調整,15980,"24.5""",FHD (1920×1080),240Hz,Fast IPS,100×100 mm,5.04Kg,HDMI: 対応 / DisplayPort: 対応
mon-bs-018,VG259Q5A,【Amazon.co.jp限定】ASUSゲーミングモニター/TUF Gaming VG259Q5A – 24.5インチ / フルHD（1920x1080） / 200Hz / Fast IPS/ELMB / 0.3ms GTG（最小） / ステレオスピーカー/DisplayWidget Center/国内正規品,16980,"24.5""",FHD (1920×1080),200Hz,Fast IPS,—,3.4 kg,HDMI: 対応 / DisplayPort: 対応
mon-bs-019,MAG 244F,【Amazon.co.jp限定】MSI ゲーミングモニター MAG 244F 23.8インチ/フルHD/RAPID IPSパネル/200Hz/0.5ms(GTG)/Adaptive-Sync/HDR/HDMI 2.0b/DP1.2a/VESA100/メーカー3年保証,22800,"23.8""",FHD (1920×1080),200Hz,Fast IPS,100×100 mm,2.88 kg,HDMI: 対応 / DisplayPort: 対応
mon-bs-020,GW2790,"BenQ GW2790 27インチ フルHD IPS 100Hz アイケアモニター""ノングレア,黒筐体,sRGB,99%,3辺ウルトラスリムベゼル,輝度自動調整機能(B.I.,Gen2),ブルーライト軽減プラス,フリッカーフリー,スピーカー内蔵,3年保証(パネル・バックライト1年),ベンキュージャパン """,19800,"27""",FHD (1920×1080),100Hz,IPS,100×100 mm,5 kg,HDMI: 対応 / DisplayPort: 対応
mon-bs-021,BenQ GW2790,"BenQ GW2790 27インチ フルHD IPS 100Hz アイケアモニター""ノングレア,黒筐体,sRGB,99%,3辺ウルトラスリムベゼル,輝度自動調整機能(B.I.,Gen2),ブルーライト軽減プラス,フリッカーフリー,スピーカー内蔵,3年保証(パネル・バックライト1年),ベンキュージャパン """,15880,"15.6""",FHD (1920×1080),60Hz,IPS,75×75 mm,1.2 kg,USB Type-C: 対応 / Mini HDMI: 対応
mon-bs-024,EX-LD2381DB,I-O DATA モニター 23.8インチ ADS非光沢 スピーカー付 3年保証 土日サポート EX-LD2381DB,13980,"23.8""",FHD (1920×1080),75Hz,ADS,100×100 mm,4.2kg,HDMI: 対応 / VGA: 対応
mon-bs-026,G2724D,メーカー終売,32800,"27""",QHD (2560 x 1440),165Hz,Fast IPS,—,8.4Kg,DisplayPort: 対応 / HDMI: 対応
mon-bs-027,27N1A,KOORUI モニター 27インチ、ディスプレイ FHD 1080P IPS 非光沢 デスクトップディスプレイ(75hz/5ms/sRGB 99%色域/HDMI VGA/75mm*75mm VESA対応/アイケア/広い視野角178°),13980,"27""",FHD (1920×1080),75Hz,IPS,75×75 mm,4.76 kg,HDMI: 対応 / VGA: 対応
mon-bs-029,JN-IPS238FHDR-C65W,"JAPANNEXT 23.8インチ 液晶モニター JN-IPS238FHDR-C65W【2年保証】 IPSパネル,フルHD1920×1080解像度,KVM,HDMI,USB-C,給電65W,スピーカー内蔵,VESA対応,ブルーライトカット,ブラック",17980,"23.8""",FHD (1920×1080),75Hz,IPS非光沢,100×100 mm,2.8 kg,USB Type-C (65W PD): 映像/給電対応 / HDMI: 対応
mon-bs-031,G272QPF E2,MSI G272QPF E2 27インチ 2560 x 1440 (QHD) コンピューターモニター 180Hz 適応同期 HDMI DisplayPort VESAマウント可能 傾き 高さ調整可能 スピーカー 1ms ブラック,29800,"27""",QHD (2560 x 1440),180Hz,Fast IPS,—,8.51Kg,DisplayPort: 対応 / HDMI: 対応 / USB Type-C: 対応
mon-bs-033,VP229HE,21.5型FHD 75Hz・IPS・Eye Care,9980,"21.5""",FHD (1920×1080),75Hz,IPS,100×100 mm,-,HDMI: 対応 / VGA: 対応
mon-bs-037,RLD-27FHD-B,27型FHD・VA・HDMI/VGA,13800,"27""",FHD (1920×1080),60Hz,VA,100×100 mm,-,HDMI: 対応 / VGA: 対応
mon-bs-039,MFG24F1,Minifire ゲーミングモニター 24インチ 180Hz 4000：1コントラスト比 NTSC72% HDR 300cd/m² Adaptive Sync FHD 16.7M(8 bits) VESA 75*75mm DP1.4 HDMI ポート (HDMIケーブル付属、MFG24F4L),11999,"24""",FHD (1920×1080),180Hz,VA,75×75 mm,2.7 kg,HDMI: 対応 / DisplayPort: 対応
mon-bs-040,241E1D/11,23.8型FHD・IPS・HDMI/DVI/VGA,13800,"23.8""",FHD (1920×1080),60Hz,IPS,100×100 mm,-,HDMI: 対応 / DVI-D: 対応 / VGA: 対応
mon-bs-041,A27i,Xiaomi A27i 27インチモニター、100Hzの高リフレッシュレート、IPSハードスクリーン、7.5mmウルトラスリムボディ、1080p FHD解像度、各スクリーンに2つの工場カラーキャリブレーション、DP 1.4対応で簡単な取り付け。,13980,"27""",FHD (1920×1080),100Hz,IPS,75×75 mm,3.6Kg,HDMI: 対応 / DisplayPort: 対応
mon-bs-044,L24i-40,23.8型FHD 100Hz・IPS・HDMI/VGA,12800,"23.8""",FHD (1920×1080),100Hz,IPS,100×100 mm,3.84 kg,HDMI: 対応 / VGA: 対応
mon-bs-047,AW2725Q,"Dell AW2725Q 26.7インチ 有機EL Alienware ゲーミングモニター無輝点3年保証/4K/QD-OLED抗反射/DPx1,HDMIx2/DCI-P3 95%/縦横回転,高さ調整/0.03ms,240Hz/Free-Sync Premium Pro,VESA DisplayHDR True Black 400",74580,"26.7""",4K (3840×2160),240Hz,有機EL,100×100 mm,6.79 kg,HDMI: 対応 / DisplayPort: 対応
mon-bs-048,Pixio モバイルモニター PX160Wave,ブラック 15.6インチ Type-C ミニHDMI 60Hz モバイル ディスプレイ 黒 ピクシオモバイルディスプレイ ポータブルモニター サブモニター pcモニター ゲームモニター monitor gaming 15.6inch black display ぴくしお ps5 switch2 ゲーミングpc モニター台 IPS HDR 軽量,12595,"15.6""",FHD (1920×1080),60Hz,IPS非光沢,—,0.7 5kg,Mini HDMI: 対応 / USB Type-C: 対応
mon-bs-049,IODATA GigaCrysta EX-GD242UDB,IODATA ゲーミングモニター 23.8インチ GigaCrysta 240Hz ADSパネル 1ms シャドウブラック 無輝点保証対応(HDMI×2/DisplayPort/VESA対応/土日サポート/日本メーカー),21800,"23.8""",FHD (1920×1080),240Hz,ADS,—,4.5kg,HDMI: 対応 / DisplayPort: 対応
mon-bs-050,Amazonベーシック 23.8インチ モニター,120 Hz FHD 1080p HDMI DP VGA VESA対応 オフィス 家庭用 60.5cm ブラック ディスプレイ,11615,"23.8""",FHD (1920×1080),120Hz,IPS,—,5.04Kg,HDMI: 対応 / DisplayPort: 対応 / VGA: 対応
mon-bs2-046,EX2710S,ベンキュージャパン BenQ MOBIUZ EX2710S ゲーミングモニター (27インチ/165Hz/IPS/フルHD/1ms/HDRi treVoloスピーカー/FreeSync Premium,29800,"27""",FHD (1920×1080),165Hz,IPS,100×100 mm,8.4Kg,HDMI: 対応 / DisplayPort: 対応
mon-bs2-047,EV2795-BK,EIZO オフィス移転改装・デイジーチェーン対応モニター | FlexScan EV2795-BK | 27型・USB Type-C・ブラック,88000,"27""",QHD (2560 x 1440),60Hz,IPS,100×100 mm,5 kg,USB Type-C (70W PD): 映像/給電対応 / LAN: 対応 / DisplayPort: 対応 / HDMI: 対応
mon-bs2-048,M24f,New_HP 24インチ FHD 1080p IPS LED アンチグレアモニター、AMD FreeSync、70Hz、300 nits、HDMI & VGAポート、チルト(m24f),15800,"23.8""",FHD (1920×1080),70Hz,IPS,非対応,3.20 kg,HDMI: 対応 / VGA: 対応
mon-bs2-049,Amazon Basics 27 Inch Monito,"Amazon Basics 27 Inch Monitor, FHD 1080P, Max 100Hz, VESA Compatible, Built-in",13980,"27""",FHD (1920×1080),100Hz,IPS,100×100 mm,4.1 kg,HDMI: 対応 / VGA: 対応
mon-bs2-050,MFG25X1,Minifire ゲーミングモニター24.5インチ/300Hz/240Hz/フルHD/非光沢 Fast IPSパネル/OD 1ms/Adaptive Sync/5年保証/チルト/HDMI2.0×2、DP1.4×2/DC1-P390%/120%sRGB広色域/1920x1080/フリッカーフリー/ブルーライト軽減/スピーカー内蔵/射撃補助/角度調整) DPケーブル付き,17999,"24.5""",FHD (1920×1080),300Hz,Fast IPS,75×75 mm,2.8 kg,HDMI: 対応 / DisplayPort: 対応
mon-pg-001,45GX950A-B,LG 有機EL ゲーミング モニター 45GX950A-B 44.5インチ/5K2K@165Hz/0.03ms/USB-C PD90W/DP2.1,251791,"44.5""",5K2K (5120×2160),165Hz,有機EL,100×100 mm,14 kg,USB Type-C: 対応 / DisplayPort: 2.1 x対応 / HDMI: 2.1 対応
mon-pg-002,39GX950B-B,LG ゲーミング モニター AI 39GX950B-B 39インチ/5K2K@165Hz/タンデムOLED/0.03ms/USB-C給電90W,269800,"39""",5K2K (5120×2160),165Hz,有機EL,100×100 mm,6.8Kg,USB Type-C: 対応 / DisplayPort: 2.1 x対応 / HDMI: 2.1 対応
mon-pg-003,45GX950B-B,LG ゲーミング モニター AI 45GX950B-B 45インチ/5K2K@165Hz/0.03ms(GTG)/USB-C PD90W,286414,"45""",5K2K (5120×2160),165Hz,有機EL,100×100 mm,9.4Kg,USB Type-C: 対応 / DisplayPort: 2.1 x対応 / HDMI: 2.1 対応
mon-pg-004,H27T22C-3,KTC 27インチ QHD ゲーミングモニター 2K 200Hz 最大210Hz 1ms 高速IPS コンピューターモニター HDR400 1440P アダプティブ同期搭載 スピーカー内蔵 HDMIディスプレイポート 傾き調整 VESA対応,35571,"27""",QHD (2560 x 1440),210Hz,Fast IPS,100×100 mm,7.01Kg,HDMI: 2.0 x2 / DisplayPort: 1.4 x2
mon-pg-005,XV275KP3biipruzx,Acer ゲーミングモニター Nitro 27インチ 4K UHD IPS MiniLED 非光沢 160Hz 1ms DeltaE<2 USB Type-C 90W給電 HDMI2.1 DisplayPort1.4 KVM 高さ調整 ピボット機能 HDR1000,70580,"27""",4K (3840×2160),160Hz,IPS非光沢,75×75 mm,6.7 kg,USB Type-C: 対応 / HDMI: 対応 / DisplayPort: 対応 / ヘッドホン: 3.5 mm x1
mon-pg-006,XUNDEFINED 49インチ 湾曲ゲーミングモニター 165Hz ウルトラワイドモニター 5K DQHD 5120x1440 曲面 デ…,XUNDEFINED 49インチ 湾曲ゲーミングモニター 165Hz ウルトラワイドモニター 5K DQHD 5120x1440 曲面 ディスプレイ 1500R VAパネル 非光沢 HDR400 3000:1コントラスト 120%sRGB FreeSync PIP/PBP機能 スピーカー内蔵 リモコン付き HDMI/DP/Type-C 65W/USB 高さ調整,99999,"49""",5K DQHD (5120×1440),165Hz,VA,75×75 mm,7.6 kg,HDMI: 対応 / DisplayPort: 対応 / USB Type-C: 対応
mon-pg-007,X27Ubmiipruzx,Acer Predator ゲーミングモニター 26.5インチ OLED 240Hz 0.01ms/0.03ms HDMI2.0 Type-C ピボット 高さ調整 ヘッドホン端子 スピーカー AMD FreeSync Premium HDR10,75000,"26.5""",QHD (2560 x 1440),240Hz,有機EL,100×100 mm,6.1 kg,HDMI: 2.0 x1 / USB Type-C: x1
mon-pg-008,CRUA 44.5インチ ウルトラワイドゲーミングモニター,CRUA 44.5インチ ウルトラワイドゲーミングモニター DQHD 240Hz 32:9 1500R湾曲 VA HDMI2.1 DP2.0 5120×1440・120% sRGB広色域・FreeSync/HDR・PIP/PBP・内蔵スピーカー・非光沢・壁掛け対応,79999,"44.5""",5K DQHD (5120×1440),240Hz,VA,100×100 mm,10 kg,HDMI: 2.1 x2 / DisplayPort: 2.0 x2
mon-pg-009,CRUA 49インチ ウルトラワイドモニター,CRUA 49インチ ウルトラワイドモニター 湾曲モニター DQHD 165Hz 1500R HDR FreeSync HDMI2.1 DP1.4 5120×1440高精細表示・32:9スーパーウルトラワイド・VAパネル・PIP/PBP・非光沢・ブルーライト軽減・高さ/傾斜/左右回転調整・178°広視野角・背面RGBライト・75×75mm,79999,"49""",5K DQHD (5120×1440),165Hz,VA,75×75 mm,10 kg,HDMI: 2.1 x2 / DisplayPort: 1.4 x2
mon-pg-010,XF273UXbmiiprx,Acer Nitro ゲーミングモニター 27インチ WQHD 広視野角 VA 非光沢 エルゴスタンド 240Hz 0.5ms(GTG) DCI-P3 90% AMD FreeSync Premium ブラックブースト HDR350 ブルーライト低減 HDMI 2.1 DisplayPort v1.4 スピーカー・ヘッドフォン端子 VESAマウント対応,32808,"27""",QHD (2560 x 1440),240Hz,VA非光沢,100×100 mm,5.8 kg,HDMI: 2.1 x1 / DisplayPort: 1.4 x1
mon-pg-011,M27P6,KTC 27インチ QD-Mini LEDゲーミングモニター 4K 160Hz FHD 320Hz M27P6 27インチ・QD-Mini LED・4K 160Hz/FHD 320Hzデュアルモード・HDR1400・KVM・Adaptive Sync・HDMI2.1×2・DP1.4×1・Type-C 65W・USB3.0×3,71980,"27""",4K (3840×2160),160Hz,Fast IPS,100×100 mm,10 kg,HDMI: 2.1 x2 / DisplayPort: 1.4 x1 / USB Type-C: x1 / USB 3.0: x3
mon-pg-012,27M2V,"INNOCN 27M2V 27インチ ゲーミングモニター 4K ミニLED モニター 160Hz/144Hz, 1ms応答速度 HDR1000 QD 量子ドット（無輝点保証対応）, HDMI2.1/DP1.4/USB Type-C 90W/USB 3.0/USBA(USBハブ対応), スピーカー内蔵,高さ/左右/回転調整, 銀（2304分割）",71990,"27""",4K (3840×2160),160Hz,IPS,100×100 mm,6.6 kg,HDMI: 2.1 x1 / DisplayPort: 1.4 x1 / USB Type-C: x1 / USB 3.0: x1
mon-pg-013,CRUA 27インチ 4K ゲーミングモニター,CRUA 27インチ 4K ゲーミングモニター 160Hz IPS HDMI2.1 DP1.4 高さ調整 PCディスプレイ ブラック UHD 3840×2160・16:9フラット画面・FreeSync対応・120% sRGB広色域・内蔵スピーカー・縦横回転（Pivot）・左右回転・チルト調整・75×75mm壁掛け対応・ブルーライト軽減・背面RGBライト,37999,"27""",4K (3840×2160),160Hz,IPS,75×75 mm,5 kg,HDMI: 2.1 x1 / DisplayPort: 1.4 x1
mon-pg-014,CRUA 32インチ 4K 160Hz 湾曲ゲーミングモニター,CRUA 32インチ 4K 160Hz 湾曲ゲーミングモニター 1500R VA HDMI2.1 DP1.4 スピーカー内蔵 ホワイト UHD 3840×2160高精細表示・120% sRGB広色域・FreeSync/HDR対応・3000:1高コントラスト・178°広視野角・背面RGBライト・チルト調整・75×75mm壁掛け対応,37048,"32""",4K (3840×2160),160Hz,VA,75×75 mm,7 kg,HDMI: 2.1 x2 / DisplayPort: 1.4 x2
mon-pg-015,JN-i27G165U,"【Amazon限定】 JAPANNEXT 27インチ ゲーミングモニター JN-i27G165U【2年保証】 IPSパネル,165Hz対応,4K(3840x2160)解像度,1ms(GTG:OD時/MPRT),HDMI2.1,DP,HDR400相当,sRGB:100%,DCI-P3:98%,4K:120Hz接続,VRR,PBP/PIP,2年保証,ブラック",38980,"27""",4K (3840×2160),165Hz,IPS,100×100 mm,4 kg,HDMI: 2.1 x2 / DisplayPort: 1.4 x2
mon-pg-017,32GX850A-B,LG 有機EL ゲーミング モニター 32GX850A-B 31.5インチ/4K@165Hz/0.03ms/HDR TB400/HDMI 2.1,104800,"31.5""",4K (3840×2160),165Hz,有機EL,100×100 mm,4.9Kg,HDMI: 2.1 x2 / DisplayPort: 1.4 x1 / USB ハブ: アップストリーム x1 / ダウンストリーム x2
mon-pg-019,H27F7,27型FHD 240Hz・Fast IPS・1ms(GTG)・HDR10/sRGB131%・FreeSync/G-Sync・HDMI 2.0×2/DP 1.4,19980,"27""",FHD (1920×1080),240Hz,Fast IPS,100×100 mm,-,HDMI: 2.0 x2 / DisplayPort: 1.4 x1
mon-pg-020,H25T7-3,KTC 24.5インチ ゲーミングモニター FHD 240Hz Fast IPS 1ms HDR400 H25T7-3 24.5インチ・FHD・240Hz・Fast IPS・1ms・HDR400・ΔE<2・sRGB114%・400cd/㎡・Adaptive Sync・HDMI2.0×2・DP1.4×1・USB2.0・高さ調整・ピボット・VESA対応,17980,"24.5""",FHD (1920×1080),240Hz,Fast IPS,100×100 mm,6.76Kg,HDMI: 2.0 x2 / DisplayPort: 1.4 x1 / USB: 2.0 x1
mon-pg-021,H24F7,KTC 23.8インチ ゲーミングモニター FHD 240Hz Fast IPS 1ms HDR400 ホワイト H24F7 23.8インチ・FHD・240Hz・Fast IPS・1ms・HDR400・ΔE<2・400cd/㎡・sRGB111%・Adaptive Sync・HDMI2.0×2・DP1.4×1・USB2.0・DC調光・低ブルーライト・ホワイト,17980,"23.8""",FHD (1920×1080),240Hz,Fast IPS,100×100 mm,5.64Kg,HDMI: 2.0 x2 / DisplayPort: 1.4 x1 / USB: 2.0 x1
mon-pg-022,H32C5,KTC 32インチ 280Hz 240Hz 湾曲ゲーミングモニター、FHD PCモニター 1080P H32C5 1500R、アダプティブ同期、HDR、128%sRGB、3500:1コントラスト、HDMI/DisplayPort、VESA対応。,26980,"32""",FHD (1920×1080),240Hz,VA,100×100 mm,5.60 kg,HDMI: 2.0 x2 / DisplayPort: 1.4 x1
mon-pg-023,EX-GD251UH,24.5型FHD 240Hz・HFSパネル・1ms・HDR/AdaptiveSync・HDMI/DisplayPort・無輝点保証,17891,"24.5""",FHD (1920×1080),240Hz,HFS パネル,100×100 mm,-,HDMI: x1 / DisplayPort: x1
mon-pg-025,MGM25IC04-F240,MAXZEN ゲーミングモニター 24.5インチ 240Hz FHD(1920×1080) 1080P HDMI2.0 DP1.4 FastIPS 1ms(GTG) Adaptive-Sync ブルーライトカット 非光沢 フリッカーフリー MGM25IC04-F240 マクスゼン,12980,"24.5""",FHD (1920×1080),240Hz,Fast IPS,100×100 mm,2.9 kg,HDMI: 2.0 x1 / DisplayPort: 1.4 x1
mon-nr-001,S2425HSM,"Dell S2425HSM 23.8インチ モニター 無輝点3年保証/FHD/IPS,非光沢/HDMIx2/sRGB 99%/縦横回転,高さ調整/1ms,144Hz/AMD FreeSync/内蔵スピーカー",19980,"23.8""",FHD (1920×1080),144Hz,IPS非光沢,100×100 mm,3.03Kg,HDMI: 対応
mon-nr-002,SE2225HM,"Dell SE2225HM 21.5インチ モニター | 3年保証/FHD/VA,非光沢/HDMI1.4x1,VGAx1/傾き調整",10980,"21.5""",FHD (1920×1080),100Hz,VA非光沢,100×100 mm,2.96 kg,HDMI: 対応 / VGA: 対応
mon-nr-003,IODATA GigaCrysta EX-GD243UDB,"IODATA GigaCrysta ゲーミングモニター 23.8インチ FHD 240Hz リモコン付（HDMI/DP） EX-GD243UDB IPS方式, 0.2ms, 無輝点保証, スピーカー付",21800,"23.8""",FHD (1920×1080),240Hz,IPS,100×100 mm,3.6Kg,DisplayPort: 対応 / HDMI: 対応
mon-nr-004,LG モニター27U711B-B 27インチ/4K/IPS/約10.7億色表示(8bit+FRC)/DCI-P3 90%/HDR,LG モニター27U711B-B 27インチ/4K/IPS/約10.7億色表示(8bit+FRC)/DCI-P3 90%/HDR,37900,"27""",4K (3840×2160),-,IPS,100×100 mm,5.75 kg,-
mon-nr-005,LG ゲーミング 24G414B-B,23.8インチ/フルHD/144Hz/IPS 1ms/HDMI、DP/スピーカー多機能スタンド,17163,"23.8""",FHD (1920×1080),144Hz,IPS,100×100 mm,3.7 kg,DisplayPort: 対応 / HDMI: 対応
mon-nr-006,S3425DW,34インチ 曲面 WQHD VA・USB Type-C・1800R,64980,"34""",QHD (2560 x 1440),100Hz,VA非光沢,100×100 mm,9.38 kg,USB Type-C: 対応 / HDMI: 対応 / DisplayPort: 対応
mon-nr-007,34U640B-BAJP,34インチ UWQHD 144Hz・USB-C PD 65W・sRGB 99%,63800,"34""",UWQHD (3440×1440),144Hz,VA,100×100 mm,5.6Kg,USB Type-C (PD 65W): 映像/給電対応 / HDMI: 対応 / DisplayPort: 対応
mon-nr-008,MAG 274QF,MSI ゲーミングモニター MAG 274QF E20 27インチ/WQHD/RAPID IPS/200Hz/0.5ms（GTG、最小値）/DisplayHDR 400/G-SYNC Compatible/HDMI 2.0b/DP 1.4a/VESA100/PIP/PBPメーカー3年保証,31800,"27""",QHD (2560 x 1440),200Hz,IPS,100×100 mm,4.9 kg,DisplayPort: 対応 / HDMI: 対応
mon-nr-009,NK-16H,kksmart モバイル・ゲーミングモニター 16インチ 144Hz 2.5K解像度(2560x1600) 100%sRGB広色域 Switch2ドック不要 軽量670g ベゼルレス WQXGA 画像比調整可能 非光沢IPSパネル 収納ケース付 モバイルモニター,20999,"16""",QHD (2560 x 1440),144Hz,IPS非光沢,75×75 mm,0.7 kg,USB Type-C: 対応 / Mini HDMI: 対応
mon-nr-010,AW2525HM 24.5インチ Alienware,"Dell AW2525HM 24.5インチ Alienware ゲーミングモニター 無輝点3年保証/FHD/IPS,非光沢/DP 1.4×1,HDMI×2/sRGB 99%/縦横回転,高さ調整/0.5ms,320Hz(DP),255Hz(HDMI",28686,"24.5""",FHD (1920×1080),320Hz,IPS非光沢,100×100 mm,3.69Kg,DisplayPort: 対応 / HDMI: 対応
mon-nr-011,CRUA 28型 4K+ モニター,CRUA 28インチ 4K+ 60Hz PCモニター 3840×2560 IPS Type-C HDMI2.0 DP1.4 スピーカー内蔵 ブラック | 15:,22999,"28""",4K (3840×2160),60Hz,IPS,75×75 mm,5 kg,USB Type-C: 対応 / HDMI: 対応 / DisplayPort: 対応
mon-nr-012,JN-i27G120U,【Amazon.co.jp限定】JAPANNEXT 27インチ IPSパネル搭載 120Hz/1ms(MPRT)対応 4K(3840×2160)解像度 ゲーミングモニター JN-iA27G120U2 HDMI2.1 DP sRGB:100% HDR400相当 PS5 4K:120Hz接続 VRR【2年保証】,33980,"27""",4K (3840×2160),120Hz,IPS,75×75 mm,4.4 kg,HDMI: 対応 / DisplayPort: 対応
mon-nr-013,KOORUI モニター 27インチ E2712K,KOORUI モニター 27インチ pcモニター 144Hz フルhd 液晶ディスプレイ 非光沢 Adaptive Sync/ブルーライト軽減/傾き調整/HDMI＋VGAポート/VESA対応,14800,"27""",FHD (1920×1080),144Hz,VA,100×100 mm,3.25 kg,HDMI: 対応 / VGA: 対応
mon-nr-014,AW3426DW,"Dell Alienware AW3426DW 34インチ曲面 有機EL ゲーミングモニター 無輝点3年保証/WQHD/QD-OLED,抗反射,1800R曲面/HDMI2.1x2,DP1.4 x1/DCI-P3 99%/0.03ms,280Hz",130980,"34""",UWQHD (3440×1440),280Hz,有機EL,100×100 mm,4.88Kg,HDMI: 対応 / DisplayPort: 対応
mon-nr-015,KIMOCA 7インチ モバイルモニター,KIMOCA 7インチ モバイルモニター IPS液晶 1024×600 HDMI入力 Type-C給電（5V） 金属ボディ 高耐久 軽量 小型ディスプレイ Raspberry Pi使用可 VESA規格 スピーカー内蔵 サブモニター,6251,"7""",1024×600,60Hz,IPS,75×75 mm,0.23Kg,HDMI: 対応 / USB Type-C: 5V給電対応
mon-nr-017,H24F7,KEY TO COMBAT 23.8インチ FHD(1920*1080) 240Hz FAST IPSパネル 1ms HDR400 ゲーミングモニター ΔE<2 DC調光 400cd/m² sRGB 111% 色域 FreeSync & G-Sync ブルーライト軽減 HDMI2.0*2 DP1.4*1 USB2.0 チルト可能 VESA 三年保証付き,16980,"23.8""",FHD (1920×1080),240Hz,Fast IPS,100×100 mm,1 kg,HDMI: 対応
mon-nr-018,24インチ 144Hz ゲーミングE2412K,KOORUI モニター 24インチ 144Hz ゲーミングモニター フルHD VAパネル (HDMI/VGA/AdaptiveSync/VESA対応/ブルーライト軽減),13980,"24""",FHD (1920×1080),144Hz,VA,100×100 mm,2.75 kg,HDMI: 対応 / VGA: 対応
mon-nr-019,Acer モバイルモニター PM141Wbmiuux,Acer モバイルモニター 14インチ WUXGA 16:10 IPS 非光沢 NTSC 45% 60Hz 7ms(GTG) 600g 超薄型 Adaptive-Sync HDR10 HDMI 1.4 USB-C デュアルスピーカー スタンド内蔵 無段階チルト調整 ブルーライト低減,13999,"14""",FHD (1920×1080),60Hz,IPS非光沢,非対応,0.6 kg,USB Type-C: 対応 / Mini HDMI: 対応
mon-nr-021,Lenovo ゲーミングモニター LOQ 27Q-10,"【Amazon.co.jp限定】Lenovo ゲーミングモニター LOQ 27Q-10 27インチ/QHD/IPSパネル/180㎐/1ms(GtG)/HDMI2.1x2, DP1.4x1/AMD FreeSync™ Premium/チルト対応/日本国内3年保証",19800,"27""",QHD (2560 x 1440),180Hz,IPS,100×100 mm,4.5 kg,HDMI: 対応
mon-nr-022,Acer Nitro 16型 モバイルモニター,Acer Nitro モバイル ゲーミングモニター 16インチ ワイド IPS 非光沢 WUXGA 144Hz 4ms(GTG) NTSC 45% 785g 軽量薄型 AMD FreeSync HDR10 HDMI 1.4 USB-C デュアルスピーカー 縦画面表示 無段階チルト調整 ブルーライト抑制 3年保証(パネルは1年),19999,"16""",FHD (1920×1080),144Hz,IPS非光沢,非対応,0.79 kg,USB Type-C: 対応 / Mini HDMI: 対応
mon-nr-023,InnoView 18.5型 モバイルモニター,InnoView モバイルモニター 18.5インチ モバイルディスプレイ 120%sRGB 120Hz 2560×1440 QHD 大画面 保護ケース付きゲーミングモニター IPS液晶パネル 非光沢ポータブルモニター HDRモード FreeSync ブルーライト機能 Type-C,25999,"18.5""",QHD (2560 x 1440),120Hz,IPS非光沢,75×75 mm,1.4 kg,USB Type-C: 対応 / Mini HDMI: 対応
mon-nr-024,INNOCN 34C1R 34インチ ウルトラワイドモニター,INNOCN 34C1R 34インチ ウルトラワイドモニター UWQHD 3440x1440 180Hz IPSパネル HDR400 HDMI 2.0*2+DP1.4*2 PIP/PBP対応 高さ調整,87980,"32""",UWQHD (3440×1440),180Hz,IPS,100×100 mm,9.8 kg,HDMI 2.1: 対応 / DisplayPort 1.4: 対応 / USB Type-C: 65W PD対応
mon-nr-025,Upperizon 14型 モバイルモニター,【Switch2ドック不要】Upperizon モバイルモニター 14インチ 120Hz 2K 軽量530g 100%sRGB 高輝度450nits 光沢IPS 2520×1680 2.5K 3対2 アスペクト比調整対応 極薄 自立型 無段階チルト調整 VESA対応 撥水収納ケース付き,16999,"14""",QHD (2560 x 1440),120Hz,IPS,75×75 mm,0.5 kg,USB Type-C: 対応 / Mini HDMI: 対応
mon-nr-026,"AOC ゲーミング 27インチ, QHD/2560x1440@180Hz, 応答速度0.5ms(","AOC ゲーミングモニター 27インチ, QHD/2560x1440@180Hz, 応答速度0.5ms(MPRT), Fast IPS, HDMI2.0 x 1/ DP1.4x1,ブルーライト低減, フリッカーフリー, G-sync Compatible, HDR10対応, 3年保証",18909,"27""",QHD (2560 x 1440),180Hz,Fast IPS,100×100 mm,3.53 kg,HDMI: 対応
mon-nr-027,JAPANNEXT 50インチ,【2年保証モデル】JAPANNEXT 50インチ VAパネル搭載 4K(3840×2160)解像度 大型液晶モニター JN-V50U2-M HDMI ビデオ/音声入力 コンポーネント入力 オプティカル音声出力 USBメモリ再生対応 リモコン同梱,59980,"50""",4K (3840×2160),60Hz,VA,200×200 mm,9.5 kg,HDMI: 対応
mon-nr-028,LG ゲーミング モニター 32G620B-B,LG ゲーミング モニター 32G620B-B 31.5インチ/WQHD@200Hz/IPS 1ms/HDR/HDMI、DP/多機能スタンド,40200,"31.5""",QHD (2560 x 1440),200Hz,IPS,100×100 mm,4.7Kg,DisplayPort: 対応 / HDMI: 対応
mon-nr2-001,EVC-160U,EVICIV モバイルモニター 16インチ 卓上スタンド付き FHD 1200P 自立型 125%sRGB 1200:1 ゲーミング用 ポータブルディスプレイ IPS 非光沢 液晶パネル 薄型 軽量 モバイルディスプレイ USB Type-C Mini HDMI 搭載,11980,"16""",FHD (1920×1080),60Hz,IPS非光沢,100×100 mm,0.73 kg,USB Type-C: 対応 / Mini HDMI: 対応
mon-nr2-002,Mini LED 27型 ゲーミングモニター,LED ゲーミングモニター 27インチ 200Hz WQHD 2560×1440 Fast IPS 1ms HDR1000 Adaptive Sync対応/Adobe RGB 99%/ 高さ調整/縦横回転/PIP PBP機能/HDMI2.0 DP1.4,35800,"27""",QHD (2560 x 1440),200Hz,Fast IPS,100×100 mm,8.99Kg,HDMI: 対応 / DisplayPort: 対応
mon-nr2-003,JN-IPS34G165UQ2,"JAPANNEXT 34インチ ゲーミングモニター JN-IPS34G165UQ2【2年保証】 IPSパネル,165Hz/1msMPRT対応,UWQHD3440×1440解像度,HDMI,DisplayPort,HDR,PS5,WQHD,120Hz接続,PIP/PBP,アスペクト比21:9,2年保証",43618,"34""",UWQHD (3440×1440),165Hz,IPS,100×100 mm,5.2 kg,HDMI: 対応 / DisplayPort: 対応
mon-nr2-004,ZenScreen MB16FC-J,【amazon.co.jp限定】ASUS ZenScreen MB16FC-J ポータブルモニター – 16インチ/16:10画面比率/WUXGA(1920x1200)解像度/IPSパネル/パススルー給電/自動回転/USB Type-C・mini-HDMI/フリッカーフリー/ブルーライト低減/FSC Mix認証/国内正規品,23616,"16""",FHD (1920×1080),75Hz,IPS,非対応,0.9 kg,USB Type-C: 対応 / Mini HDMI: 対応
mon-nr2-005,VisionOwl　Y-14QH,【Amazon限定ブランド】VisionOwl モバイル・ゲーミングモニター 14インチ 120Hz 2.5K解像度 高輝度450nit 100％sRGB広色域 Switch2直結 超軽量540g 自立型 画像比率調整可能 収納ケース付 モバイルディスプレイ 光沢IPSパネル 2520x1680,17980,"14""",QHD (2560 x 1440),120Hz,IPS,75×75 mm,0.5 kg,USB Type-C: 対応 / Mini HDMI: 対応
mon-nr2-007,EX-GD252UHW,"IODATA GCFX ゲーミングモニター 24.5型 フルHD 260Hz ホワイト HDMI/DP/VESA/チルト調整 EX-GD252UHW 応答速度0.8ms［GTG］,内部遅延時間「約0.03フレーム」,IPS方式（HFS）パネル,ナイトビジョンモード,色彩強調,超解像度,3辺フレームレス,ゲームモード,ブルーライト低減機能,無輝点保証",17980,"24""",FHD (1920×1080),260Hz,IPS非光沢,100×100 mm,3.2 kg,HDMI: 対応 / DisplayPort: 対応
mon-nr2-008,G2412V,KOORUI ゲーミングモニター 24インチ 180Hz フルHD モニター G2412V 180Hz/FHD/AdaptiveSync/HDMI×2/VESA対応/ブルーライト軽減/VAパネル/傾き調整,12980,"24""",FHD (1920×1080),180Hz,VA,100×100 mm,3.55Kg,HDMI: 対応 / DisplayPort: 対応
mon-nr2-009,G2421V,KOORUI ゲーミングモニター 24インチ WQHD (2560x1440) 180Hz 1ms (GTG) Fast IPSパネル HDR400 FreeSync/G-Sync対応/HDMI/DP ブルーライト低減 VESAマウント対応,22800,"24""",QHD (2560 x 1440),180Hz,Fast IPS非光沢,100×100 mm,3.07 kg,HDMI: 対応 / DisplayPort: 対応
mon-nr2-010,YELPLION 10.5型 モバイルモニター,"モバイルモニター 10.5"" 1280P IPSパネル 100%sRGB HDR 超軽量260g ノートPC/スマホ/ゲーム機対応 ポータブルモニター、420nits高輝度、保護カバー付き、VESA対応、モバイルディスプレイ、USB Type-C1本で給電・映像出力、Mini HDMI搭載、",7450,"10.5""",FHD (1920×1080),60Hz,IPS,75×75 mm,0.3 kg,USB Type-C: 対応 / Mini HDMI: 対応
mon-nr2-011,LivElect 18.5型 モバイルモニター,LivElect モバイルモニター 18.5インチ 120HZ 1920*1080 モバイルディスプレイ VESA対応 在宅勤務 リモートワーク | 18.5イ,18999,"18.5""",FHD (1920×1080),120Hz,IPS,75×75 mm,0.9 kg,USB Type-C: 対応 / Mini HDMI: 対応
mon-nr2-013,XUNDEFINED 21.5型 モニター,XUNDEFINED 21.5インチ モニター フルHD(1920x1080) 120Hz 超薄型 液晶ディスプレイ スピーカー内蔵 VAパネル 非光沢 100%sRGB 4000:1コントラスト比 AdaptiveSync対応 ブルーライト軽減 フリッカーフリー HDMI+DP+音声出力端子搭載 チルト調整 75mm*75mm VESA対応,11980,"21.5""",FHD (1920×1080),120Hz,VA非光沢,75×75 mm,2.5Kg,HDMI: 対応 / VGA: 対応
mon-nr2-014,LivElect 15.6インチ デュアルモバイルモニター P7pro,15.6インチ ディアルモバイルモニター【ケーブル一本接続可能】 2画面 ノートパソコン用 1080P ポータブルディスプレイ USB-C接続 全パソコン対応 アルミ製拡張スクリーン Windows、Mac、Chrome対応,35998,"15.6""",FHD (1920×1080),60Hz,IPS,—,2.97Kg,USB Type-C: 対応
mon-nr2-017,JN-i27G180Q-ARM-MK,【モニ研監修モニターアーム同梱モデル】 JAPANNEXT 27インチ ゲーミングモニタIPSパネル搭載 180Hz/1ms(MPRT)対応 WQHD(2560×1440)解像度 HDMI DP sRGB:100% HDR400相当 PS5 WQHD:120Hz接続 【2年保証】,29979,"27""",QHD (2560 x 1440),180Hz,IPS,75×75 mm,5.6 kg,HDMI: 対応 / DisplayPort: 対応
mon-nr2-018,P2426HE,Dell P2426HE 23.8インチ USB-C ハブ モニタ /1920×1080 /HDMI、DisplayPort、USB-C 給電/ブラック/スピーカー:なし(メーカー3年保証、良品先出しサービス保証付き),34100,"23.8""",FHD (1920×1080),120Hz,IPS,—,3.45Kg,USB Type-C (PD): 映像/給電対応 / HDMI: 対応 / DisplayPort: 対応
mon-nr2-019,ASTEX 40型 スマートモニター,ASTEX 40型 モニター ビジネスモニター兼用 Google TV スマートディスプレイ フルHD VA広視野角パネル VOD Bluetooth対応 PCモニター 店頭表示用 待合室用,29980,"40""",FHD (1920×1080),60Hz,VA,200×100,4.65 kg,HDMI: 対応 / USB: 対応
mon-nr2-020,U3226QER,"Dell U3226QER 31.5インチ Thunderbolt ハブ モニター 無輝点3年保証/4K/IPS Black,非光沢/DP1.4x1,HDMIx1,TB4x1/有線Ethernet/PbP,PiP,KVM/環境光センサー,DisplayHDR 600/DCI-P3 99％/縦横回転,高さ調整",122800,"31.5""",4K (3840×2160),120Hz,IPS非光沢,100×100 mm,6.52Kg,Thunderbolt 4: 対応 / USB Type-C: 対応 / HDMI: 対応 / DisplayPort: 対応
mon-nr2-021,iiyama ProLite 27型 モニター (XB2797QSN-B1J),iiyama 【5年メーカー保証】モニター ディスプレイ ProLite XB2491HS-B1J 23.8インチ フルHD IPS方式 高さ調整 角度調整 縦回転 HDMI DisplayPort ケーブル付,28930,"23.8""",FHD (1920×1080),120Hz,IPS非光沢,—,4.8Kg,HDMI: 対応 / DisplayPort: 対応
mon-nr2-022,Newsoul 15.6型 タッチモバイルモニター,モバイルモニター 15.6インチ 8000mAh大容量バッテリー内蔵 タッチパネルター ッチペン付き Newsoul 1080P モバイルディスプレイ IPS液晶パネル 非光沢画面 薄型軽量 180°自立スタンド 充電式 スイッチ用 ポータブルモニター HDR VESA対応壁掛け可能 USB Type-C ミニHDMI,24999,"15.6""",FHD (1920×1080),60Hz,IPS非光沢,75×75 mm,0.6 kg,USB Type-C: 対応 / Mini HDMI: 対応
mon-nr2-024,Laptomo トリプルモバイルモニター,トリプルモニター 15.6インチ デュアルモバイルモニター FHD 1080P IPS ノートパソコンモニター 2画面/3画面 拡張ディスプレイ 折りたたみ式 180°回転 HDMI/Type-C プラグアンドプレイ,43998,"15.6""",FHD (1920×1080),60Hz,IPS非光沢,—,4.01Kg,USB Type-C: 対応 / HDMI: 対応
mon-nr2-025,JN-IPS32FW-M,"JAPANNEXT 32インチ 液晶モニター JN-IPS32FW-M【2年保証】 IPSパネル,FWXGA(1366×768)解像度,HDMI,VGA,ビデオ/音声入力,コアキシャル音声出力,USBメモリ再生対応,簡易サイネージ,リモコン同梱,2年保証",22255,"32""",FWXGA(1366×768),60Hz,IPS,100×100 mm,3.4 kg,HDMI: 対応 / VGA: 対応
mon-nr2-026,JN-MD-IPST101WHD,JAPANNEXT 10.1インチ IPSパネル搭載 10点マルチタッチ対応 ワイドHD(1540×720)解像度 モバイルモニター JN-MD-IPST101WHD miniHDMI USB-C 自立式キックスタンド搭載 フェルトケース同梱 【2年保証】,19982,"10.1""",ワイドHD(1540×720),60Hz,IPS,75×75 mm,0.46 kg,USB Type-C: 対応 / Mini HDMI: 対応
mon-nr2-027,JN-MD-iE133F-T,JAPANNEXT 13.3インチ IPSパネル搭載 10点マルチタッチ対応 フルHD(1920×1080)解像度 モバイルモニターminiHDMI USB-C sRGB:99% HDR 自立式キックスタンド搭載 フェルトケース同梱 【2年保証】,20979,"13.3""",FHD (1920×1080),60Hz,IPS,75×75 mm,0.52 kg,USB Type-C: 対応 / Mini HDMI: 対応
mon-nr2-028,JN-IPS215FNS,"JAPANNEXT 21.5インチ IPSパネル搭載 フルHD(1920×1080)解像度 液晶モニター JN-IPS215FNS HDMI,DP,sRGB:100%,HDR,2年保証",13480,"21.5""",FHD (1920×1080),100Hz,IPS非光沢,75×75 mm,2.1 kg,HDMI: 対応 / DisplayPort: 対応
mon-nr2-029,JN-IPS238Q-HSPC6-W,JAPANNEXT 23.8インチ IPSパネル搭載 WQHD(2560×1440)解像度 液晶モニター(ホワイト) JN-IPS238Q-HSPC6-W HDMI DP USB-C(最大65W給電) sRGB:99% HDR 高さ調整 ピボット(縦回転)対応 ケーブル(ホワイト)同梱【2年保証】,26345,"23.8""",QHD (2560 x 1440),75Hz,IPS非光沢,100×100 mm,4 kg,HDMI: 対応 / DisplayPort: 対応 / USB: 対応
mon-nr2-030,Thinlerain 19型 モニター,19インチモニター 10点タッチ対応 ディスプレイモニター/HDMI VGA AV BNC USB ポート/1440×900 /16:10/VESAマウント/スピーカー内蔵,9999,"19""",HD+ (1440×900),60Hz,TN,75×75 mm,2.8Kg,HDMI: 対応 / VGA: 対応 / USB: 対応
mon-gift-002,FeuVision モニター 24インチ,"FeuVision モニター 24インチ 120Hz フルHD 1080p IPS ディスプレイ Adaptive Sync 対応 VESA 3辺超狭額&超薄型, pc モニター, 非光沢 ブルーライト軽減, 角度調節, sRGB 99%, HDMI&VGAポート",10980,"24""",FHD (1920×1080),120Hz,IPS非光沢,100×100 mm,3.56Kg,HDMI: 対応 / VGA: 対応
mon-gift-003,PX248Wave,Pixio ゲーミングモニター PX248Wave ホワイト 24インチ 200hz FHD Fast IPS ゲーミング モニター 白 ピクシオ ディスプレイ サブモニター pcモニター ゲームモニター monitor gaming 23.8インチ スピーカー内蔵,26980,"24""",FHD (1920×1080),200Hz,Fast IPS非光沢,75×75 mm,3.0Kg,HDMI: 対応 / DisplayPort: 対応
mon-gift-004,アイリスオーヤマ モニター 21インチDT-IF215S-B,Full HD(1920×1080) 国内サポート VAパネル スピーカー内蔵 100Hz フリッカー軽減 非光沢タイプ ディスプレイ HDMI ブラック,11980,"21""",FHD (1920×1080),100Hz,VA非光沢,75×75 mm,2.2 kg,HDMI: 対応 / VGA: 対応
mon-gift-007,DKS-4K43DG6,(DMM.make) DMM.make 大型ディスプレイ モニター 43インチ 4K/HDR/HDMI・USB,40000,"43""",4K (3840×2160),60Hz,VA,200×200mm,6.3 kg,HDMI: 対応 / USB: 対応
mon-gift-008,15.6型 デュアルモバイルモニター,15.6インチ 2画面 FHD・折り畳み・ドライバー不要,27528,"15.6""",FHD (1920×1080),60Hz,IPS,75×75 mm,1.5 kg,USB Type-C: 対応 / HDMI: 対応
mon-gift-009,EX-D242SA-F,23.8インチ FHD 100Hz IPS・縦横回転・スピーカー付,17980,"23.8""",FHD (1920×1080),100Hz,IPS,100×100 mm,-,HDMI: 対応 / DisplayPort: 対応
mon-gift-011,EX-U431DX,"IODATA モニター 43インチ 4K サイネージ フレームレス 18時間連続稼働 HDMI EX-U431DX ADSパネル,スピーカー付,リモコン付",48800,"43""",4K (3840×2160),60Hz,ADS,200×100,7.3Kg,HDMI: 対応
mon-gift-013,Pixio ゲーミングモニター PX24QPro,Pixio ゲーミングモニター PX24QPro ブラック 24インチ 180hz WQHD 多機能スタンドFast IPS モニター 黒 ピクシオゲーミング ディスプレイ サブモニター pcモニター ゲームモニター monitor gaming 23.8インチ スピーカー内蔵,16980,"27""",QHD (2560 x 1440),180Hz,Fast IPS非光沢,100×100 mm,4.4 kg,HDMI: 対応 / DisplayPort: 対応 / USB Type-C: 対応
mon-gift-016,23.8型 240Hz ゲーミングモニター,cocopar モニター 23.8インチ 240Hz ホワイト 3年保証 HDMI*2つ ゲーミングモニター 100%sRGB広色域 400nit高輝度 1ms応答 VESA対応 狭額縁 薄型 FHD 非光沢IPSパネル 角度調整 FreeSync/HDR/OD/MPRT/チルト/スピーカー 240Hz/200Hz/180Hz/120Hz/100Hz/60Hz対応,19999,"23.8""",FHD (1920×1080),240Hz,IPS非光沢,75×75 mm,4.08Kg,HDMI: 対応
mon-gift-020,EX-YC162H,IODATA モバイルモニター 15.6インチ FHD 持ち運び（HDMI/USB-C,19980,"15.6""",FHD (1920×1080),60Hz,FFS,—,0.80Kg,USB Type-C: 対応 / HDMI: 対応
mon-gift-021,G27i,Xiaomi G27i 27インチ ゲーミングモニター FHD 1920×1080 165Hz Fast IPS 1ms GTG sRGB99% ΔE<2 | TÜV認証 ブルーライト低減 | AMD FreeSync | DP1.4 VESA 75×75対応,17980,"27""",FHD (1920×1080),165Hz,Fast IPS非光沢,75×75 mm,3.8 kg,HDMI: 対応 / DisplayPort: 対応
mon-gift-027,27型 USB-C モニター,Minifire モニター27インチ 120Hz フルHD 1920x1080 ディスプレイ USB-Type C/HDMI Adaptive Sync OD 5ms HDR10 sRGB 110% ブルーライト軽減 フリッカーフリー VESA対応 フレームレス 5年保証,15999,"27""",FHD (1920×1080),120Hz,VA非光沢,—,3.5 kg,USB Type-C: 対応 / HDMI: 対応
mon-gift-028,EX251,BenQ MOBIUZ EX251 24.5インチ IPS フルHD 220Hz 1ms ゲーミングモニター ノングレア DisplayHDR 400 sRGB 99% FreeSync 輝度自動調整(B.I.+ Gen2) スピーカー内蔵 3年保証,23305,"24.5""",FHD (1920×1080),220Hz,IPS,100×100 mm,4.17Kg,HDMI: 対応 / DisplayPort: 対応
mon-gift-030,Minifire 24インチ USB-C 120Hz モニター,Minifire 24インチ USB-C 120Hz モニター FHD HDR10 Adaptive Sync VESA対応 フレームレス Type-C/HDMI チルト調節可 ビジネス用 五年保証(USB Type-Cケーブル付-,12999,"24""",FHD (1920×1080),120Hz,IPS非光沢,100×100 mm,2.5 kg,USB Type-C: 対応 / HDMI: 対応
mon-s22120-002,VG250Q3bmiipx 24.5型,Acer モニター 24.5インチ フルHD 非光沢 IPS 120Hz 1ms(VRB) sRGB 99% AdaptiveSync HDMI 1.4 ミニD-Sub 15ピン スピーカー・ヘッドフォン端子非搭載 VESAマウント対応 ゼロフレームデザイン 3年保証(パネルは1年),11990,"24.5""",FHD (1920×1080),120Hz,IPS非光沢,100×100 mm,2.7 kg,HDMI: 対応 / VGA: 対応
mon-s22120-003,FSID24BF1AE 23.8型,FeuVision PCモニター 23.8インチ IPS フルHD 120Hz USB Type-C PD65W給電 高さ調節 昇降スタンド,18480,"23.8""",FHD (1920×1080),120Hz,IPS非光沢,75×75 mm,4.8Kg,USB Type-C: 対応
mon-s22120-007,PHILIPS 液晶ディスプレイ 23.8インチ,"PHILIPS 液晶ディスプレイ PCモニター (23.8インチ/IPS/FHD/120Hz/1ms/5年保証/HDMI, DVI-D, VGA/チルト/SoftBlue/ちらつき防止/ブルーライト軽減AdaptiveSync/スリムベゼル/在宅ワーク/ケーブル付/電源内蔵)",12800,"23.8""",FHD (1920×1080),120Hz,IPS非光沢,100×100 mm,2.91 kg,HDMI: 対応 / VGA: 対応 / DVI-D: 対応
mon-s22120-008,ASUS VA249QGS,ASUSモニター VA249QGS / 23.8インチ / IPS/フルHD/高さ調整、縦横回転/フレームレス / 120Hz / Adaptive-Sync / 1ms MPRT/HDMI/DisplayPort/VGA/ブルーライト軽減機能/フリッカーフリー/エルゴノミクスデザイン/ウォールマウント対応/スピーカー内蔵,17480,"23.8""",FHD (1920×1080),120Hz,IPS非光沢,100×100 mm,4.8 kg,DisplayPort: 対応 / HDMI: 対応 / VGA: 対応
mon-s22120-009,MSI PRO MP251W E2,MSI ビジネスモニター PRO MP251W E2 24.5インチ/フルHD/IPSパネル/120Hz/HDMI/MSI Power Link/DisplayPort/D-sub/アンチフリッカー/ブルーライトカット/スピーカー搭載/HDR/VESA対応/3年保証,17800,"24.5""",FHD (1920×1080),120Hz,IPS非光沢,100×100 mm,3 kg,DisplayPort: 対応 / HDMI: 対応 / VGA: 対応
mon-s22120-010,22インチ PC 120Hz 1ms(OD) フルHD 1080P VAパネル非光沢 DCI-P,【Amdox】 22インチ フルHD 1080P モニター 120Hz 1ms(OD) AMD FreeSync VAパネル 非光沢 P220F 省スペース設計｜高コントラスト3000:1｜DCI-P3 85% | sRGBカバー率100%｜色精度Δ≤2 | HDMI・VGA｜VESA対応｜低ブルーライト｜HDMIケーブル付属 | スリムベゼル |,14980,"22""",FHD (1920×1080),120Hz,VA非光沢,75×75 mm,2.2 kg,HDMI: 対応
mon-s22120-011,23.8型 モバイルモニター,MAGICRAVEN ワイヤレスモバイルモニター 23.8インチ 1080P 10000mAhバッテリー内蔵 Miracast AirPlay対応 ワイヤレスモバイルディスプレイ、120Hz、非光沢IPSパネル、自動回転、自立スタンド・VESA、薄型軽量、ポータブルモニター、無線＆有線対応、Type-C/Mini HDMI搭載,46999,"23.8""",FHD (1920×1080),120Hz,IPS非光沢,100×100 mm,3.6Kg,USB Type-C: 対応 / HDMI: 対応 / Mini HDMI: 対応
mon-s22120-012,iiyama ProLite XB2492HSU-B1J,iiyama モニター ディスプレイ ProLite XB2492HSU-B1J 23.8インチ フルHD IPS方式 高さ調整 角度調整 縦回転 HDMI DisplayPort USBハブ ケーブル付 3年メーカー保証 国内サポート,17980,"23.8""",FHD (1920×1080),120Hz,IPS非光沢,100×100 mm,4.5 kg,DisplayPort: 対応 / HDMI: 対応
mon-s22120-013,LCD PC (23.8 Inches / IPS / FHD / 120Hz / 1ms /,"PHILIPS 液晶ディスプレイ PCモニター (23.8インチ/IPS/FHD/120Hz/1ms/5年保証/HDMI, D-Sub/チルト/ブルーライト軽減/省資源化パッケージ/AdaptiveSync/SDGs対応/ケーブル付/アダプタ)",11480,"23.8""",FHD (1920×1080),120Hz,IPS非光沢,100×100 mm,2.46Kg,HDMI: 対応 / VGA: 対応
mon-s22120-014,"ProLite X2492HSU-B1J Display, 23.8-Inch, Full HD",iiyama モニター ディスプレイ ProLite X2492HSU-B1J 23.8インチ フルHD IPS方式 角度調整 HDMI DisplayPort USBハブ ケーブル付 3年メーカー保証,14578,"23.8""",FHD (1920×1080),120Hz,IPS非光沢,100×100 mm,3.1 kg,DisplayPort: 対応 / HDMI: 対応
mon-s22120-015,"JN-IPS238G120F-C6 23.8"" | IPS panel, 120 Hz comp","JAPANNEXT 23.8インチ ゲーミングモニター JN-IPS238G120F-C6【2年保証】 IPSパネル,120Hz対応,フルHD(1920×1080)解像度,0.5ms(MPRT),HDMI,DP,USB Type-C(最大65W給電),HDR,sRGB:100%,PS5,フルHD:120Hz接続,2年保証",18980,"23.8""",FHD (1920×1080),120Hz,IPS非光沢,75×75 mm,2.6 kg,USB Type-C: 対応 / DisplayPort: 対応 / HDMI: 対応
mon-s22120-016,GW2490P 23.8インチ フルHD IPS 120Hz アイケア | ノングレア ブルーラ,BenQ GW2490P 23.8インチ フルHD IPS 120Hz アイケアモニター ノングレア ブルーライト軽減 3辺ウルトラスリムベゼル 自動調光機能 フリッカーフリー sRGB 99% TUV認証 VESA MediaSync 本体3年保証,23619,"23.8""",FHD (1920×1080),120Hz,IPS非光沢,100×100 mm,4.1Kg,DisplayPort / HDMI
mon-s22120-017,"23.8"" White Color LCD JN-238IPS120F-HSPC6-W | IP","JAPANNEXT 23.8インチ ホワイトカラー液晶モニター JN-238IPS120F-HSPC6-W【2年保証】 IPSパネル,120Hz対応,フルHD,HDMI,DisplayPort,USB-C,sRGB:100%,HDR,PS5,フルHD:120Hz接続,高さ調整,ピボット対応,ケーブル同梱(ホワイト),2年保証",19073,"23.8""",FHD (1920×1080),120Hz,IPS非光沢,75×75 mm,3.8 kg,USB Type-C: 対応 / DisplayPort: 対応 / HDMI: 対応
mon-s22120-018,"PX246Wave Blue 24"" 120hz FHD IPS HDMI Blue Pixio",Pixio ゲーミングモニター PX246Wave ブルー 24インチ 120hz FHD IPS HDMI ゲーミング モニター 青 ピクシオ ディスプレイ サブモニター pcモニター ゲームモニター monitor gaming 23.8インチ スピーカー内蔵,18980,"24""",FHD (1920×1080),120Hz,IPS非光沢,—,3.2 kg,HDMI: 対応
mon-s22120-019,XUNDEFINED 21.5インチ pcモニター,XUNDEFINED 21.5インチ pcモニター 120Hz フルHD 液晶ディスプレイ 非光沢VAパネル スピーカー内蔵 110%sRGB FreeSync対応 ブルーライト軽減 フリッカーフリー HDMI+VGAポート チルト調節 VESA 75*75mm,9980,"21.5""",FHD (1920×1080),120Hz,VA非光沢,75×75 mm,2.5Kg,HDMI: 対応 / VGA: 対応
mon-s22120-020,Acer AlphaLine EK241YGbmix,Acer モニター 23.8インチ フルHD 非光沢 IPS 120Hz 1ms(VRB) sRGB 99% AdaptiveSync HDMI 1.4 ミニD-Sub 15ピン スピーカー・ヘッドフォン端子 音声入力端子 VESAマウント対応 ゼロフレームデザイン 3年保証,12980,"23.8""",FHD (1920×1080),120Hz,IPS非光沢,100×100 mm,2.7 kg,HDMI: 対応 / VGA: 対応
mon-s22120-023,PHILIPS 24B2U3601/11,"PHILIPS 液晶TypeCディスプレイ PCモニター (WQHD/23.8インチ/IPS/120Hz/1ms/5年保証/HDMI, DP, Type-C(PD90W)/高さ調節/デイジーチェーン対応/ＲJ45/AdaptiveSync/TCO10/ケーブル付/エナジースター)",34141,"23.8""",QHD (2560 x 1440),120Hz,IPS非光沢,100×100 mm,5.7 kg,USB Type-C: 対応 / DisplayPort: 対応 / HDMI: 対応
mon-s22120-025,EVICIV QLED モバイルモニター 23.8インチ 144Hz,EVICIV QLED モバイルモニター 23.8インチ 144Hz 大画面 モバイルディスプレイ USB-C給電 FHD 1200:1 150%sRGB 非光沢 薄型 ポータブルモニター 自立型スタンド付き HDR VESA対応 壁掛け 商務会議 在宅勤務 サブモニター ノングレア スピーカー内蔵 全機能TypeC/標準HDMI,25879,"23.8""",FHD (1920×1080),144Hz,IPS非光沢,100×100 mm,2.4Kg,USB Type-C: 対応 / HDMI: 対応
mon-s22120-026,21.5-inch PC 120Hz Full HD Non-glare Adaptive Sy,Minifire モニター 21.5インチ pcモニター 120Hz FHD VESA対応 HDMI*2 ブルーライト軽減 チルト調節可 液晶ディスプレイ Adaptive Sync フレームレス 五年保証,10999,"21.5""",FHD (1920×1080),120Hz,VA非光沢,75×75 mm,2.2 kg,HDMI: 対応
mon-s22120-027,24B2U3301/11,"PHILIPS 液晶TypeCディスプレイ モニター (23.8インチ/IPS/FHD/120Hz/1ms/5年保証/HDMI, DP, Type-C(PD90W)/チルト/デイジーチェーン対応/ＲJ45/高さ調節・ピポット対応/電源内蔵/ケーブル付/エナジースター/TCO10)",29970,"23.8""",FHD (1920×1080),120Hz,IPS,100×100 mm,5.72 kg,USB Type-C: 対応 / DisplayPort: 対応 / HDMI: 対応
mon-s22120-028,UPERFECT 23.8インチ 120Hzモバイルモニター,UPERFECT 23.8インチ 120Hzモバイルモニター タッチパネル 持ち運び VESA対応 120%sRGB ポータブルディスプレイ 大画面光沢 広色域 大型サブモニタ 自立型スタンド ゲーミングモニター QLED+IPS液晶パネル USB Type-C/ミニHDMI端末/Micro USB-B OTGポート,37793,"23.8""",FHD (1920×1080),120Hz,IPS非光沢,75×75 mm,1.5 kg,USB Type-C / Mini HDMI
mon-s22120-029,Pixio ゲーミングモニター PX246WAVE,Pixio ゲーミングモニター PX246Wave ブラック 24インチ 120hz FHD IPS HDMI ゲーミング モニター 黒 ピクシオ ディスプレイ サブモニター pcモニター ゲームモニター monitor gaming 23.8インチ スピーカー内蔵,16640,"24""",FHD (1920×1080),120Hz,IPS非光沢,75×75 mm,3.2 kg,HDMI: 対応
mon-s22120-030,"VA249QGZ 23.8"" Full HD (1920x1080) IPS",ASUS VA249QGZ 23.8インチ フルHD (1920x1080) IPSモニター,13200,"23.8""",FHD (1920×1080),120Hz,IPS非光沢,100×100 mm,-,VGA / DisplayPort / HDMI
mon-s22120-031,Acer Nitro QG241YGbmipx,Acer Nitro ゲーミングモニター 23.8インチ ワイド フルHD 非光沢 IPS 120Hz 1ms(VRB) sRGB 99% AdaptiveSync ブラックブースト HDMI 1.4 DisplayPort 1.2 スピーカー内蔵 ヘッドフォン端子 VESAマウント対応 ゼロフレームデザイン,14990,"23.8""",FHD (1920×1080),120Hz,IPS非光沢,100×100 mm,3.1 kg,DisplayPort: 対応 / HDMI: 対応
mon-s22120-033,Vimonic モバイルモニター VI238MT01-S,モバイルモニター 23.8インチ 120Hz Vimonic QLED ポータブルディスプレイ 1080P IPS 自立スタンド 持ち運び 大画面モニター 非光沢IPSパネル ポータブルモニター VESA 大型サブモニター Type-C/ミニHDMI搭載,24586,"23.8""",FHD (1920×1080),120Hz,有機EL,75×75 mm,1.92 kg,USB Type-C: 対応 / HDMI: 対応 / Mini HDMI: 対応
mon-s22120-034,CL25FFA MN1431,ASRock 25型 FHD 1920×1080 IPSパネル搭載 ゲーミングモニター,13111,"25""",FHD (1920×1080),120Hz,IPS,100×100 mm,3.37Kg,HDMI / VGA
mon-s22120-035,Vimonic モバイルモニター 238T02-S,モバイルモニター 23.8インチ 120Hz タッチパネル Vimonic QLED ポータブルディスプレイ 1080P IPS 自立スタンドFHDタッチモニター 非光沢IPSパネル ポータブルモニター VESA 大型サブモニター Type-C/ミニHDMI搭載,37980,"23.8""",FHD (1920×1080),120Hz,有機EL,75×75 mm,4.1Kg,USB Type-C: 対応 / HDMI: 対応 / Mini HDMI: 対応
mon-s22120-036,Pixio PX246WAVE,Pixio ゲーミングモニター PX246Wave ベージュ 24インチ 120hz FHD IPS HDMI ゲーミング モニター 茶 ピクシオ ディスプレイ サブモニター pcモニター ゲームモニター monitor gaming 23.8インチ スピーカー内蔵,18980,"24""",FHD (1920×1080),120Hz,IPS非光沢,100×100 mm,3.1 kg,HDMI: 対応
mon-s22120-038,Pixio PX246WAVE,【5年保証付き】Pixio PX246 Wave Pastel Blue ゲーミングモニター 23.8インチ FHD 120Hz IPS パステルブルー 水色 ピクシオ HDMI VGA 4ms,20480,"23.8""",FHD (1920×1080),120Hz,IPS非光沢,100×100 mm,3.2 kg,HDMI: 対応 / VGA: 対応
mon-s22120-040,JAPANNEXT JN-IPS238G120F-W,"JAPANNEXT 23.8インチ ゲーミングモニター JN-IPS238G120F-W【2年保証】 ホワイトモデル,IPSパネル,120Hz/0.5msMPRT対応,フルHD1920×1080解像度,HDMI,VGA,HDR,sRGB:100%,PS5:120Hz接続,2年保証",15800,"23.8""",FHD (1920×1080),120Hz,IPS非光沢,75×75 mm,3.4 kg,HDMI: 対応 / VGA: 対応
mon-s22120-041,"P2426 24.1-inch / 1920 x 1200 / HDMI, DisplayPor",Dell P2426 24.1インチ モニタ /1920×1200 /HDMI、DisplayPort、USB-C 15W給電/ブラック/スピーカー:なし(メーカー3年保証,29149,"24.1""",FHD (1920×1080),120Hz,IPS非光沢,100×100 mm,4.89 kg,USB Type-C: 対応 / DisplayPort: 対応 / HDMI: 対応
mon-s22120-042,LG Monitor 24BF410B-B,LG 液晶モニター LG Monitor 24BF410B-B 23.8インチ/フルHD(1920×1080)/IPS/sRGB 99%/HDR/120Hz/アンチグレア、ブルーライト低減モード、フリッカーセーフ、色覚調整/グリーン購入法/省エネ機能/HDMI×1 D-Sub×1 /チルト調整/メーカー3年保証 ・無輝点保証,16990,"23.8""",FHD (1920×1080),120Hz,IPS非光沢,100×100 mm,3.2 kg,HDMI / VGA
mon-s22120-043,Pixio PX246 Wave,【5年保証付き】Pixio PX246 Wave ゲーミングモニター 23.8インチ 黒 ブラック FHD 120Hz IPS ピクシオ HDMI VGA 4ms,20480,"23.8""",FHD (1920×1080),120Hz,IPS非光沢,75×75 mm,3.2 kg,HDMI: 対応 / VGA: 対応
mon-s22120-044,U2424H,Dell 液晶ディスプレイ U2424H 23.8型/1920×1080/HDMI、DisplayPort/シルバー/スピーカー：なし,34589,"23.8""",FHD (1920×1080),120Hz,IPS,100×100 mm,7.92Kg,DisplayPort: 対応 / HDMI: 対応
mon-s22120-045,Pixio PX246 Wave,【5年保証付き】Pixio PX246 Wave Beige ゲーミングモニター 23.8インチ ベージュ FHD 120Hz IPS ピクシオ HDMI VGA 4ms,20480,"23.8""",FHD (1920×1080),120Hz,IPS非光沢,75×75 mm,3.1 kg,HDMI: 対応 / VGA: 対応
mon-s22120-046,Dell 液晶ディスプレイ U2424HE,Dell 液晶ディスプレイ U2424HE 23.8型/1920×1080/HDMI、DisplayPort/シルバー/スピーカー：なし,44678,"23.8""",FHD (1920×1080),120Hz,IPS,100×100 mm,8.45Kg,DisplayPort: 対応 / HDMI: 対応
mon-s22120-047,OmegaLine B247YUbmiipprx,Acer WQHD液晶ディスプレイ OmegaLine B247YUbmiipprx 23.8型 IPS 非光沢 2560×1440 WQHD 300cd 4ms HDMI ハイト・スイベル・ピボット機能,24980,"23.8""",QHD (2560 x 1440),75Hz,IPS非光沢,100×100 mm,7.41Kg,HDMI: 対応
mon-s22120-048,120Hz/0,"JAPANNEXT JN-IPS238G120F-YE 23.8"" Gaming Monitor | Yellow Model, IPS Panel, Supp",15282,"23.8""",FHD (1920×1080),120Hz,IPS,75×75 mm,3.4 kg,HDMI: 対応 / VGA: 対応
mon-s22120-049,"GH-LCW24V-BK 23.8-inch Wide , Full HD, 120 Hz, W","Greenhouse GH-LCW24V-BK 23.8-inch Wide Monitor, Full HD, 120 Hz, Wide Viewing An",18272,"23.8""",FHD (1920×1080),120Hz,-,100×100 mm,3.1 kg,DisplayPort: 対応 / HDMI: 対応
mon-s22120-050,23.8型 モバイルモニター,"23.8 Inch Portable Monitor, 1080P Mobile Monitor 120Hz FHD HDR Plug and Play HDM",25900,"23.8""",FHD (1920×1080),120Hz,IPS,100×100 mm,-,HDMI: 対応
mon-s22120-051,120Hz/0,"JAPANNEXT JN-IPS238G120F-BB 23.8"" Gaming Monitor | ベイビーブルーモデル,IPSパネル,120Hz/0.5ms",15282,"23.8""",FHD (1920×1080),120Hz,IPS,75×75 mm,3.4 kg,HDMI: 対応 / VGA: 対応
mon-s22120-052,22-Inch Computer FHD 120Hz Overclocking IPS VESA,フィリップス 22インチ コンピュータモニター FHD 120Hz オーバークロック IPS VESA、22E2N1100 1920×1080 LEDモニター、1ms MPRT、アダプティブ同期、HDMI 1.4、VGA、ちらつきなし、低ブルーライト、4年間の交換保証,16433,"22""",FHD (1920×1080),120Hz,IPS,100×100 mm,2.03Kg,HDMI: 対応 / VGA: 対応
mon-s22120-053,U2424H,"Dell U2424H UltraSharp 24"" Full HD (1920x1080) Monitor, 120Hz, IPS, 5ms, 100% sRGB, 2x USB-C, 2x DisplayPort, HDMI, 3x",39999,"24""",FHD (1920×1080),120Hz,IPS非光沢,100×100 mm,3.53 kg,USB Type-C: 対応 / DisplayPort: 対応 / HDMI: 対応
mon-s22120-054,"PX246 Wave Pastel Pink 23.8"" FHD 120Hz IPS Paste",【5年保証付き】Pixio PX246 Wave Pastel Pink ゲーミングモニター 23.8インチ FHD 120Hz IPS パステルピンク ピクシオ HDMI VGA,20480,"23.8""",FHD (1920×1080),120Hz,IPS,75×75 mm,3.2 kg,HDMI: 対応 / VGA: 対応
mon-s22120-055,P2426H,Dell P2426H 23.8インチ モニター /1920×1080/USB-C、HDMI、DisplayPort、VGA/ブラック/スピーカー:なし(メーカー3年保証,30399,"23.8""",FHD (1920×1080),120Hz,IPS非光沢,100×100 mm,4.87 kg,USB Type-C: 対応 / DisplayPort: 対応 / HDMI: 対応 / VGA: 対応
mon-s22120-056,U2424HE,Dell U2424HE 23.8インチ USB-C ハブ モニター 1920×1080/HDMI、DisplayPort、USB-C 給電/シルバー/スピーカー:なし(メーカー3年保証,42299,"23.8""",FHD (1920×1080),120Hz,IPS非光沢,100×100 mm,4 kg,USB Type-C: 対応 / DisplayPort: 対応 / HDMI: 対応
mon-s22120-057,PRO MP252,MSI PRO MP252 E2 24.5インチ IPS 1920 x 1080 (FHD) ゲーミングオフィスモニター、120Hz、アダプティブ同期、HDR対応、HDMI、VGAポート、ディスプレイポート、VESAマウント可能、チルト、スピーカー、4面スリムベゼル、1ms,19800,"24.5""",FHD (1920×1080),120Hz,IPS非光沢,100×100 mm,4.54 kg,DisplayPort: 対応 / HDMI: 対応 / VGA: 対応
mon-s22120-058,PRO MP251,MSI PRO MP251 E2 24.5インチ IPS 1920 x 1080 (FHD) ゲーミングオフィスモニター、120Hz、アダプティブ同期、HDR対応、HDMI、VGAポート、ディスプレイポート、VESAマウント可能、チルト、スピーカー、1ms,23718,"24.5""",FHD (1920×1080),120Hz,IPS非光沢,100×100 mm,4.54 kg,DisplayPort: 対応 / HDMI: 対応 / VGA: 対応
mon-s22120-059,Acer KA242Y G0bi,Acer 23.8インチ FHD 1920x1080 IPS 120Hz オフィスモニター KA242Y G0bi 1ms、AdaptiveSync、SRGB 99%、HDMI、VGA、VESAマウント可能、ブルーライトフィルター,19224,"23.8""",FHD (1920×1080),120Hz,IPS非光沢,100×100 mm,3.63Kg,HDMI: 対応 / VGA: 対応
mon-s22120-060,ASUS VA249QGSE,ASUS 24インチ IPS ビジネスモニター (VA249QGSE) - 24インチ、IPS、フルHD、フレームレス、120Hz、アダプティブ同期、1ms MPRT、HDMI、DisplayPort、VGA、人間工学に基づいたデザイン、壁取り付け可能、3年保証,74280,"24""",FHD (1920×1080),120Hz,IPS非光沢,100×100 mm,4.50 kg,DisplayPort: 対応 / HDMI: 対応 / VGA: 対応
mon-s22120-061,Acer SB223Q J0bi,Acer 21.5インチ FHD 1920x1080 120Hz オフィスモニター SB223Q J0bi 1ms、AdaptiveSync、SRGB 99%、HDMI、VGA、スピーカー、VESAマウント可能、ブルーライトフィルター,16185,"21.5""",FHD (1920×1080),120Hz,IPS非光沢,100×100 mm,3.33Kg,HDMI: 対応 / VGA: 対応
mon-s22120-062,P2426E,Dell P2426E 24.1インチ USB-C ハブ モニタ /1920×1200 /HDMI、DisplayPort、USB-C 給電/ブラック/スピーカー:なし(メーカー3年保証,49999,"24.1""",FHD (1920×1080),120Hz,IPS非光沢,100×100 mm,3.45Kg,USB Type-C: 対応 / DisplayPort: 対応 / HDMI: 対応
mon-s22120-063,AOC 24B35H3,AOC 24B35H3 24インチ IPS フルHD (1920 x 1080) 120Hz LED モニター アダプティブ同期 VGA & HDMI フリッカーフリー 低ブルーライトカット HDR対応 VESA チルト調整 エコフレンドリー,17980,"24""",FHD (1920×1080),120Hz,IPS,100×100 mm,4.41 kg,HDMI: 対応 / VGA: 対応
mon-s22120-064,Philips 24E2N2100,フィリップス 24インチ コンピュータモニター FHD 120Hz IPS、24E2N2100。 1920×1080 LEDモニター、HDMI 1.4、VGA、VESA、アダプティブ同期、ちらつきなし、低ブルーライト、4年間の交換保証,19096,"24""",FHD (1920×1080),120Hz,IPS,100×100 mm,4.24 kg,HDMI: 対応 / VGA: 対応
mon-s22120-065,GH-LCW24VH-BK 23.8-inch Wide,グリーンハウス 23.8型ワイドモニター 昇降スタンド フルHD 120Hz 広視野角 上下左右178°スピーカー搭載 5年保証 DisplayPort HDMI 多機能スタンド 低消費電力 ブラック,19735,"23.8""",FHD (1920×1080),120Hz,ADS,100×100 mm,4.7 kg,DisplayPort: 対応 / HDMI: 対応
mon-s22120-066,LS24F320GANXZA,2025 Samsung S3 (S32GF) FHD 120Hz モニター IPSパネル付き フリッカーフリー アイシールドモード,28120,"24""",FHD (1920×1080),120Hz,IPS,100×100 mm,2.40 kg,HDMI
mon-s22120-067,ASUS VA249HG,ASUS VA249HG 24インチ 1080P 120Hz アイケア ゲーミングモニター HDMI VGA IPS、フルHD、99% sRGB、フレームレス、アダプティブ同期、1ms、低ブルーライト、ちらつきフリー、VESAウォールマウント、3年保証、,24480,"24""",FHD (1920×1080),120Hz,IPS,100×100 mm,3.22 kg,HDMI: 対応 / VGA: 対応
mon-s22120-068,ASUS BE249CGN,ASUS BE249CGN 24インチ 1080P 120Hz コンピューターモニター USB-C 96W HDMI RJ45 IPS、FHD 120Hz、フレームレス、RJ45、スピーカー、高さ調節可能、DisplayPortデイジーチェーン、VESAウォールマウント,42553,"24""",FHD (1920×1080),120Hz,IPS,100×100 mm,5.62 kg,USB Type-C: 対応
mon-s22120-069,JAPANNEXT JN-IPS238G120F-PP,"JAPANNEXT 23.8インチ ゲーミングモニター JN-IPS238G120F-PP【2年保証】 パープルモデル,IPSパネル,120Hz/0.5msMPRT対応,フルHD1920×1080解像度,HDMI,VGA,HDR,sRGB:100%,PS5:120Hz接続,2年保証",16980,"23.8""",FHD (1920×1080),120Hz,IPS非光沢,75×75 mm,3.4 kg,HDMI: 対応 / VGA: 対応
mon-s22120-070,Gawfolk 24.5インチ ゲーミングカーブモニター,Gawfolk 24.5インチ 3000R 120Hz PCスクリーン フルHD 1080P内蔵スピーカー、HDMI 2.0、VGA、ウォールマウント互換75\*75mm,19460,"24.5""",FHD (1920×1080),120Hz,VA非光沢,75×75 mm,2.8 kg,HDMI: 対応 / VGA: 対応
mon-s22120-072,"24U411A-B 24"" Full HD (1920x1080) IPS Computer 1",LG 24U411A-B 24インチ フルHD(1920×1080) IPS パソコンモニター 120Hz HDR10 リーダーモード フリッカーセーフHDMI,24306,"24""",FHD (1920×1080),120Hz,IPS非光沢,100×100 mm,3.22 kg,HDMI: 対応
mon-s22120-074,Acer Vero V247Y G,Acer Vero V247Y G 61cm Class フルHD LCD モニター - 16:9,24366,"23.8""",FHD (1920×1080),120Hz,IPS,100×100 mm,4.38Kg,HDMI / VGA
mon-s22120-075,ASUS BE249QG-R,ASUS 61cm 1080P ビジネスモニター (BE249QG-R) 120Hz、スピーカー、3年保証 95%DCI-P3色域、人間工学に基づいたデザイン、ASUSアイケア、USBハブ&スピーカー、3年保証,35332,"23.8""",FHD (1920×1080),120Hz,IPS非光沢,100×100 mm,5.36Kg,DisplayPort / HDMI / VGA
mon-s22120-077,SKitphrati 23.8インチ 1080P IPS 120Hz モニター,23.8インチ 1080P IPS 120Hz モニター ビジネス&ゲーム用 - 内蔵調節可能な3MPウェブカメラ、マイクアレイ、デュアルスピーカー、フレームレス、アイケア,30306,"23.8""",FHD (1920×1080),120Hz,IPS,100×100 mm,4.49 kg,DisplayPort: 対応 / HDMI: 対応 / VGA: 対応
mon-s22120-078,ASRock CL25FFA,ASRock CL25FFA 24.5インチ FHD (1920 x 1080) フラットIPSディスプレイモニター,24478,"24.5""",FHD (1920×1080),120Hz,IPS非光沢,100×100 mm,4.33Kg,HDMI / VGA
mon-s22120-079,ASUS VA24EHF2,ASUS VA24EHF2-61 cm 1080P FHD 120Hz IPS コンピューターモニター、HDMI、VGA、VESA IPS、フルHD、99%sRGB、フレームレス、120Hz、アダプティブ同期、1ms、HDMI、VGA、低ブルーライト、ちらつきなし,33035,"24""",FHD (1920×1080),120Hz,IPS非光沢,100×100 mm,3.20 kg,HDMI: 対応 / VGA: 対応
mon-s22120-080,ASUS VA249QGS,ASUS VA249QGS 24インチ 1080P 120Hz コンピューターモニター USBドッキング 人間工学 IPS、フルHD、フレームレス、スピーカー、アダプティブ同期、1ms、HDMI、DisplayPort、VGA,44671,"23.8""",FHD (1920×1080),120Hz,IPS非光沢,100×100 mm,4.81 kg,DisplayPort: 対応 / HDMI: 対応 / VGA: 対応
mon-s22120-081,SANSUI 22インチ 120Hzモニター,SANSUI 22インチ 120Hzモニター FHDコンピューターモニター 4000:1 コントラスト比 アダプティブ同期 HDR 100% sRGB HDMI 2.1 x 2 VESAマウント 自宅/オフィス用アイケア,25812,"22""",FHD (1920×1080),120Hz,VA非光沢,75×75 mm,3.02Kg,HDMI: 対応
mon-s22120-082,GTek 22インチゲーミングモニター,GTek 22インチゲーミングモニター FHD 1920x1080P 120Hz VAパネル 1ms MPRT、アダプティブ互換同期、HDMI VGAポート、アイケア、ゲーム&オフィス用超薄型フラットスクリーン,26445,"22""",FHD (1920×1080),120Hz,VA,—,6.8Kg,HDMI: 対応 / VGA: 対応
mon-s22120-083,U2424H,Dell UltraSharp 24モニター - U2424H、FHD 1080p,70984,"24""",FHD (1920×1080),120Hz,LED液晶,—,5.38 kg,DisplayPort / HDMI
mon-s22120-084,ArcticPro 24インチ 120Hz モニター　AD24ZF1,24インチ 120Hz モニター FHD 1080p コンピューターモニター IPS 99%sRGB 応答時間 1ms フレームレス ウルトラスリム VESAマウント ブルーライト防止設計 HDMIポート,25313,"24""",FHD (1920×1080),120Hz,IPS,75×75 mm,3.63Kg,HDMI: 対応
mon-s22120-085,ArcticPro 24インチ ゲーミングモニター　AD24EF4Y,24インチ ゲーミングモニター 240Hz FHD 1080p 応答時間1ms アダプティブ同期 PCコンピューターモニター フレームレス ウルトラスリム 99%sRGB フィルター,24929,"24""",FHD (1920×1080),240Hz,VA非光沢,100×100 mm,3.76Kg,HDMI: 対応 / VGA: 対応
mon-s22120-086,Vero V247Y G 61 cm Class LCD,Acer Vero V247Y G 61 cm Class LCD モニター - 16:9,33561,"23.8""",FHD (1920×1080),120Hz,IPS,100×100 mm,4.65 kg,DisplayPort / HDMI / VGA
mon-s22120-087,ASUS VY249HGR,ASUS VY249HGR 24インチ 1080P FHD IPS 120Hz ゲーミングモニター HDMI VGA チルト 23.8インチ、SmoothMotion、1ms (MPRT)、アダプティブシンク、アイケアプラス、ブルーライトフィルター、ちらつきフリー,27770,"24""",FHD (1920×1080),120Hz,IPS非光沢,100×100 mm,3.40 kg,HDMI / VGA
mon-s22120-088,ASUS TUF Gaming VG249QL3A,"ASUS TUF Gaming 24” (23.8” viewable) 1080P Monitor (VG249QL3A) - Full HD, 180Hz, 1ms, Fast IPS, ELMB, FreeSync Premium, G-SYNC Compatible, Speakers, DisplayPort, Height Adjustable, 3 Year Warranty",36522,"24""",FHD (1920×1080),180Hz,Fast IPS,100×100 mm,5.4 kg,DisplayPort: 対応
mon-s22120-089,ViewSonic VA2456A-MHD,ViewSonic VA2456A-MHD 24インチ 1080p IPS コンピューターモニター 120Hz HDMI DisplayPort、VGA、可変リフレッシュレート、デュアルスピーカー、アイケア、薄型ベゼル,32730,"24""",FHD (1920×1080),120Hz,IPS非光沢,100×100 mm,3.08 kg,DisplayPort: 対応 / HDMI: 対応 / VGA: 対応
mon-s22120-090,ZZA 24.5インチ 120Hz カーブゲーミングモニター,24.5インチ 120Hz カーブゲーミングモニター | FHD 1080P フレームレスデザイン AMD FreeSync ローモーションブラー アイケアテクノロジー DisplayPort & HDMI接続,26731,"24.5""",FHD (1920×1080),120Hz,VA非光沢,100×100 mm,3.38Kg,DisplayPort: 対応 / HDMI: 対応
mon-s22120-091,Acer SB240Y G0bi,acer SB240Y G0bi 23.8インチ IPS フルHD ウルトラスリム エッジツーエッジ ゲーミングオフィスモニター | アダプティブ同期対応 (FreeSync対応) | 最大120Hzリフレッシュ | 1ms (VRB) | チルト | HDMI & VGAポート,30172,"23.8""",FHD (1920×1080),120Hz,IPS非光沢,100×100 mm,4.06 kg,HDMI: 対応 / VGA: 対応
mon-s22120-092,ASUS VA249QGS 24インチ 1080P,ASUS 24インチ 1080P ビジネスモニター (VA249QGS) - IPS、フルHD、フレームレス、120Hz、アダプティブ同期、1ms、HDMI、DisplayPort、VGA、アイケア、低ブルーライト、人間工学、VESA壁取り付け可能、3年保証,44918,"24""",FHD (1920×1080),120Hz,IPS非光沢,100×100 mm,4.81 kg,DisplayPort: 対応 / HDMI: 対応 / VGA: 対応
mon-s22120-093,P2426H,Dell Pro P P2426H 61cm FHD 120Hz ビジネスモニター、USB-C、HDMI、DisplayPort。 アンチグレア61cm (1920×1080) モニター、アダプティブシンク、VESAマウント、デュアルフロントUSB-C、,53952,"23.8""",FHD (1920×1080),120Hz,LED液晶,100×100 mm,4.87Kg,USB Type-C: 対応 / DisplayPort: 対応 / HDMI: 対応
mon-s22120-094,Acer 24インチ FHD IPSモニター,acer 24インチ FHD IPSモニター 応答時間4ms、アンチグレア、アダプティブ同期、統合スピーカー、VESAマウント(100x100mm)& Dockztorm USBポートエクスパンダー VGA HDMI,36997,"24""",FHD (1920×1080),120Hz,IPS,100×100 mm,4.40 kg,HDMI: 対応 / VGA: 対応
mon-s22120-095,Vero CB242Y G 24インチ クラス LCD - 16:9 - ブラック,Acer Vero CB242Y G 24インチ クラス LCD モニター - 16:9 - ブラック,30338,"24""",FHD (1920×1080),120Hz,IPS非光沢,100×100 mm,7.26 kg,DisplayPort / HDMI / VGA
mon-s22120-097,ViewSonic VX2416A,ViewSonic VX2416A 24インチ ゲーミングモニター FreeSync 1080p 1ms 100Hz IPS,32444,"24""",FHD (1920×1080),100Hz,IPS非光沢,100×100 mm,3.58 kg,DisplayPort / HDMI / VGA / USB-C
mon-s22120-098,Acer Vero CB242Y G,Acer Vero CB242Y G 24インチ クラス LCD モニター - 16:9 - ブラック,36980,"24""",FHD (1920×1080),120Hz,IPS非光沢,100×100 mm,6.87 kg,DisplayPort / HDMI / VGA
mon-s22120-099,ViewSonic VP2456A,ViewSonic VP2456A 24インチ 1080p IPS モニター 高度な人間工学 ColorPro 100% sRGB Rec 709 Pantone 検証済み 14ビット 3D LUT 120Hz USB HDMI DisplayPort、90W USB C,58156,"24""",FHD (1920×1080),120Hz,IPS非光沢,100×100 mm,6.44 kg,DisplayPort: 対応 / HDMI: 対応
mon-s22120-100,"PX246 Wave Blue 24"" 120Hz Refresh Rate FHD 1080p",Pixio PX246 ウェーブブルー 24インチ 120Hz リフレッシュレート FHD 1080p 解像度 IPSパネル 4ms GTG レスポンスタイム ゲーミング モニター アダプティブシンク付き,38843,"24""",FHD (1920×1080),120Hz,IPS非光沢,75×75 mm,4.62Kg,HDMI / VGA
mon-s22120-101,T24-40,Lenovo ThinkVision T24-40 61 cm クラス フルHD LED モニター - 16:9 - エクリプス ブラック,61721,"23.8""",FHD (1920×1080),120Hz,IPS,100×100 mm,3 kg,DisplayPort / HDMI / VGA / USB-C
mon-s22120-103,"PRO MP242PMG 24"" IPS 1920 x 1080 (FHD) Computer",MSI PRO MP242PMG 24インチ IPS 1920 x 1080 (FHD) コンピューターモニター、120Hz、ウェブカメラ、アダプティブ同期、EPEAT Silver、HDMI、DisplayPort、VGAポート、VESAマウント可能、チルト、高さ調節可能、スピーカー、1ms,68341,"24""",FHD (1920×1080),120Hz,IPS非光沢,100×100 mm,5.70 kg,DisplayPort: 対応 / HDMI: 対応 / VGA: 対応
mon-s22120-104,Dell UltraSharp U2424H モニター,Dell UltraSharp U2424H モニター - 24インチ、フルHD (1080p) 1920 x 1080 at 120 Hz、16:9 IPS、DisplayPort、Type-C、USB-Cケーブル付きコンピューターモニター画面,68732,"24""",FHD (1920×1080),120Hz,IPS非光沢,—,7.72 kg,USB Type-C: 対応 / DisplayPort: 対応
mon-s22120-105,"24.5"" CL25FFA 16:9 HDMI/VGA 120Hz FHD",ASRock 24.5インチ CL25FFA 16:9 HDMI/VGA 120Hz FHD,56763,"24.5""",FHD (1920×1080),120Hz,IPS,—,4.35 kg,HDMI: 対応 / VGA: 対応
mon-s22120-106,"PRO MP272PMG 24"" IPS 1920 x 1080 (FHD) Computer","MSI PRO MP272PMG 24"" IPS 1920 x 1080 (FHD) Computer Monitor, 120Hz, Webcam, Adap",78525,"24""",FHD (1920×1080),120Hz,IPS非光沢,100×100 mm,6.20 kg,DisplayPort: 対応 / HDMI: 対応 / VGA: 対応
mon-s22120-107,"VA2456A-MHD_H2 24"" 120Hz Dual Business w/o Stand",ViewSonic VA2456A-MHD_H2 24インチ 120Hz デュアルビジネスモニター スタンドなし,57660,"24""",FHD (1920×1080),120Hz,IPS非光沢,100×100 mm,2.7Kg,DisplayPort / HDMI / VGA
mon-s22120-108,Pixio PX246 Wave ウェーブパープル,Pixio PX246 ウェーブパープル 24インチ 120Hz リフレッシュレート FHD 1080p 解像度 IPSパネル 4ms GTG レスポンスタイム,54807,"24""",FHD (1920×1080),120Hz,IPS非光沢,75×75 mm,3.1Kg,HDMI / VGA
mon-s22120-109,Pixio PX246 Wave ベージュ,Pixio PX246 ウェーブ ベージュ 24インチ 120Hz リフレッシュレート FHD 1080p 解像度 IPS パネル 4ms GTG レスポンスタイム ゲーミング モニター アダプティブシンク付き,41692,"24""",FHD (1920×1080),120Hz,IPS非光沢,100×100 mm,3.1Kg,HDMI / VGA
mon-s22120-110,V247YU BMIIPX 24 LED LCD MON 25X14 16:9,Acer V247YU BMIIPX 24 LED LCD MON 25X14 16:9,56423,"24""",QHD (2560 x 1440),75Hz,IPS非光沢,100×100 mm,3.57Kg,DisplayPort / HDMI
mon-s22120-112,P24QD-40,Lenovo TS-P24QD-40 23.8インチ 2560x1440 IPS 120Hz。,81713,"23.8""",QHD (2560 x 1440),120Hz,IPS非光沢,100×100 mm,3.6Kg,USB Type-C / DisplayPort / HDMI
mon-s22120-114,T24-40,ThinkVision T24-40 23.8インチモニター,51148,"23.8""",FHD (1920×1080),120Hz,IPS非光沢,100×100 mm,3.0Kg,DisplayPort / HDMI / VGA / USB-C
mon-s22120-115,"24B31H - 24"" Full HD , 120Hz, Adaptive Image Syn","AOC 24B31H - 24"" Full HD Monitor, 120Hz, Adaptive Image Sync (1920x1080, 1xD-Sub",73472,"24""",FHD (1920×1080),120Hz,-,100×100 mm,3.97 kg,HDMI: 対応 / VGA: 対応
mon-s22120-117,U2424H,"Dell U2424H LCD 23.8 Type/1920x1080/HDMI, DisplayPort/Silver/Speaker: No",33895,"23.8""",FHD (1920×1080),120Hz,-,100×100 mm,5.38 kg,DisplayPort: 対応 / HDMI: 対応
mon-s22120-118,23.8型 モバイルモニター,MESWAO 23.8インチ ポータブルモニター 120Hz 1080P FHD IPS 100%sRGB USB-C HDMI プラグアンドプレイ ノートパソコン/PC/MacBook/コンソール用セカンドスクリーン 180°調節可能なスタンド,58700,"23.8""",FHD (1920×1080),120Hz,IPS非光沢,100×100 mm,2.04 kg,USB Type-C: 対応 / HDMI: 対応
mon-lg-011,32UD60-B,LG モニター ディスプレイ 32UD60-B 31.5インチ/4K/VA 非光沢/HDMI、DisplayPort/スピーカー搭載/高さ調節対応,29800,"31.5""",4K (3840×2160),60Hz,VA非光沢,100×100 mm,5.3Kg,HDMI×1: 対応 / DisplayPort×1: 対応
mon-lg-012,24GM79G-B,LG ゲーミング モニター ディスプレイ 24GM79G-B 24インチ/フルHD/TN非光沢/144Hz/2ms(1ms MBR)/DisplayPort×1・HDMI×2,29800,"24""",FHD (1920×1080),144Hz,TN,100×100 mm,4.6 kg,DisplayPort×1: 対応 / HDMI×2: 対応
mon-asus-003,XG259CMS,ASUS ゲーミングモニター ROG Strix XG259CMS 24.5インチ / HDR / 310Hz / 1ms (GTG) / Fast IPS/Extreme Low Motion Blur Sync/USB Type-C/G-Sync対応,36800,"24.5""",FHD (1920×1080),310Hz,Fast IPS非光沢,100×100 mm,3.42Kg,DisplayPort: 対応 / HDMI: 対応
mon-asus-004,ASUS 4K モニター ProArt PA279CRV-J,IPS/HDMI/DisplayPort/USB Type-C(96W給電) / 99% DCI-P3 / 99% Adobe RGB/色精度ΔE < 2 / VESA DisplayHDR 400 / エルゴノミクススタンド/国内正規品,65800,"27""",4K (3840×2160),60Hz,IPS非光沢,100×100 mm,4.07Kg,HDMI: 対応 / DisplayPort: 対応 / USB Type-C: 対応
mon-asus-005,ASUS Eye Care VA329HE-J,ASUS モニター Eye Care VA329HE-J 31.5インチ / フルHD (1920 x 1080) / IPS / HDMIx2 / 75Hz / ブルーライト軽減/フリッカフリー/VESA対応 / 4年保証,24280,"31.5""",FHD (1920×1080),75Hz,IPS,100×100 mm,7.1 kg,HDMI: 対応 / VGA: 対応
mon-asus-006,ASUS TUF Gaming VG34VQL3A,ASUS ゲーミングモニター TUF Gaming VG34VQL3A 34インチ/180Hz/WQHD/1ms/Freesync Premium Pro,46000,"34""",UWQHD (3440×1440),180Hz,VA非光沢,100×100 mm,8.1 kg,DisplayPort: 対応
mon-asus-007,ASUS ROG Strix OLED XG27AQDMES-J,27インチ ゲーミングモニター 240hz WQHD（2560x1440） OLED 0.03ms 有機EL 3年保証,73535,"27""",QHD (2560 x 1440),240Hz,有機EL,100×100 mm,4.9 kg,HDMI / DisplayPort 対応
mon-asus-009,ASUS 有機EL ゲーミングモニター ROG Strix OLED XG27AQDMG (26.5イン,/2560x1440/WOLED 有機EL/240Hz/0.03ms(GTG)/99% DCI-P3/DisplayPort 1.4/HDMI/国内正規品),68000,"26.5""",QHD (2560 x 1440),240Hz,有機EL,100×100 mm,3.8Kg,DisplayPort: 対応 / HDMI: 対応
mon-asus-011,PA278CV,ASUS モニター ProArt PA278CV 27インチ/3年間無輝点交換保証/WQHD/IPS/USB Type-C DisplayPortデイジーチェーン HDMI/100% sRGB/100% Rec. 709/ΔE<2,49209,"27""",QHD (2560 x 1440),75Hz,IPS非光沢,100×100 mm,5.5 kg,USB Type-C: 対応 / DisplayPort: 対応 / HDMI: 対応
mon-asus-013,PG27AQWP-G,ASUS ROG Swift 27インチ エディション 20 OLED ゲーミングモニター (PG27AQWP-G) 26.5インチ QHD WOLED デュアルモード (QHD@540Hz、HD@720Hz)、0.02ms 99.5% DCI-P3色域 TrueBlack 光沢,220469,"27""",QHD (2560 x 1440),540Hz,有機EL,100×100 mm,3.8Kg,HDMI: 対応
mon-asus-014,ASUS ゲーミングモニター/TUF Gaming シリーズ 5 -VG249QML5A,23.8インチ/フルHD/Fast-IPSパネル/240Hz/0.3ms/G-SYNC対応/AMD FreeSync Premium/ELMB SYNC/99% sRGB/高さ調整可能/DisplayWidget Center/Gaming AI/国内正規品,24364,"23.8""",FHD (1920×1080),240Hz,Fast IPS,100×100 mm,4.9 kg,DisplayPort / HDMI
mon-asus-015,ASUS ROG Swift OLED PG27UCDM,27インチ / 4K 第4世代量子ドット有機ELパネル / 240Hz / 0.03ms / OLED Anti-Flicker/G-SYNC対応/VESA DisplayHDR 400 True Black/DisplayPort 2.1a UHBR20 / USB-C/HDMI 2.1,178000,"26.5""",4K (3840×2160),240Hz,有機EL,100×100 mm,7.62 kg,USB Type-C: 対応 / DisplayPort: 対応 / HDMI: 対応
mon-asus-016,ASUS 6K モニター ProArt PA32QCV,31.5インチ / 【DGPイメージングアワード2025 金賞】 / IPS/HDMI/DisplayPort/Thunderbolt 4(96W給電) / Auto KVM / 98% DCI-P3 / 色精度 ΔE < 2 / VESA DisplayHDR 600,163455,"31.5""",6K (6016 x 3384),60Hz,IPS非光沢,100×100 mm,9.3 kg,USB Type-C: 対応 / DisplayPort: 対応 / HDMI: 対応
mon-asus-017,MB16AHV,ASUS Portable Monitor ZenScreen MB16AHV 16-Inch (15.6-Inch Display) / Full HD (1,25800,"15.6""",FHD (1920×1080),60Hz,IPS,75×75 mm,0.9 kg,USB Type-C: 対応 / HDMI: 対応
mon-asus-019,MB166CR-J,ASUS ポータブルモニター ZenScreen MB166CR-J 16インチ(15.6インチ表示)/フルHD/IPS/USB Type-C/フリッカーフリー/ブルーライトフィルター/ノングレアパネル/360°キックスタンド/4年保証 / 国内正規品,19800,"15.6""",FHD (1920×1080),60Hz,IPS非光沢,100×100 mm,0.78 kg,DisplayPort: 対応
mon-asus-021,ASUSモニター / VA27UCPS,27インチ / 4K UHD (3840 x 2160) / IPSパネル / 99% sRGB/HDR-10 / USB-C 65W給電 / 高さ調整 縦横回転機能付き/ステレオスピーカー/フリッカーフリー/ブルーライトフィルター/エルゴノミクスデザイン/壁掛け対応/環境サスティナビリティ/国内正規品/5年保証,45800,"27""",4K (3840×2160),60Hz,IPS非光沢,100×100 mm,6.9 kg,USB Type-C: 対応
mon-asus-022,VA279QGZ [27-inch],ASUS VA279QGZ [27-inch],16470,"27""",FHD (1920×1080),120Hz,-,100×100 mm,-,-
mon-dell-001,P2219H,P series P2219H [プロフェッショナルシリーズ 21.5インチワイドモニタ,29800,"21.5""",FHD (1920×1080),60Hz,IPS非光沢,100×100 mm,2.77 kg,VGA / DisplayPort / HDMI
mon-dell-010,Dell 液晶ディスプレイ E2425HSM,23.8型/1920×1080/HDMI、DisplayPort、VGA/ブラック/スピーカー：あり,15598,"23.8""",FHD (1920×1080),100Hz,IPS非光沢,100×100 mm,2.81Kg,DisplayPort: 対応 / HDMI: 対応 / VGA: 対応
mon-dell-011,Dell Alienware AW3426DWM　曲面,"34インチ曲面 ゲーミングモニター無輝点3年保証/WQHD/VA,非光沢,1500R曲面/HDMIx2,DP1.4x1/DCI-P3 95%/高さ調整,傾き/1ms,240Hz/FreeSync Premium,DisplayHDR 400",54980,"34""",UWQHD (3440×1440),240Hz,VA非光沢,100×100 mm,6.78 kg,DisplayPort: 対応 / HDMI: 対応
mon-dell-012,Dell AW3225DM-A 31.5インチ 曲面,"Alienware ゲーミングモニター無輝点5年保証/QHD/VA非光沢,1500R曲面/DP1.4x1,HDMI2.1x2/DCI-P3 95%/高さ調整,傾き/1ms,180Hz(DP),144Hz(HDMI)",34980,"31.5""",QHD (2560 x 1440),180Hz,VA非光沢,100×100 mm,9.75Kg,DisplayPort: 対応 / HDMI: 対応
mon-dell-014,Dell 液晶ディスプレイ E2425HM,23.8型/1920×1080/HDMI、DisplayPort、VGA/ブラック/スピーカー：なし,13370,"23.8""",FHD (1920×1080),100Hz,VA非光沢,100×100 mm,2.81Kg,DisplayPort: 対応 / HDMI: 対応 / VGA: 対応
mon-dell-015,Dell 液晶ディスプレイ U3225QE,31.5型/3840×2160/HDMI、DisplayPort、USB-C/シルバー/スピーカー：なし,128960,"31.5""",4K (3840×2160),120Hz,IPS非光沢,100×100 mm,5.43 kg,USB Type-C: 対応 / DisplayPort: 対応 / HDMI: 対応
mon-dell-017,Dell AW2726DM 26.5インチ,"有機EL Alienware ゲーミングモニター 無輝点3年保証/QHD/QD-OLED,抗反射/DP 1.4×1,HDMI×2/DCI-P3 99%/縦横回転,高さ調整/0.03ms,240Hz(DP),120Hz(HDMI)/AMD FreeSync Premium",64980,"26.5""",QHD (2560 x 1440),240Hz,有機EL,100×100 mm,4.3 kg,DisplayPort: 対応 / HDMI: 対応
mon-dell-018,Dell 液晶ディスプレイ E2225HSM,21.5型/1920×1080/HDMI、DisplayPort、VGA/ブラック/スピーカー：あり,13267,"21.5""",FHD (1920×1080),100Hz,VA,100×100 mm,2.58Kg,DisplayPort: 対応 / HDMI: 対応 / VGA: 対応
mon-dell-019,Dell 液晶ディスプレイ U2725QE,27型/3840×2160/HDMI、DisplayPort、USB-C/シルバー/スピーカー：なし,92980,"27""",4K (3840×2160),120Hz,IPS,100×100 mm,4.49Kg,DisplayPort: 対応
mon-dell-021,Dell 23.8インチタッチモニター P2424HT,23.8型/1920×1080/HDMI、DisplayPort、USB-C/ブラック/スピーカー：あり タッチパネル,46999,"23.8""",FHD (1920×1080),60Hz,IPS,100×100 mm,3.86Kg,USB Type-C: 対応 / DisplayPort: 対応 / HDMI: 対応
mon-dell-022,Dell 液晶ディスプレイ E2225HM,21.5型/1920×1080/HDMI、DisplayPort、VGA/ブラック/スピーカー：なし,11366,"21.5""",FHD (1920×1080),100Hz,VA非光沢,100×100 mm,2.58Kg,DisplayPort: 対応 / HDMI: 対応 / VGA: 対応
mon-dell-023,DELL-P2425HE,"Dell P2425HE 23.8-inch USB-C Hub Monitor / 1920×1080 / HDMI, DisplayPort, USB-C",37598,"24""",FHD (1920×1080),100Hz,-,100×100 mm,4.2 kg,USB Type-C: 対応 / DisplayPort: 対応 / HDMI: 対応
mon-philips-003,PHILIPS EVNIA　27M2N3500NL/11,HILIPS EVNIA ゲーミングモニター (27インチ/180Hz/WQHD/VA/超高速0.5ms/HDR10/AMD FreeSync対応/5年保証/2560x1440/チルト/HDMI2.0×2、DisplayPort1.4×1/フレームレス/フリッカーフリー/ブルーライト軽減/電源内蔵),20707,"27""",QHD (2560 x 1440),180Hz,VA非光沢,100×100 mm,4.34 kg,DisplayPort: 対応 / HDMI: 対応
mon-philips-004,PHILIPS 27E1N5500B/11,"27インチ/5年保証/WQHD/IPS/HDMI,Display Port/高さ調整/チルト/ピボット/フレームレス/Adaptive Sync/ちらつき防止/ブルーライト軽減/sRGB121.46%",24400,"27""",QHD (2560 x 1440),100Hz,Fast IPS非光沢,100×100 mm,5.59 kg,DisplayPort: 対応 / HDMI: 対応
mon-philips-006,PHILIPS 27インチモニター 27E1N1800A/11,"27インチ/3840x2160 4K/IPS/スピーカー2W x2/チルト/HDMI2.0 x2,DisplayPort1.4 x1/フレームレス/HDR 10/Adaptive Sync/Delta E:<2/ちらつき防止/ブルーライト軽減",26980,"27""",4K (3840×2160),60Hz,IPS非光沢,100×100 mm,4.35 kg,DisplayPort: 対応 / HDMI: 対応
mon-philips-007,PHILIPS 34B2U3600C/11,"湾曲TypeCディスプレイ ウルトラワイルド PCモニター (34インチ/VA/曲面1500R/UWQHD/120Hz/1ms/5年保証/HDMI, DP, Type-C(PD90W)/チルト/高さ調節/ＲJ45/電源内蔵/ケーブル付/エナジースター/TCO10)",54930,"34""",UWQHD (3440×1440),120Hz,VA,100×100 mm,10.4 kg,USB Type-C: 対応 / DisplayPort: 対応 / HDMI: 対応
mon-philips-008,PHILIPS モニターディスプレイ 271V8L/11,"(27インチ/FHD/5年保証/HDMI 1.4x1, D-Sub(VGA)x1/チルト/フレームレス/ブルーライトカット)",13675,"27""",FHD (1920×1080),75Hz,VA,100×100 mm,3.26Kg,HDMI: 対応 / VGA: 対応
mon-philips-009,PHILIPS 221S9A/11,1920×1080 フルHD ブラック 221S9A/11 5年間フル保証ディスプレイ,9900,"21.5""",FHD (1920×1080),75Hz,VA非光沢,100×100 mm,2.0Kg,HDMI / VGA
mon-philips-010,Philips　243B9/11,Philips(フィリップス) 23.8型ワイド 液晶ディスプレイ,16980,"23.8""",FHD (1920×1080),75Hz,IPS非光沢,100×100 mm,3.42Kg,VGA: 対応
mon-philips-011,PHILIPS ウルトラワイドディスプレイ(44.5インチ　45B1U6900CH/11,"(32:9)曲面, VA, 5120×1440@75Hz, 4ms, HDMI2.0 x2, DP1.4x1, USBハブ(DP Alt mode, PD100W), USBポートx4, Webcamカメラ/マイク, 昇降/縦横回転, KVM スイッチ, DisplayHDR 400, リモコン付き)",126645,"44.5""",5K DQHD (5120×1440),75Hz,VA非光沢,100×100 mm,9.7Kg,DisplayPort: 対応 / HDMI: 対応
mon-philips-012,Philips(フィリップス) 27インチ ゲーミングモニター27E2G5600W/11,QHD(2560x1440) 144Hz 0.5ms IPSパネル USB Type-C(65W給電) 高さ調整 エルゴノミクス 5年保証,26557,"27""",QHD (2560 x 1440),144Hz,Fast IPS非光沢,100×100 mm,5.42Kg,USB Type-C: 対応
mon-philips-013,PHILIPS 241S9A/11,5年間フル保証ディスプレイ 241S9A/11 [液晶ディスプレイ 23.8型/1920×1080/ブラック],11960,"23.8""",FHD (1920×1080),100Hz,IPS非光沢,100×100 mm,2.00Kg,HDMI / VGA
mon-philips-017,PHILIPS 346B1C/11,5年間フル保証ディスプレイ 346B1C/11 [液晶ディスプレイ 34型/3440×1440/ブラック],49800,"34""",UWQHD (3440×1440),100Hz,VA非光沢,100×100 mm,8.21Kg,USB Type-C: 対応 / DisplayPort: 対応 / HDMI: 対応
mon-philips-018,PHILIPS 272S1AE/11,5年間フル保証ディスプレイ 272S1AE/11 [液晶ディスプレイ 27型/1920×1080/ブラック],16980,"27""",FHD (1920×1080),75Hz,IPS非光沢,100×100 mm,4.8Kg,HDMI: 対応
mon-philips-019,PHILIPS 32E1N1800LA/11,"31.5インチ/VA/4K UHD/60Hz/4ms/5年保証/HDMI, DP端子/チルト/HDR10/ブルーライト軽減/在宅ワーク向け/SDGs対応/ケーブル付/電源内蔵",35475,"31.5""",4K (3840×2160),60Hz,VA非光沢,100×100 mm,7.39 kg,DisplayPort: 対応 / HDMI: 対応
mon-philips-020,PHILIPS 32B1U3900/11,"PHILIPS 4K液晶Type-Cディスプレイ PCモニター (31.5インチ/IPS/4K UHD/5年保証/HDMI, DP, Type-C(PD90W)/チルト/ＲJ45/AdaptiveSync/電源内蔵/ケーブル付/チルト/高さ調整/スイーベル/ピボット/PIP/PBP/sRGB122.44%",53334,"31.5""",4K (3840×2160),60Hz,IPS非光沢,100×100 mm,11.47 kg,USB Type-C: 対応 / DisplayPort: 対応 / HDMI: 対応
mon-philips-021,PHILIPSポータブルディスプレイ 16B1P3320/11,"15.6インチ/IPS/FHD/5年保証/microHDMI, USB Type-Cx2 /チルト(角度調整)/マルチアングルスタンド/保護カバー付き/HDR10/PS5/PCなど対応/リモートワーク)",16980,"15.6""",FHD (1920×1080),60Hz,IPS非光沢,—,1.03 kg,USB Type-C: 対応 / HDMI: 対応 / Micro HDMI: 対応
mon-philips-024,PHILIPS４K液晶 27B1U3900/11,"27インチ/IPS/4K UHD/5年保証/HDMI, DP, Type-C(PD90W)/チルト/ＲJ45/AdaptiveSync/電源内蔵/ケーブル付/チルト/高さ調整130mm/ピボット/PIP/PBP/sRGB116.29%",42222,"27""",4K (3840×2160),60Hz,IPS非光沢,100×100 mm,6.65 kg,USB Type-C: 対応 / DisplayPort: 対応 / HDMI: 対応
mon-lenovo-001,Lenovo L24-41,"Lenovo モニター L24-41 日本国内5年保証/23.8インチ/フルHD/IPSパネル/HDMI1.4x1, VGAx1/傾き調整/VESA対応",11880,"23.8""",FHD (1920×1080),100Hz,IPS非光沢,100×100 mm,3.1Kg,HDMI: 対応 / VGA (D-Sub): 対応
mon-lenovo-005,Lenovo ThinkVision C24-40,(23.8型 フルHD 非光沢 VA HDMI mini D-Sub チルト VESA 3 ブラック,15051,"23.8""",FHD (1920×1080),75Hz,VA非光沢,100×100 mm,2.8Kg,HDMI: 対応 / VGA: 対応
mon-lenovo-008,Lenovo ゲーミングモニター R25f-30,24.5インチ VA WLED液晶 FHD 240Hz 0.5ms 非光沢 チルト対応 VESA) ブラック 67B8GACBJP,18300,"24.5""",FHD (1920×1080),240Hz,VA非光沢,100×100 mm,3.6Kg,HDMI: 対応 / DisplayPort: 対応
mon-lenovo-010,Lenovo G25-20 ゲーミングモニター,24.5インチ 165Hz 0.8ms TN WLED液晶 FHD 非光沢 高さ調整 角度調整 VESA DisplayPort ケーブル付) 66D6GAC2JP,22000,"24.5""",FHD (1920×1080),165Hz,TN,100×100 mm,3.7Kg,DisplayPort: 対応
mon-lenovo-011,Lenovo R25i-30 モニター,24.5インチ IPS WLED液晶 FHD 165Hz 0.5ms 非光沢 チルト対応 VESA) ブラック 67B7GACBJP,25300,"24.5""",FHD (1920×1080),165Hz,IPS非光沢,100×100 mm,3.4Kg,HDMI / DisplayPort
mon-lenovo-012,Lenovo L24-4e モニター,23.8インチフラットIPS FullHDディスプレイ、100Hzリフレッシュ、4ms応答、HDMI 1.4、VGA、チルトスタンド、レイブンブラック,21208,"23.8""",FHD (1920×1080),100Hz,IPS,100×100 mm,2.99 kg,HDMI 1.4: 対応 / VGA: 対応
mon-lenovo-013,Lenovo ThinkVision P24QD-40,23.8型 IPS WQHD 非光沢 48Hz-120Hz HDMI DisplayPort USB Type-C RJ45 チルト スイベル ピボット 高さ調節 3,54706,"23.8""",QHD (2560 x 1440),120Hz,IPS非光沢,100×100 mm,3.0 kg,HDMI: 対応 / DisplayPort: 対応 / USB Type-C: 対応 / RJ45: 対応
mon-lenovo-015,Lenovo Legion Y25g-30,24.5インチ フルHD WLED ゲーミングLCDモニター - 16:9 - ブラック,31800,"24.5""",FHD (1920×1080),360Hz,IPS,100×100 mm,4.24 kg,HDMI / VGA
mon-lenovo-016,Lenovo ThinkVision T23i-30,レノボジャパン ThinkVision T23i-30,23945,"21.5""",-,60Hz,-,100×100 mm,-,-
mon-lenovo-017,Lenovo ThinkVision T24-40,23.8型 IPS フルHD 非光沢 HDMI VGA DisplayPort チルト スイベル ピボット 高さ調節 3,33000,"23.8""",FHD (1920×1080),120Hz,IPS,100×100 mm,3Kg,DisplayPort: 対応 / HDMI: 対応 / VGA: 対応
mon-lenovo-018,ThinkVision T24d-10 61B4MAR1JP,レノボ・ジャパン 61B4MAR1JP ThinkVision T24d-10,27500,"24""",FHD (1920×1080),60Hz,IPS,100×100 mm,3.98 kg,DisplayPort / HDMI / VGA
mon-lenovo-019,Lenovo ThinkVision T24i-30,23.8 フルHD WLED LCDモニター - 16:9,34389,"23.8""",FHD (1920×1080),60Hz,IPS,100×100 mm,6.21 kg,DisplayPort / HDMI / VGA / USB-C
mon-lenovo-020,Lenovo ThinkVision S24e-20,Lenovo 23.6インチ LED モニター 62A0KAT1UK 1920 X 1080 1Ms Vga Hdmi Vesa,38006,"23.6""",FHD (1920×1080),60Hz,IPS,100×100 mm,3.08 kg,HDMI: 対応 / VGA: 対応
mon-lenovo-021,D24-20 23.6インチ VA FHD VGA/HDMI 60Hz 1ms LCD,Lenovo D24-20 23.6インチ VA FHD VGA/HDMI 60Hz 1ms LCDモニター,38045,"23.6""",FHD (1920×1080),75Hz,VA,100×100 mm,4.46 kg,HDMI: 対応 / VGA: 対応
mon-lenovo-022,ThinkVision S24-4e 23.8インチモニター。,ThinkVision S24-4e 23.8インチモニター,32912,"23.8""",FHD (1920×1080),100Hz,IPS,100×100 mm,2.7 kg,HDMI / VGA
mon-lenovo-023,ThinkVision E24-30 24インチ FHD LED,Lenovo ThinkVision E24-30 24インチクラスフルHD LEDモニター - 16:9,44292,"24""",FHD (1920×1080),100Hz,IPS,100×100 mm,3.4Kg,DisplayPort / HDMI / VGA
mon-lenovo-024,Lenovo R25i-30 モニター,"LED display 62,2 cm (24.5"") 1920 x 1080 ピクセル フルHD ノワール",33409,"24.5""",FHD (1920×1080),165Hz,IPS非光沢,100×100 mm,3.4Kg,DisplayPort / HDMI
mon-lenovo-025,Lenovo ThinkVision T23i-20,(61F6MAT2US) ??HD 1920×1080 IPS LED 6ms,41327,"23""",FHD (1920×1080),60Hz,IPS非光沢,100×100 mm,3.32Kg,DisplayPort / HDMI / VGA
mon-lenovo-026,Lenovo ThinkVision S24e-20,"23.8"" Full HD WLED LCD Monitor - 16:9 - Raven Black - 24"" Class - Vertical Alignment (VA) - 1920 x 1080-16.7 Million Colors - FreeSync - 250 Nit Typical - 4 ms E",41508,"23.8""",FHD (1920×1080),60Hz,VA非光沢,100×100 mm,3.02Kg,HDMI / VGA
mon-lenovo-027,Lenovo ThinkVision E24-30,"24インチ クラス フルHD LEDモニター - 16:9 - レイヴンブラック - 23.8インチ - インプレーンスイッチング (IPS) テクノロジー - WLEDバックライト - 1920 x 1080-1,670万色 - 250",47747,"24""",FHD (1920×1080),100Hz,IPS非光沢,100×100 mm,3.4Kg,DisplayPort / HDMI / VGA
mon-lenovo-029,Lenovo Legion R24e,"- ゲームモニター - 23.8インチ フラット FHD - 180 Hz - 1ms レスポンス - AMD FreeSync - HDRDecode, HDMI 2.1, DP 1.4, オーディオ - リフト/チルト/ピボット/スイベルスタンド",47263,"23.8""",FHD (1920×1080),180Hz,VA非光沢,100×100 mm,3.0Kg,HDMI 2.1: 対応 / DisplayPort 1.4: 対応
mon-lenovo-030,Lenovo ThinkVision T24t-20,レノボジャパン ThinkVision T24t-20 62C5GAR1JP,51279,"24""",FHD (1920×1080),60Hz,IPS非光沢,100×100 mm,3.73Kg,DisplayPort / HDMI / USB-C
mon-lenovo-031,Lenovo ゲーミング モニター G24e-20,23.8インチ VA WLED液晶 FHD 1ms MPRT 100Hz 120Hz 非光沢 傾き調整 VESA HDMI ケーブル付) ブラック 66D7GAR1JP,19000,"23.8""",FHD (1920×1080),100Hz,VA非光沢,100×100 mm,3.3Kg,HDMI: 対応
mon-lenovo-032,Lenovo ThinkVision S24e-20,レノボジャパン ThinkVision S24e-20 62AEKAR2J9,32800,"24""",FHD (1920×1080),60Hz,VA非光沢,100×100 mm,3.02Kg,HDMI / VGA
mon-lenovo-033,Lenovo ThinkVision E24q-30,モニター ビジネ 23.8型 QHD 非光沢 VESA HDMI ブラック 63ECGAR2JP,23618,"23.8""",QHD (2560 x 1440),100Hz,IPS非光沢,100×100 mm,3.32Kg,HDMI / DisplayPort
mon-lenovo-034,Lenovo Q24h-10 (66A8GCC6US),23.8インチ QHD (2560 x 1440) USB-C LCDモニター LEDバックライト AMD FreeSync 75Hz 4ms 99% sRGB スピーカー ローブルーライト,59968,"23.8""",QHD (2560 x 1440),75Hz,IPS非光沢,100×100 mm,4.68Kg,USB Type-C: 対応
mon-lenovo-036,Lenovo ThinkVision P24q-30,24インチ クラス WQHD LED モニター - 16:9,49705,"24""",QHD (2560 x 1440),60Hz,IPS非光沢,100×100 mm,3.8Kg,HDMI / DisplayPort
mon-lenovo-037,Lenovo ThinkVision T24i-2L,23.8インチ 60Hz 液晶モニター レイヴン ブラック - 1920 x 1080 フルHDディスプレイ @ 60Hz - インプレーンスイッチング (IPS) テクノロジー - 250 Nit輝度 - HDMI & DisplayPortコネクタ,55520,"23.8""",FHD (1920×1080),60Hz,IPS非光沢,100×100 mm,3.3Kg,DisplayPort / HDMI / VGA
mon-lenovo-038,Lenovo ThinkVision T22i-30,Lenovo ThinkVision T22i-30 21.5 フルHD WLED LCDモニター - 16:9,49525,"21.5""",FHD (1920×1080),60Hz,IPS非光沢,100×100 mm,3.0 kg,DisplayPort / HDMI / VGA
mon-lenovo-039,Lenovo ThinkVision S24e-20,23.8インチ FHD(1920x1080) WLED モニター レイヴン ブラック-62AEKAT2US - USBハブ付き,48353,"23.8""",FHD (1920×1080),60Hz,VA非光沢,100×100 mm,3.0 kg,HDMI / VGA
mon-lenovo-041,Lenovo ThinkVision 24インチ (Ergoflexyアームセット,Lenovo ThinkVision 24インチ FHD IPSモニター 応答時間4ms、アンチグレア、ちらつきなし、VESAマウント(100mm)、ディスプレイポート、HDMI&DKZハブ,62890,"24""",FHD (1920×1080),100Hz,IPS非光沢,100×100 mm,3 kg,DisplayPort: 対応 / HDMI: 対応
mon-lenovo-042,Lenovo ThinkVision T24i-30,Lenovo ThinkVision T24i-30 24インチクラスフルHD LEDモニター - 16:9,48234,"24""",FHD (1920×1080),60Hz,IPS非光沢,100×100 mm,3.4Kg,DisplayPort / HDMI / VGA
mon-lenovo-043,Lenovo ThinkVision T23i-30,23インチ クラス フルHD 液晶モニター - 16:9,46501,"23""",FHD (1920×1080),60Hz,IPS非光沢,100×100 mm,3.20 kg,DisplayPort / HDMI / VGA
mon-lenovo-044,Lenovo ThinkVision S24-4e,Lenovo ThinkVision T24i-20 23.8インチ FHD WLED LCD,54151,"23.8""",FHD (1920×1080),60Hz,IPS,100×100 mm,3.3Kg,DisplayPort / HDMI / VGA
mon-lenovo-045,ThinkVision P24H-30 23.8インチ IPS 2560×1440 HDMI D,Lenovo ThinkVision P24H-30 23.8インチ IPS 2560×1440 HDMI DP USB,82671,"23.8""",QHD (2560 x 1440),60Hz,IPS,100×100 mm,5.72 kg,DisplayPort: 対応 / HDMI: 対応
mon-lenovo-046,T24-40,61cm FHD IPS モニター 100Hzリフレッシュレート、VESAマウント。 応答時間4ms、ちらつきなし、アンチグレア、HDMI w/DKZ USBハブ、ブラック(64B5KAT1UZ)、ErgoFlexyシングルマウントアーム,69047,"24""",FHD (1920×1080),60Hz,IPS,100×100 mm,3 kg,DisplayPort: 対応 / HDMI: 対応
mon-lenovo-p2-033,Lenovo ThinkVision T24t-20,"60.5 cm (23.8"") 1920 x 1080 ピクセル フルHD LED",102172,"23.8""",FHD (1920×1080),60Hz,IPS非光沢,100×100 mm,3.3Kg,HDMI / DisplayPort / USB-C
mon-lenovo-p2-035,Lenovo ThinkVision P24h-2L,23.8インチ WQHD WLED LCD モニター - 16:9,121013,"23.8""",QHD (2560 x 1440),60Hz,IPS非光沢,100×100 mm,3.84 kg,HDMI / DisplayPort / USB-C
mon-lenovo-p2-038,Lenovo ThinkVision T24t-20,23.8インチ LCD タッチスクリーンモニター - 16:9-4ms エクストリームモード,19980,"23.8""",FHD (1920×1080),60Hz,IPS,100×100 mm,3.3Kg,HDMI / DisplayPort / USB-C
mon-lenovo-26-002,Lenovo Legion 27Q-15,"27インチ/QHD/Fast IPS/240Hz/1ms(GtG)/HDMI2.1x2, DP1.4x1/HDR10/AMD FreeSync™ Premium/縦横回転,高さ調整/日本国内5年保証",25800,"27""",QHD (2560 x 1440),240Hz,Fast IPS非光沢,100×100 mm,3.8kg,HDMI 2.1 ×2: 対応 / DisplayPort 1.4: 対応
mon-lenovo-26-003,Lenovo L27-41,"Lenovo L27-41 Monitor, 27-Inch, Full HD/IPS Panel/HDMI 1.4 x 1, VGA/Tilt Adjustm",12980,"27""",FHD (1920×1080),100Hz,IPS非光沢,100×100 mm,3.7Kg,HDMI: 対応 / VGA: 対応
mon-lenovo-26-004,Lenovo Legion Pro 27Q-15,"26.5インチ/QHD/QD-OLEDパネル/280hz/0.03ms(GtG)/DisplayHDR™ True Black 400/DCI-P3 99%/AMD FreeSync™ Premium Pro/縦横回転,高さ調整/日本国内5年保証",56800,"26.5""",QHD (2560 x 1440),280Hz,有機EL,100×100 mm,4.1Kg,HDMI 2.1: 対応 / DisplayPort 1.4: 対応
mon-lenovo-26-005,Legion R27s,"27インチ/フルHD/IPSパネル/144Hz/1ms (MPRT)/HDMI2.1x1, DP1.2x1/VESA Media Sync/チルト対応/日本国内3年保証",15800,"27""",FHD (1920×1080),144Hz,IPS非光沢,100×100 mm,3.7 kg,HDMI: 対応
mon-lenovo-26-006,Lenovo ThinkVision T32p-30,31.5インチ UHD(4K)【100%sRGB / 95%DCI-P3 / Type-C 90W給電対応】 IPS液晶 非光沢 VESA対応 USB 3.2 HDMI DP Type-Ax4,55931,"32""",4K (3840×2160),60Hz,IPS非光沢,100×100 mm,5.1kg,HDMI / DisplayPort / USB-C
mon-lenovo-26-007,Lenovo Y27f-30 モニター,27.0インチ IPS WLED液晶 FHD 240Hz 0.5ms 非光沢 チルト対応 VESA,22190,"27""",FHD (1920×1080),240Hz,IPS非光沢,100×100 mm,4.4 kg,HDMI / DisplayPort
mon-lenovo-26-008,Lenovo L32p-30,31.5インチ Lenovo L32p-30 (66C9UAC1JP)【31.5型ワイド UHD IPS WLED液晶モニター】【3年保証】,44980,"31.5""",4K (3840×2160),60Hz,IPS非光沢,100×100 mm,4.95Kg,HDMI / DisplayPort / USB-C
mon-lenovo-26-010,Lenovo ゲーミングモニター R27i-30,27.0インチ IPS WLED液晶 FHD 165Hz 0.5ms 非光沢 チルト対応 VESA,23998,"27""",FHD (1920×1080),165Hz,IPS非光沢,100×100 mm,4.3 kg,HDMI / DisplayPort
mon-lenovo-26-011,Lenovo ゲーミングモニター Legion 27U-15,"27インチ/デュアル解像度(フルHD/4K)/Fast IPSパネル/320Hz(フルHD),160Hz(4K)/1ms(GtG)/HDMI2.1x2, DP1.4x1/HDR10/DCI-P3 95%/NVIDIA® G-SYNC® Compatible/縦横回転,高さ調整/日本国内5年保証",42800,"27""",4K (3840×2160),160Hz,IPS非光沢,100×100 mm,4.3 kg,DisplayPort: 対応 / HDMI: 対応
mon-lenovo-26-012,Lenovo ゲーミングモニター R27q-30,27.0インチ IPS WLED液晶 QHD 165Hz 0.5ms 非光沢 チルト対応 VESA,35354,"27""",QHD (2560 x 1440),165Hz,IPS非光沢,100×100 mm,3.9 kg,DisplayPort / HDMI
mon-lenovo-26-013,Lenovo ThinkVision E27q-40,27型 QHD 非光沢 IPS HDMI DisplayPort チルト スイベル ピボット 高さ調節 Vesa 内蔵スピーカー 3 ブラック,31790,"27""",QHD (2560 x 1440),100Hz,IPS非光沢,100×100 mm,4.0Kg,DisplayPort: 対応 / HDMI: 対応
mon-lenovo-26-014,Lenovo L27-4e モニター,27インチ フラット IPS FullHD ディスプレイ - 100Hz リフレッシュレート - 4ms 応答時間 - HDMI 1.4 - VGA - チルトスタンド,30391,"27""",FHD (1920×1080),100Hz,IPS非光沢,100×100 mm,4.08 kg,HDMI: 対応 / VGA: 対応
mon-lenovo-26-016,27インチ フラット IPS FullHD ディスプレイ - 100Hz リフレッシュレート - 4ms 応答時間 - HDMI 1.4 - VGA - チルトスタンド,Lenovo Japan ThinkVision E27q-20 62D0GAR1JP,28427,"27""",FHD (1920×1080),60Hz,-,100×100 mm,-,-
mon-lenovo-26-019,Lenovo L27q-4a,27インチ QHD IPS ディスプレイ - 100Hz リフレッシュレート - MaxxAudio チューニングスピーカー - VESA MediaSync - 1ms MPRT,47985,"27""",QHD (2560 x 1440),100Hz,IPS非光沢,100×100 mm,5.64 kg,DisplayPort: 対応 / HDMI: 対応
mon-lenovo-26-020,Lenovo Legion LOQ 32Q-10,ゲーミングモニター 80cm QHD フラット VA 180Hz 0.5ms MPRT AMD FreeSync HDR10 チルトスタンド HDMI 2.1 DP 1.4 2倍,44968,"32""",QHD (2560 x 1440),180Hz,VA非光沢,100×100 mm,7.39 kg,DisplayPort: 対応 / HDMI: 対応
mon-lenovo-26-021,Lenovo ThinkVision P27q-30,27インチ クラス WQHD LED モニター - 16:9,97349,"27""",QHD (2560 x 1440),75Hz,IPS非光沢,100×100 mm,6.80 kg,DisplayPort / HDMI
mon-lenovo-26-022,Japan ThinkVision P27u-20 62CBRAR6JP,Lenovo Japan ThinkVision P27u-20 62CBRAR6JP,102550,"27""",-,60Hz,-,100×100 mm,-,-
mon-lenovo-26-023,Lenovo Legion Y27h-30,ゲームモニター - 27インチ QHDディスプレイ - オーバークロック180z リフレッシュレート 動脈ソフトウェア - AMD FreeSync プレミアム - 0.5ms MPRT,52968,"27""",QHD (2560 x 1440),165Hz,IPS非光沢,100×100 mm,4.54 kg,HDMI / DisplayPort / USB-C
mon-lenovo-26-024,Lenovo L27h-4A,27インチ QHD IPSパネルディスプレイ、100Hz、HDR10、USB-C- Waves MaxxAudio、1ms MPRT,91192,"27""",QHD (2560 x 1440),100Hz,IPS非光沢,—,5.96 kg,USB Type-C: 対応
mon-lenovo-26-025,Lenovo ThinkVision T34WD-40,34インチクラス UW-QHD カーブスクリーンLEDモニター - 21:9,85623,"34""",UWQHD (3440×1440),120Hz,VA非光沢,100×100 mm,6.40 kg,HDMI / DisplayPort / USB-C
mon-lenovo-26-026,Lenovo ThinkVision T27-40,27インチクラスフルHD LEDモニター - 16:9,48925,"27""",FHD (1920×1080),120Hz,IPS非光沢,100×100 mm,4.40 kg,HDMI / DisplayPort / USB-C / VGA
mon-lenovo-26-027,Lenovo ThinkVision P27Q-40,27 QHD 2560x1440 IPS ディスプレイ、アンチグレア、16:9 エクストリームモード 4ms 応答時間 最大120Hz リフレッシュレート 99 sRGB、99 BT.709、98 DCIP3、10bit 5~+23.5チルト、左右45回転、90~ +90P,88133,"27""",QHD (2560 x 1440),120Hz,IPS非光沢,100×100 mm,4.30 kg,HDMI / DisplayPort / USB-C
mon-lenovo-26-028,Lenovo Legion 27QD-10,ゲーミングモニター - 27インチ QHD IPSディスプレイ - 240Hz リフレッシュレート - 0.5ms MPRT - 99% sRGB - AMD FreeSync プレミアム,57285,"27""",QHD (2560 x 1440),240Hz,IPS非光沢,—,5.58 kg,HDMI / DisplayPort / USB-C
mon-lenovo-26-029,Lenovo Legion R27q-30,ゲーミングモニター 27インチ QHDディスプレイ 180Hz 0.5msレスポンス、AMD FreeSync Premium、リフト/チルト/ピボット/スイベルスタンド、HDMI 2.1およびDisplayPort 1.4、350nits,73099,"27""",QHD (2560 x 1440),165Hz,IPS,—,5.81 kg,HDMI 2.1: 対応 / DisplayPort 1.4: 対応
mon-lenovo-26-031,Lenovo ThinkVision S27i-30,27 フルHD LEDモニター - 16:9,69095,"27""",FHD (1920×1080),100Hz,IPS,100×100 mm,7.03 kg,HDMI
mon-lenovo-26-032,Lenovo L27q-4A モニター,27.0インチ IPS WLED液晶 QHD 100Hz 1ms 非光沢 チルト対応 VESA,87593,"27""",QHD (2560 x 1440),100Hz,IPS非光沢,100×100 mm,3.91Kg,DisplayPort / HDMI
mon-lenovo-26-034,Lenovo THINKVISION T22V,21.5インチ 19X10 6MS CAM,70167,"21.5""",FHD (1920×1080),60Hz,IPS,100×100 mm,5.49 kg,HDMI: 対応 / DisplayPort: 対応 / VGA (D-Sub): 対応
mon-lenovo-26-035,Lenovo ThinkVision P27q-30,Lenovo ThinkVision P27q-30 27インチ WQHD LED モニター - スタンドなし - 3年保証,76673,"27""",QHD (2560 x 1440),75Hz,IPS非光沢,100×100 mm,10.2Kg,HDMI: 対応 / DisplayPort: 対応 / USB Type-C: 対応
mon-lenovo-26-036,Lenovo ThinkVision S27i-30,1920x1080解像度、1300:1コントラスト比、アセットタグ付き,63777,"27""",FHD (1920×1080),100Hz,IPS非光沢,—,3.81 kg,HDMI / DisplayPort
mon-lenovo-26-037,Lenovo G27-20 ゲーミングモニター,27インチ ゲーミングモニター FHD (1920 x 1080) IPS 144Hz 1ms FreeSync Premium & NVIDIA G-SYNC 対応 ニアエッジレス VESAマウント 高さと傾き調整 HDMI DP,78255,"27""",FHD (1920×1080),144Hz,IPS非光沢,—,-,DisplayPort: 対応 / HDMI: 対応
mon-lenovo-26-038,Lenovo ThinkVision T27i-30,Lenovo ThinkVision T27i-30 27インチクラスフルHD LEDモニター - 16:9,61109,"27""",FHD (1920×1080),75Hz,IPS非光沢,100×100 mm,4.90 kg,HDMI / DisplayPort / VGA
mon-lenovo-26-039,Lenovo Legion Y32p-30,ゲームモニター - 31.5インチ UHD IPS ディスプレイ - 144Hz - DisplayHDR 400 - AMD FreeSync Premium - 0.2ms MPRT,130397,"31.5""",4K (3840×2160),144Hz,IPS非光沢,100×100 mm,9.62 kg,HDMI / DisplayPort / USB-C
mon-lenovo-26-040,"ThinkVision S27q-10 27"" QHD LED Backlight","Lenovo ThinkVision S27q-10 27"" QHD LED Backlight",79354,"27""",QHD (2560 x 1440),60Hz,-,100×100 mm,6.35 kg,-
mon-lenovo-26-041,Lenovo Legion Y27h-30,QHD IPS WLEDゲーミング液晶 ノングレア HDMI スピーカー搭載 3年保証,32800,"27""",QHD (2560 x 1440),165Hz,IPS非光沢,100×100 mm,6.8 kg,HDMI: 対応
mon-lenovo-26-042,ThinkVision T32p-20,T32P-20,106394,"31.5""",4K (3840×2160),60Hz,IPS,100×100 mm,9.85 kg,HDMI: 対応 / DisplayPort: 対応 / USB Type-C: 対応
mon-lenovo-26-043,Lenovo Q27h-10,QHD (2560 x 1440)、IPS、LEDバックライト、16:9、AMD FreeSync、USB-C、4サイドボーダーレス、75Hz、4ms応答時間、99%sRGB、チルト、HDMI、DP 1.2、ローブルーライト,90412,"27""",QHD (2560 x 1440),75Hz,IPS,—,5.89 kg,USB Type-C: 対応 / DisplayPort: 対応 / HDMI: 対応
mon-lenovo-26-044,27IN QHD THINKVISION P27H-28,Lenovo 27IN QHD THINKVISION P27H-28,85627,-,QHD (2560 x 1440),60Hz,-,100×100 mm,9.25 kg,-
mon-lenovo-26-045,Lenovo Legion R27fc-30,LEDディスプレイ、フルHD、ブラック、1920 x 1080,25800,"27""",FHD (1920×1080),240Hz,IPS,100×100 mm,6.2 kg,HDMI / DisplayPort / VGA
mon-lenovo-26-046,"ThinkVision P27u-20 - LED - 27"" (27"" Visible) -","Lenovo ThinkVision P27u-20 - LED Monitor - 27"" (27"" Visible) - 3840 x 2160 4K @",124519,"27""",4K (3840×2160),60Hz,IPS,100×100 mm,10.6 kg,USB Type-C: 対応 / DisplayPort: 対応 / HDMI: 対応
mon-lenovo-26p2-001,"27"" QHD 2560X1440 3SIDE Near Edgeless Display","Lenovo 27"" QHD 2560X1440 3SIDE Near Edgeless Display",82809,"27""",QHD (2560 x 1440),165Hz,-,100×100 mm,9.98 kg,-
mon-lenovo-26p2-002,Legion Y27q-30,"Lenovo Legion Y27q-30 Monitor - 2025 - Gaming Monitor - 27"" QHD IPS Display - Ov",87869,"27""",QHD (2560 x 1440),180Hz,IPS,100×100 mm,6.62 kg,HDMI: 対応 / DisplayPort: 対応
mon-lenovo-26p2-003,ThinkVision T27i-30 27 Full HD WLED LCD - 16:9 -,Lenovo ThinkVision T27i-30 27 Full HD WLED LCD Monitor - 16:9 - Black,75410,"3""",FHD (1920×1080),60Hz,-,100×100 mm,1.81 kg,-
mon-lenovo-26p2-004,"Legion Y27f-30 27"" FHD , 1920x1080, 0.5ms Respon","Lenovo Legion Y27f-30 27"" FHD Gaming Monitor, 1920x1080, 0.5ms Response, 240Hz/2",107707,"27""",FHD (1920×1080),280Hz,-,100×100 mm,6.4 kg,DisplayPort: 対応 / HDMI: 対応
mon-lenovo-26p2-005,"ThinkVision E29w-20 29"" UW-UXGA WLED LCD - 21:9","Lenovo ThinkVision E29w-20 29"" UW-UXGA WLED LCD Monitor - 21:9 - Raven Black",85086,"29""",-,60Hz,-,100×100 mm,4.40 kg,-
mon-lenovo-26p2-006,27インチThinkVision E27q-20、2560x1440解像度、1000:1コントラ,Lenovo 27インチThinkVision E27q-20、2560x1440解像度、1000:1コントラスト比、アセットタグ付き。,115288,"27""",QHD (2560 x 1440),60Hz,-,100×100 mm,-,-
mon-lenovo-26p2-008,"ThinkVision P27QD-40 27"" Class WQHD LED - 16:9 -","Lenovo ThinkVision P27QD-40 27"" Class WQHD LED Monitor - 16:9 - Raven Black",97931,"27""",QHD (2560 x 1440),60Hz,-,100×100 mm,4.60 kg,-
mon-lenovo-26p2-009,"Legion R27qc-30 27"" Class WQHD Curved Screen Gam","Lenovo Legion R27qc-30 27"" Class WQHD Curved Screen Gaming LED Monitor - 16:9 -",90271,"27""",QHD (2560 x 1440),-,-,100×100 mm,7.94 kg,-
mon-lenovo-26p2-010,63A4ZAR1US Thinkvision T27i-30 Mntr,Lenovo 63A4ZAR1US Thinkvision T27i-30 Mntr,90938,"10""",-,60Hz,-,100×100 mm,-,-
mon-lenovo-26p2-011,C19270QT1,Lenovo ThinkVision T27h-20 C19270QT1 27 inch Monitor,86189,"27""",-,60Hz,-,100×100 mm,9.48 kg,-
mon-lenovo-26p2-012,27 IPS QHD (2560X1440) ThinkVision,Lenovo 27 IPS QHD (2560X1440) ThinkVision Monitor,88393,"12""",QHD (2560 x 1440),60Hz,IPS,100×100 mm,6.77 kg,-
mon-lenovo-26p2-014,"ThinkVision T27QD-40 27"" Class WQHD LED - 16:9 -","Lenovo ThinkVision T27QD-40 27"" Class WQHD LED Monitor - 16:9 - Eclipse Black",114370,"27""",QHD (2560 x 1440),60Hz,-,100×100 mm,4.60 kg,-
mon-lenovo-26p2-015,ThinkVision T27h-30,Lenovo TS/ThinkVision T27h-30 27 USB-C Monitor,111686,"27""",QHD (2560 x 1440),60Hz,IPS,100×100 mm,-,USB Type-C: 対応 / HDMI: 対応 / DisplayPort: 対応
mon-lenovo-26p2-016,Legion R34w-30,"Lenovo Legion R34w-30 34"" Class UW-QHD Curved Screen Gaming LED Monitor - 21:9 -",123012,"34""",UWQHD (3440×1440),180Hz,VA,100×100 mm,10.73 kg,HDMI: 対応 / DisplayPort: 対応
mon-lenovo-26p2-018,ThinkVision T27hv-30,"Lenovo ThinkVision T27hv-30 27"" Class Webcam WQHD LED Monitor - 16:9 - Raven Bla",123435,"27""",QHD (2560 x 1440),60Hz,IPS,100×100 mm,5.70 kg,HDMI: 対応 / DisplayPort: 対応 / USB Type-C: 対応
mon-lenovo-26p2-020,ThinkVision P27H-20,"27"" WQHD IPS",155960,"27""",QHD (2560 x 1440),60Hz,IPS,100×100 mm,9.62 kg,HDMI: 対応 / DisplayPort: 対応 / USB Type-C: 対応
mon-lenovo-26p2-021,Legion Pro 34WD-10,"Lenovo Legion Pro 34WD-10 Curved Gaming Monitor - 34"" WQHD OLED - 240Hz - AMD Fr",173380,"34""",UWQHD (3440×1440),240Hz,有機EL,100×100 mm,8.71 kg,HDMI 2.1: 対応 / DisplayPort 1.4: 対応 / USB Type-C: 対応
mon-lenovo-26p2-022,"ThinkVision P32p-20 62A2GAR2US 31.5"" 4K UHD 2160","Lenovo ThinkVision P32p-20 62A2GAR2US 31.5"" 4K UHD 2160p LED Monitor Black",132935,"31.5""",4K (3840×2160),60Hz,-,100×100 mm,6.96 kg,-
mon-lenovo-26p2-023,ThinkVision T32p-30,"31.5"" 4K IPS",135525,"31.5""",4K (3840×2160),60Hz,IPS,100×100 mm,9.48 kg,HDMI: 対応 / DisplayPort: 対応 / USB Type-C: 対応
mon-lenovo-26p2-024,"ThinkVision P34WD-40 34"" Class UWQHD Curved Scre","Lenovo ThinkVision P34WD-40 34"" Class UWQHD Curved Screen LED Monitor - 21:9 - E",176950,"34""",UWQHD (3440×1440),60Hz,-,100×100 mm,7.20 kg,-
mon-lenovo-26p2-025,Y27g 27-Inch FHD LED-Lit 16:9 Curved Widescreen,Lenovo Y27g 27-Inch FHD LED-Lit 16:9 Curved Widescreen Gaming Monitor with G-Syn,211348,"27""",FHD (1920×1080),-,-,100×100 mm,6.74 kg,-
mon-lenovo-26p2-026,"ThinkVision P27u-20 with Asset Tag, 27"" UHD (384","Lenovo ThinkVision P27u-20 with Asset Tag, 27"" UHD (3840x2160) IPS Display, Anti",182318,"27""",4K (3840×2160),60Hz,IPS,100×100 mm,-,-
mon-lenovo-26p2-028,ThinkVision T34WD-40 (34インチ) WQHD HDMI/DP/USB-C/,Lenovo ThinkVision T34WD-40 (34インチ) WQHD HDMI/DP/USB-C/DOC。,257715,"34""",QHD (2560 x 1440),60Hz,-,100×100 mm,13.02 kg,USB Type-C: 対応 / DisplayPort: 対応 / HDMI: 対応
mon-lenovo-26p2-030,ThinkVision P32p-30 アセットタグ付き、31.5インチ UHD (3840x2,Lenovo ThinkVision P32p-30 アセットタグ付き、31.5インチ UHD (3840x2160) IPS ディスプレイ、アンチグレア16:,350792,"31.5""",4K (3840×2160),60Hz,IPS,100×100 mm,-,-
mon-lenovo-26p2-031,"ThinkVision P40w-20 40"" 5K2K WUHD Curved Screen","Lenovo ThinkVision P40w-20 40"" 5K2K WUHD Curved Screen WLED LCD Monitor - 21:9 -",327078,"40""",5K2K (5120×2160),60Hz,IPS,100×100 mm,20.41 kg,-
mon-lenovo-26p2-032,ThinkVision P32pz-30,ThinkVision P32pz-30,355310,"32""",-,60Hz,-,100×100 mm,14.6 kg,-
mon-lenovo-26p2-033,"ThinkVision T34w 30 34"" 4K UHD 2160p","Lenovo ThinkVision T34w 30 34"" 4K UHD 2160p Monitor",331000,"34""",4K (3840×2160),60Hz,-,100×100 mm,15 kg,-
mon-lenovo-26p2-034,ThinkVision P34WD-40,Lenovo ThinkVision P34WD-40,404316,"34""",-,60Hz,-,100×100 mm,10 kg,-
mon-lenovo-26p2-035,ThinkVision P32p-30 アセットタグ付き、31.5インチ UHD (3840x2,LENOVO ThinkVision P32p-30,266330,"35""",4K (3840×2160),60Hz,-,100×100 mm,10 kg,-
mon-lenovo-26p2-036,"ThinkVision E27q-20 27"" WQHD WLED LCD - 16:9 - R","Lenovo ThinkVision E27q-20 27"" WQHD WLED LCD Monitor - 16:9 - Raven Black, 14.5""",97535,"27""",QHD (2560 x 1440),60Hz,-,100×100 mm,4.49 kg,-
mon-lenovo-26p2-037,"ThinkVision T32UD-40 32"" Class 4K UHD LED - 16:9","Lenovo ThinkVision T32UD-40 32"" Class 4K UHD LED Monitor - 16:9 - Eclipse Black",14980,"32""",4K (3840×2160),60Hz,-,100×100 mm,6.30 kg,-
mon-lenovo-26p2-038,"63D1RAR1US 31.5"" Thinkvision P32p-30 4k Mntr 95","Lenovo 63D1RAR1US 31.5"" Thinkvision P32p-30 4k Mntr 95 Dci-p399 RGB W/Accurate C",80166,"31.5""",4K (3840×2160),-,-,100×100 mm,9.48 kg,-
mon-lenovo-26p2-041,"ThinkVision P27h-30 27"" Class WQHD LED - 16:9 -","Lenovo ThinkVision P27h-30 27"" Class WQHD LED Monitor - 16:9 - Raven Black",22016,"27""",QHD (2560 x 1440),60Hz,-,100×100 mm,10.16 kg,-
mon-lenovo-1822-002,ThinkVision E22-30,"21.5"" FHD IPS ビジネス",16307,"21.5""",FHD (1920×1080),75Hz,IPS,100×100 mm,5.8 kg,HDMI: 対応 / DisplayPort: 対応 / VGA (D-Sub): 対応
mon-lenovo-1822-005,ThinkVision E20-30,"19.5"" HD+ IPS",20535,"19.5""",HD+,60Hz,IPS,100×100 mm,-,HDMI: 対応 / VGA (D-Sub): 対応
mon-lenovo-1822-006,Lenovo L22-4e,オフィスモニター - 21.5インチ FHD IPS ディスプレイ - 100Hz リフレッシュレート - 4 ms MPRT - 99% sRGB,19169,"21.5""",FHD (1920×1080),100Hz,IPS,—,2.81 kg,HDMI: 対応 / VGA (D-Sub): 対応
mon-lenovo-1822-009,"ThinkVision E22-30 22"" Class Full HD LED - 16:9","Lenovo ThinkVision E22-30 22"" Class Full HD LED Monitor - 16:9 - Raven Black",27195,"22""",FHD (1920×1080),60Hz,-,100×100 mm,2.70 kg,-
mon-lenovo-1822-010,"L22e-40 - Everyday - 21.4"" FHD Display - 75Hz -","Lenovo L22e-40 - Everyday Monitor - 21.4"" FHD Display - 75Hz - 4ms-16ms Response",38609,"21.4""",FHD (1920×1080),75Hz,-,75×75 mm,4.40 kg,HDMI: 対応 / VGA: 対応
mon-lenovo-1822-011,ThinkVision T22i-30,"Lenovo ThinkVision T22i-30 22"" Class Full HD LED Monitor - 16:9 - Raven Black",36982,"21.5""",FHD (1920×1080),60Hz,IPS,100×100 mm,6.89 kg,HDMI: 対応 / DisplayPort: 対応 / VGA (D-Sub): 対応 / USB: 対応
mon-lenovo-1822-012,54.6cm/21.5inch (1920x1080) Lenovo ThinkVision T,54.6cm/21.5inch (1920x1080) Lenovo ThinkVision T22i-30 16:9 FHD IPS 60Hz 4ms HDM,44506,"21.5""",FHD (1920×1080),60Hz,IPS,100×100 mm,3.12 kg,DisplayPort: 対応 / HDMI: 対応 / VGA: 対応
mon-lenovo-1822-013,ThinkVision T22i-30 21.5 Full HD WLED LCD - 16:9,Lenovo ThinkVision T22i-30 21.5 Full HD WLED LCD Monitor - 16:9 - Raven Black,43916,"21.5""",FHD (1920×1080),60Hz,-,100×100 mm,6.80 kg,-
mon-lenovo-1822-016,Japan ThinkVision T22i-30 63B0MAR6JP,Lenovo Japan ThinkVision T22i-30 63B0MAR6JP,28767,"21.5""",-,60Hz,-,100×100 mm,-,-
mon-lenovo-1822-017,ThinkVision TIO22 Gen5,Lenovo ThinkVision TIO22Gen5 22インチクラス ウェブカメラ フルHD LEDモニター - 16:9 - ブラック,25219,"21.5""",FHD (1920×1080),60Hz,IPS,100×100 mm,8.07 kg,HDMI: 対応 / DisplayPort: 対応
mon-lenovo-1822-020,ThinkVision T22i-30 22インチクラスフルHD LED - 16:9 - レイ,Lenovo ThinkVision T22i-30 22インチクラスフルHD LEDモニター - 16:9 - レイヴンブラック,39839,"22""",FHD (1920×1080),60Hz,-,100×100 mm,3 kg,-
mon-lenovo-1822-022,"ThinkVision S22-4e 21.5""","ThinkVision S22-4e 21.5"" Monitor",44453,"21.5""",-,60Hz,-,100×100 mm,2.50 kg,-
mon-lenovo-1822-024,"ThinkCentre Tiny-in-One 22 Gen 5 21.5"" 16:9 Full","Lenovo ThinkCentre Tiny-in-One 22 Gen 5 21.5"" 16:9 Full HD Touchscreen IPS WLED",83465,"21.5""",FHD (1920×1080),60Hz,IPS,100×100 mm,5.99 kg,-
mon-lenovo-1822-025,20.1IN LCD 700:1 1600X1200 60HZ Thinkvision L201,20.1IN LCD 700:1 1600X1200 60HZ Thinkvision L201P Black VGA Dvi,96687,"20.1""",-,60Hz,-,100×100 mm,11.34 kg,VGA: 対応 / DVI-D: 対応
mon-lenovo-1822-027,"L22e-40 , 21.5"" Full HD Resolution, 250nits Brig","Lenovo L22e-40 Monitor, 21.5"" Full HD Resolution, 250nits Brightness, 75Hz Refre",19169,"21.5""",FHD (1920×1080),75Hz,-,100×100 mm,3.80 kg,HDMI: 対応 / VGA: 対応
mon-acer-001,Acer Nitro VG250QW3bmiipx,IPS 240Hz フルHD 0.5ms(GTG) 非光沢 sRGB 99% AMD FreeSync Premium HDR10 ブルーライト低減 ブラックブースト HDMI 2.1 DisplayPort v1.4 スピーカー・ヘッドフォン端子 ゼロフレーム ゲーミングモニター 3年保証(パネルは1年),20980,"24.5""",FHD (1920×1080),240Hz,IPS非光沢,100×100 mm,3 kg,HDMI 2.1: 対応 / DisplayPort 1.4: 対応
mon-acer-002,Acer 24.5インチ フルHD 200Hz ゲーミングモニター,フルHD 200Hz 0.5ms(GTG) 広視野角 VA 非光沢 sRGB 99% AMD FreeSync Premium HDR10 ブラックブースト VRB対応 ブルーライト低減 HDMI 2.0 DisplayPort v1.2 Acer Display Widget Nitro ゲーミングモニター 3年保証,16980,"24.5""",FHD (1920×1080),200Hz,VA非光沢,100×100 mm,3.4 kg,DisplayPort: 対応 / HDMI: 対応
mon-acer-004,Acer 21.5インチ VA フルHD 120Hz モニター,120Hz 1ms(VRB) 非光沢 sRGB 99% Adaptive-Sync ブルーライト低減 ゼロフレーム 薄型 HDMI 1.4 ミニD-Sub 15ピン 6軸カラー スタンダードモニター 3年保証(パネルは1年),10980,"21.5""",FHD (1920×1080),120Hz,VA非光沢,100×100 mm,2.5 kg,HDMI: 対応 / VGA: 対応
mon-acer-005,Acer Nitro ゲーミングモニター 21.5インチ,ゲーミングモニター 21.5インチ VA 非光沢 フルHD 100Hz 1ms(VRB) HDMI ミニD-Sub15 VESAマウント対応 スピーカー内蔵 ヘッドホン端子,11800,"21.5""",FHD (1920×1080),100Hz,VA非光沢,100×100 mm,2.7 kg,HDMI: 対応 / VGA: 対応
mon-acer-006,Acer NITRO KG241YP6bip,フルHD 144Hz 1ms(VRB) IPS 非光沢 sRGB 99% AMD FreeSync ブラックブースト VRB対応 ブルーライト低減 HDMI 1.4 DisplayPort v1.2 ゲームビューテクノロジー Acer Display Widget 6軸カラー調整 VESAマウント対応 Nitro ゲーミングモニター,13980,"23.8""",FHD (1920×1080),144Hz,IPS非光沢,100×100 mm,3 kg,DisplayPort: 対応 / HDMI: 対応
mon-acer-007,Acer モニター 23.8インチ EK241YP6bmix,23.8インチ IPS フルHD 144Hz 1ms(VRB) 非光沢 sRGB 99% AMD FreeSync ブルーライト低減 スピーカー内蔵 ゼロフレーム HDMI 1.4 ミニD-Sub 15ピン 6軸カラー スタンダード 3年保証,12980,"23.8""",FHD (1920×1080),144Hz,IPS非光沢,100×100 mm,2.9 kg,HDMI: 対応 / VGA: 対応
mon-acer-009,Acer モニター 23.8インチ EK241YP6bi,IPS フルHD 144Hz 1ms(VRB) 非光沢 sRGB 99% AMD FreeSync ブルーライト低減 ゼロフレーム HDMI 1.4 ミニD-Sub 15ピン 6軸カラー スタンダード 3年保証,11980,"23.8""",FHD (1920×1080),144Hz,IPS,100×100 mm,2.9 kg,HDMI: 対応 / VGA: 対応
mon-acer-010,Acer NITRO23.8インチ QG241YP6bmipx,"Acer 23.8"" Full HD 144Hz 1ms (VRB) IPS Anti-Glare sRGB 99% AMD FreeSync HDMI 1.4",15990,"23.8""",FHD (1920×1080),144Hz,IPS非光沢,—,3 kg,DisplayPort: 対応 / HDMI: 対応
mon-acer-011,Acer Nitro23.8インチ VG240YW3bmiipx,IPS 240Hz フルHD 0.5ms(GTG) 非光沢 sRGB 99% AMD FreeSync Premium HDR10 ブルーライト低減 ブラックブースト HDMI 2.0 DisplayPort v1.4 スピーカー・ヘッドフォン端子 ゼロフレーム ゲーミングモニター 3年保証,18980,"23.8""",FHD (1920×1080),240Hz,IPS非光沢,—,3.1 kg,DisplayPort: 対応 / HDMI: 対応
mon-acer-012,Acer AlphaLine E200Qbi,19.5インチ HD+ (1600x900) 非光沢 TN 75Hz 6ms (GTG) NTSC 72% HDMI 1.4 ミニD-Sub 15ピン スピーカー・ヘッドフォン端子非搭載,9374,"19.5""",HD₊(1600×900),75Hz,TN,100×100 mm,2 kg,HDMI: 対応 / VGA: 対応
mon-acer-013,Acer Nitro KG241YX3bmipx,23.8インチ フルHD 200Hz 0.5ms(GTG) 広視野角 VA 非光沢 sRGB 99% AMD FreeSync Premium HDR10 ブラックブースト VRB対応 ブルーライト低減 HDMI 2.0 DisplayPort v1.4 Acer Display Widget Nitro ゲーミングモニター 3年保証,14980,"23.8""",FHD (1920×1080),200Hz,VA非光沢,100×100 mm,3.1 kg,DisplayPort: 対応 / HDMI: 対応
mon-acer-014,Acer AlphaLine EK221QJ0bmix,21.5インチ VA フルHD 120Hz 1ms(VRB) 非光沢 sRGB 99% Adaptive-Sync ブルーライト低減 ゼロフレーム HDMI 1.4 ミニD-Sub 15ピン スピーカー・ヘッドホン端子 6軸カラー スタンダードモニター 3年保証,11880,"21.5""",FHD (1920×1080),75Hz,VA非光沢,100×100 mm,2.5 kg,HDMI: 対応 / VGA: 対応
mon-acer-015,Acer Nitro VG250QF3bmiipx,24.5インチ IPS 320Hz フルHD 0.5ms(GTG) 非光沢 sRGB 99% AMD FreeSync Premium HDR10 ブルーライト低減 ブラックブースト HDMI 2.0 DisplayPort v1.4 スピーカー・ヘッドフォン端子 ゼロフレーム ゲーミングモニター 3年保証,24980,"24.5""",FHD (1920×1080),320Hz,IPS非光沢,—,3 kg,DisplayPort: 対応 / HDMI: 対応
mon-acer-016,Acer AlphaLine KA242YP6bmix,23.8インチ IPS フルHD 144Hz 1ms(VRB) 非光沢 sRGB 99% AMD FreeSync ブルーライト低減 スピーカー内蔵 ゼロフレーム HDMI 1.4 ミニD-Sub 15ピン 6軸カラー スタンダード 3年保証,12980,"23.8""",FHD (1920×1080),144Hz,IPS非光沢,100×100 mm,3 kg,HDMI: 対応 / VGA: 対応
mon-acer-019,Acer Nitro KG251QZ1bmiipx,ゲーミングモニター 24.5インチ VA フルHD 非光沢 280Hz 1ms sRGB99% AMD FreeSync Premium HDR10 HDMI 2.0 DisplayPort 1.4 スピーカー・ヘッドフォン端子搭載,23980,"24.5""",FHD (1920×1080),280Hz,VA非光沢,—,3.3 kg,HDMI 2.0: 対応 / DisplayPort 1.4: 対応
mon-acer-020,Acer Nitro VG240YS6bmix,23.8インチ IPS フルHD 180Hz 1ms(VRB) 非光沢 sRGB 99% AMD FreeSync ブルーライト低減 ブラックブースト HDMI 2.1 ミニD-Sub 15ピン スピーカー・ヘッドフォン端子・3.5mmステレオミニジャック 4辺フレームレス ゲーミングモニター 3年保証,16679,"23.8""",FHD (1920×1080),180Hz,IPS非光沢,100×100 mm,3.1 kg,HDMI: 対応 / VGA: 対応
mon-acer-021,Acer Nitro QG221QJ0bmix,21インチ VA 120Hz フルHD 1ms(VRB) 非光沢 sRGB 99% AMD FreeSync ブルーライト低減 ブラックブースト HDMI 1.4 ミニD-Sub 15ピン スピーカー・ヘッドフォン端子 ゼロフレーム ゲーミングモニター 3年保証,12880,"21""",FHD (1920×1080),120Hz,VA非光沢,100×100 mm,2.8 kg,HDMI: 対応 / VGA: 対応
mon-acer-022,Acer Nitro VG240YX1bmiipx,ゲーミングモニター 23.8インチ IPS フルHD 非光沢 200Hz 0.5ms sRGB 99% AMD FreeSync Premium HDR10 HDMI 2.0 DisplayPort v1.2 スピーカー・ヘッドフォン端子 搭載 Nitro,17680,"23.8""",FHD (1920×1080),200Hz,IPS非光沢,100×100 mm,3 kg,DisplayPort: 対応 / HDMI: 対応
mon-acer-023,Acer Nitro VG240YW5bmiipx,23.8インチ IPS フルHD 260Hz 0.5ms(GTG) 非光沢 sRGB 99% AMD FreeSync Premium HDR10 ブルーライト低減 ブラックブースト HDMI 2.1 DisplayPort v1.4 スピーカー・ヘッドフォン端子 ゼロフレーム ゲーミングモニター 3年保証,19979,"23.8""",FHD (1920×1080),260Hz,IPS非光沢,100×100 mm,3.2 kg,DisplayPort: 対応 / HDMI: 対応
mon-acer-024,Acer AlphaLine EK251QP6bmix,4.5インチ IPS 144Hz 1ms(VRB) 非光沢 sRGB 99% AMD FreeSync ブルーライト低減 ゼロフレームプロ HDMI 1.4 ミニD-Sub 15ピン スピーカー・ヘッドフォン端子 6軸カラー調整 スタンダードモニター 3年保証,14680,"24.5""",FHD (1920×1080),144Hz,IPS非光沢,—,2.8 kg,HDMI: 対応 / VGA: 対応
mon-acer-025,Acer AlphaLine EK251QP6bi,24.5インチ IPS フルHD 144Hz 1ms(VRB) 非光沢 sRGB 99% AMD FreeSync ブルーライト低減 チルト調整 4辺フレームレス HDMI 1.4 ミニD-Sub 15ピン 6軸カラー 3年保証,13280,"24.5""",FHD (1920×1080),144Hz,IPS非光沢,100×100 mm,2.8 kg,HDMI: 対応 / VGA: 対応
mon-acer-026,SDGs推進 21.5型,"21.5"" FHD VA SDGsモデル",10965,"21.5""",FHD (1920×1080),75Hz,VA,100×100 mm,-,HDMI: 対応 / ミニD-Sub (VGA): 対応
mon-acer-028,Acer VERO CB242YP6bmiprx,23.8インチ フルHD IPS 非光沢 エルゴスタンド 144Hz 1ms(VRB) sRGB 99% ブルーライトシールドプロ HDMI 1.4 DisplayPort v1.2 ミニD-Sub 15ピン スピーカー ヘッドフォン端子 VESAマウント対応 4辺フレームレス モニター 3年保証,17980,"23.8""",FHD (1920×1080),144Hz,IPS非光沢,100×100 mm,2.6Kg,DisplayPort: 対応 / HDMI: 対応 / VGA: 対応
mon-acer-032,Acer PM191Q Ebmiuux,ポータブルモニター | 18.5インチ FHD IPS | アダプティブ同期対応 (FreeSync対応) | スリムデザイン | ノートパソコン/Mac用外部モニター | 100Hz | USB 3.1 Type-Cポート×2 & HDMI 1.4,25192,"18.5""",FHD (1920×1080),100Hz,IPS,75×75 mm,1.13 kg,USB Type-C: 対応 / HDMI: 対応
mon-hfr144-005,ASUS VY249HGR,Eye Care モニター / 23.8インチ FHD（1920 x 1080）/ IPS / 120Hz(OC) / SmoothMotion / 1ms（MPRT）/ Adaptive Sync/ブルーライト軽減機能/フリッカーフリー,12580,"23.8""",FHD (1920×1080),120Hz,IPS非光沢,100×100 mm,3.4 kg,HDMI / VGA
mon-hfr144-007,Dell SE2426H 23.8インチ モニター,"3年保証/FHD/IPS,非光沢/HDMIx2/傾き調整/1ms,144Hz/AMD",14980,"23.8""",FHD (1920×1080),144Hz,IPS非光沢,75×75 mm,3.37 kg,HDMI: 対応
mon-hfr144-008,Xiaomi A24i 24インチ モニター,Xiaomi モニター A24i モニター 24インチ FHD 144Hz IPS sRGB99% 300nits TÜV低ブルーライト VESA対応 | フル,12580,"24""",FHD (1920×1080),144Hz,IPS,100×100 mm,3.82Kg,DisplayPort / HDMI
mon-hfr144-009,TERRA 2441W,23.8インチ フルHD IPS モニター 144Hz HDMI/VGA 最長 5年保証 非光沢 ハードウェアブルーライトカット スピーカー内蔵 ヘッドホン端子 傾き調整 24インチ ゲーミングモニター,9999,"23.8""",FHD (1920×1080),144Hz,IPS非光沢,100×100 mm,3.4 kg,HDMI: 対応 / VGA: 対応
mon-hfr144-010,Dell SE2426HG 23.8インチ,"ゲーミングモニター3年保証/FHD/IPS,非光沢/HDMIx2,DPx1/sRGB99%/傾き調整/0.5ms,240Hz/AMD FreeSync™ Premium",17980,"23.8""",FHD (1920×1080),240Hz,Fast IPS非光沢,100×100 mm,3.36 kg,HDMI: 対応
mon-hfr144-013,KTC 24.5インチ  H25T7-3,24.5インチ FHD(1920*1080) 240Hz ゲーミングモニター FAST IPS 1ms HDR400対応 ΔE<2 sRGB 114% コントラスト比1000:1 400cd/m² Adaptive Sync 前後チル・高さ調整・ピボット回転 工具不要 アイケア HDMI2.0*2 DP1.4*1 USB2.0 VESA対応 三年保証,22265,"24.5""",FHD (1920×1080),240Hz,Fast IPS非光沢,100×100 mm,1 kg,HDMI: 対応
mon-hfr144-014,HKC PCモニター 23.8インチ MB24V29FO2,23.8インチ FHD 144Hz IPS Adaptive-Sync sRGB99% PS5対応 3年保証1920×1080・コントラスト1500:1,13280,"24""",FHD (1920×1080),144Hz,IPS非光沢,100×100 mm,3 kg,HDMI: 対応 / VGA: 対応
mon-hfr144-016,PHILIPS 液晶TypeCモニター,"23.8インチ/IPS/FHD/120Hz/1ms/5年保証/HDMI, USB Type-C(65W急速給電)/チルト/昇降・高さ調節/ちらつき防止/ブルーライト軽減/スピーカー付",19506,"23.8""",FHD (1920×1080),120Hz,IPS非光沢,100×100 mm,4.68 kg,USB Type-C: 対応 / HDMI: 対応
mon-hfr144-028,LG UltraGear 24G411A-B,23.8インチ/1920×1080/120Hz（オーバークロック時 144Hz）/IPS/sRGB 99%/HDR/アンチグレア/HDMI/DisplayPort/VRR(FreeSync/G-SYNC Compatible)/フリッカーセーフ/ブルーライト低減モード/色覚調整,14799,"23.8""",FHD (1920×1080),120Hz,IPS非光沢,100×100 mm,3.3 kg,DisplayPort: 対応 / HDMI: 対応
mon-hfr144-029,Newsoul モバイルモニター18.5インチ,120Hz ポータブルディスプレイ Newsoul ゲーミングモニター 1080P 125%sRGB 自立型スタンド Amazon 8月限定新登場 大画面フルHD 350 Nits IPS非光沢 HDR 持ち運び サブモニター VESA壁掛け スピーカー内蔵 TYPE-C/Mini HDMI接続,15198,"18.5""",FHD (1920×1080),120Hz,IPS非光沢,75×75 mm,1.15 kg,USB Type-C: 対応 / HDMI: 対応 / Mini HDMI: 対応
mon-hfr144-032,Dell S2425HSM-A,"23.8インチ モニター無輝点5年保証/FHD/IPS,非光沢/HDMIx2/sRGB 99%/縦横回転,高さ調整/1ms,144Hz/AMD FreeSync/内蔵スピーカー",20670,"23.8""",FHD (1920×1080),144Hz,IPS非光沢,100×100 mm,3.03Kg,HDMI: 対応
mon-hfr144-035,レグザ PCモニター RM-24N3SE,3.8インチ FHD 5年保証 144Hz 広視野角IPS HDMI/VGA対応 アイケア 在宅勤務 ゲーム用途 簡単組み立て VESA対応 ブラック,15980,"23.8""",FHD (1920×1080),144Hz,IPS非光沢,—,3 kg,HDMI: 対応 / VGA: 対応
mon-hfr144-036,MAXZEN モニター 23.8インチ 144Hz FHD,144Hz FHD pcモニター フリッカーレス FullHD ブルーライトカット ノングレア ディスプレイ HDMI 144hz Adaptive-Sync ブラック MJM24IC01 マクスゼン,11480,"23.8""",FHD (1920×1080),144Hz,IPS非光沢,—,3 kg,HDMI: 対応
mon-hfr144-037,Lenovo Legion 24-15 ゲーミングモニター,"23.8インチ/フルHD/Fast IPSパネル/240Hz/1ms(GtG)/HDMI2.1x2, DP1.4x1/HDR10/AMD FreeSync™ Premium/縦横回転,高さ調整/日本国内5年保証",15180,"23.8""",FHD (1920×1080),240Hz,IPS非光沢,100×100 mm,3.9Kg,DisplayPort: 対応 / HDMI: 対応
mon-hfr144-040,EVICIV モバイルモニター 18.5インチ 120Hz,ゲーミング ポータブル スプレイ 自立型スタンド付き 壁掛け VESA対応 125%sRGB 1500:1 FHD 1080P 非光沢 モバイルディスプレイ スピーカー内蔵 350Nit Type-C/Mini HDMI搭載,15199,"18.5""",FHD (1920×1080),120Hz,IPS非光沢,75×75 mm,1.11 kg,USB Type-C: 対応 / HDMI: 対応 / Mini HDMI: 対応
mon-hfr144-042,JAPANNEXT 21.5インチ 液晶モニター JN-215IPS120F-HSP,"IPSパネル,フルHD(1920×1080)解像度,HDMI,DP,HDR,120Hz,高さ調整,ピボット(縦回転)対応,2年保証",14526,"21.5""",FHD (1920×1080),120Hz,IPS非光沢,75×75 mm,3.2 kg,DisplayPort: 対応 / HDMI: 対応
mon-hfr144-043,KOORUI モニター 21.5インチ FHD,FHD 120Hz VA 非光沢 Adaptive Sync HDMI/VGA VESA ブルーライト軽減 アンチフリッカー/傾き調整 (HDMIケーブル付）/三年保証/スピーカー非搭載,13980,"21.5""",FHD (1920×1080),120Hz,VA非光沢,100×100 mm,3.01Kg,HDMI: 対応 / VGA: 対応
mon-hfr144-045,MSI ゲーミングモニター MAG 245F X24,23.8インチ/フルHD/RAPID IPS/240Hz/0.5ms（GTG、最小値）/HDR/FreeSync Premium/HDMI 2.0/DP 1.2a/VESA100/メーカー3年保証,23800,"23.8""",FHD (1920×1080),240Hz,Fast IPS非光沢,100×100 mm,3.3 kg,HDMI 2.0: 対応 / DisplayPort 1.2a: 対応
mon-hfr144-046,IODATA ゲーミングモニター 24.5インチ GigaCrysta,240Hz 0.4ms TNパネル (HDMI×2/ DisplayPort/高さ調整/縦横回転/VESA対応/メーカー3年保証,22980,"24.5""",FHD (1920×1080),240Hz,TN,100×100 mm,6.1 kg,DisplayPort: 対応 / HDMI: 対応
mon-hfr144-049,KTC 24インチ FHDモニター H24V27S,165Hz IPS HDR10 H24V27S 24インチ・FHD・144Hz OC 165Hz・IPS・HDR10・300cd/㎡・Adaptive Sync・HDMI・VGA・VESA対応・チルト調整・低ブルーライト,14980,"24""",FHD (1920×1080),165Hz,IPS非光沢,100×100 mm,4Kg,HDMI: 対応 / VGA: 対応
mon-hfr144-050,Amzfast 24インチ ゲーミングモニター WQHD 180Hz,ast IPS 1ms(MPRT) 130%sRGB 回転・昇降可能 HDR低ブルーライト フリッカーフリー Adaptive Sync PS5対応 HDMI2.0×2 DP1.4×2 VESA 100*100 無輝点保証 5年保証,19999,"24""",QHD (2560 x 1440),180Hz,Fast IPS非光沢,100×100 mm,4.3 kg,HDMI: 対応
mon-hfr144-051,JAPANNEXT 21.5インチJN-IPS215G120F-W,"IPSパネル,フルHD(1920×1080)解像度,HDMI,DisplayPort,120Hz,ケーブル(ホワイト)同梱,2年保証,",14980,"21.5""",FHD (1920×1080),120Hz,IPS非光沢,75×75 mm,2.2 kg,DisplayPort: 対応 / HDMI: 対応
mon-hfr144-053,TERRA 2441W PV,23.8インチ 高さ調整 縦横回転 ピボット モニター フルHD IPS 144Hz HDMI/VGA 最長 5年保証 非光沢 ハードウェアブルーライトカット スピーカー内蔵,13990,"23.8""",FHD (1920×1080),144Hz,IPS非光沢,100×100 mm,4.4 kg,HDMI: 対応 / VGA: 対応
mon-hfr144-054,MSI PRO MAX 241PHW E14,23.8インチ/フルHD/IPS/144Hz/1ms/HDR/USB PD65W/スピーカー/KVM/MSI Power Link/Eye-Q Check/HDMI 2.0b/DP 1.2a/USB Type-C DP alt mode/VESA75/メーカー3年保証,27826,"23.8""",FHD (1920×1080),144Hz,IPS,75×75 mm,5.35 kg,USB Type-C: 対応 / DisplayPort: 対応 / HDMI: 対応
mon-hfr144-055,Pixio PX249Wave,24インチ 240hz FHD Fast IPS ゲーミング モニター 白 ピクシオ ディスプレイ サブモニター pcモニター ゲームモニター monitor gaming 23.8インチ スピーカー内蔵,29980,"24""",FHD (1920×1080),240Hz,Fast IPS非光沢,—,3 kg,DisplayPort / HDMI
mon-hfr144-056,XUNDEFINED 23.8インチ モニター,フルHD(1920x1080) 144Hz 超薄型 ディスプレイ スピーカー内蔵 非光沢 IPSパネル 114%sRGB HDR FreeSync対応 ブルーライト軽減 フリッカーフリー HDMI2.0 DP1.4 音声出力端子搭載 チルト調整,11780,"23.8""",FHD (1920×1080),144Hz,IPS非光沢,75×75 mm,2.74Kg,HDMI: 対応
mon-hfr144-069,PRO MP225,MSI Business Monitor PRO MP225 E12L 21.45 Inch Full HD/IPS/120Hz/1ms/Adaptive-Sy,12800,"21.45""",FHD (1920×1080),120Hz,IPS,100×100 mm,2.42 kg,HDMI: 対応 / VGA: 対応
mon-hfr144-p2-001,INNOCN 25G2S ゲーミングモニター,24 .5インチ 240Hz IPSパネル モニター WQHD ゲームモニター ブラック（HDMI 2.1x2/DisplayPort 1.4x2/傾き調整/VESA対応/非光沢ディスプレイ,32800,"24.5""",QHD (2560 x 1440),240Hz,IPS非光沢,100×100 mm,3.2 kg,HDMI 2.1 x 2: 対応 / DisplayPort 1.4 x 2: 対応
mon-hfr144-p2-003,KTC 24M1ゲーミングモニター,23.8 インチ WQHD ゲーミングモニター 240Hz(260Hz OC) 1ms(MPRT) Fast IPS パネル 3年保証 450cd/㎡ 99%sRGB Adaptive Sync HDMI2.0×2 / DP1.4×2 回転対応 遮光フード付 VESA対応 3年保証,26980,"23.8""",QHD (2560 x 1440),240Hz,Fast IPS非光沢,100×100 mm,5.9Kg,HDMI 2.0 x 2: 対応 / DisplayPort 1.4 x 2: 対応
mon-hfr144-p2-005,KEY TO COMBAT 23.8インチゲーミングモニター,フルHD(1920×1080) IPS 144Hz sRGB103% DCI-P3 96% HDR10 1500:1コントラスト比 300cd/㎡ ΔE<2の高色精度 低ブルーライト フリッカーフリー Adative Sync対応 HDMI1.4×1 DP1.2×1 チルト調整可能 3年保証,11263,"23.8""",FHD (1920×1080),144Hz,IPS非光沢,—,3.8Kg,DisplayPort / HDMI
mon-hfr144-p2-006,MSI MAG 255F X24,24.5インチ/フルHD/RAPID IPSパネル/240Hz/0.5ms（GTG、最小値）/HDR/Adaptive-Sync/HDMI2.0b/DP 1.2a/VESA100/メーカー3年保証,21800,"24.5""",FHD (1920×1080),240Hz,Fast IPS非光沢,100×100 mm,3.24 kg,HDMI 2.0b: 対応 / DisplayPort 1.2a: 対応
mon-hfr144-p2-010,Pixio PX249WAVE ゲーミングモニター,24インチ WQHD 240hz Fast IPS ゲーミング モニター 金 ピクシオディスプレイ サブモニター pcモニター ゲームモニター monitor gaming 23.8インチ,29980,"23.8""",FHD (1920×1080),240Hz,Fast IPS,—,3 kg,HDMI: 対応 / DisplayPort: 対応
mon-hfr144-p2-011,KTC H24B9S ゲーミングモニター,FHD 144Hz IPS HDR10 H24B9S 23.8インチ・FHD・144Hz・IPS・HDR10・sRGB103%・DCI-P3 96%・ΔE<2・300cd/㎡・1500:1・Adaptive Sync・HDMI1.4×1・DP1.2×1・低ブルーライト,12980,"23.8""",FHD (1920×1080),144Hz,IPS非光沢,—,3.69Kg,HDMI: 対応
mon-hfr144-p2-012,BenQ MOBIUZ EX240N,23.8インチ VA フルHD 165Hz 1ms ゲーミングモニター ノングレア HDRi スピーカー内蔵(treVolo) FreeSync Premium Black eQualizer 輝度自動調整機能（B.I.+）搭載 ブルーライト軽減 フリッカーフリー 3年保証,24588,"23.8""",FHD (1920×1080),165Hz,VA,100×100 mm,5.6 kg,HDMI / DisplayPort
mon-hfr144-p2-013,MSI PRO MP241 E14V,23.8インチ/フルHD/VA/144Hz/1ms/AMD FreeSync/HDMI2.0/DP1.2a/VESA100/メーカー3年保証,14800,"23.8""",FHD (1920×1080),144Hz,VA,100×100 mm,3 kg,HDMI 2.0: 対応 / DisplayPort 1.2a: 対応
mon-hfr144-p2-015,iiyama G-MASTER GB2471HSU-B1,23.8インチ Fast IPSパネル搭載 240Hz/0.3ms対応 フルHD(1920×1080)解像度 ゲーミングモニタ ブラック,20553,"23.8""",FHD (1920×1080),240Hz,Fast IPS,100×100 mm,4.8 kg,HDMI / DisplayPort
mon-hfr144-p2-018,KTC 24インチ 曲面ゲーミングモニター H24S17P,VA・1ms MPRT・1500R曲面・3000:1・HDR10・sRGB99%・Adaptive Sync・HDMI2.0×2・DP1.4×1・PS5対応・VESA対応・チルト調整,16980,"24""",FHD (1920×1080),240Hz,VA,75×75 mm,2.8 kg,HDMI / DisplayPort
mon-hfr144-p2-019,LG 24G411B-B 23.8インチ モニター,23.8インチ/フルHD/IPS/144Hz/sRGB 99%/HDR/1ms/HDMI、DP 省エネモード搭載。目に優しいブルーライト低減モードやフリッカーセーフ、低反射パネルを採用。ビジネスからライトゲームまで幅広くこなせるLGのハイスペックPCモニター。メーカー3年保証,15197,"23.8""",FHD (1920×1080),144Hz,IPS,100×100 mm,3.3 kg,DisplayPort: 対応 / HDMI: 対応
mon-hfr144-p2-021,INNOCN 24.5インチ 240Hz WQHDモニター 25M2S,240Hz WQHDモニター QD-MiniLED ゲーミングモニター 1440p 量子ドット ゲーミングディスプレイ HDR1000 IPS非光沢 HDMI 2.1/DisplayPort 1.4/スピーカー 高さ調整可能 光センサー搭載,45446,"24.5""",QHD (2560 x 1440),240Hz,Mini LED,100×100 mm,5.3 kg,HDMI 2.1: 対応 / DisplayPort 1.4: 対応
mon-hfr144-p2-024,Newsoul 18.5インチ モバイルモニター,120Hz ポータブルモニター Newsoul ゲーミングモニター 大画面125%sRGB広色域 付属収納ケース付きFHD薄型軽量自立一体型 180度調整スタンド サブモニター 縦横回転 IPS非光沢 HDRサブディスプレイ VESA スピーカー内蔵 TYPE-C/Mini HDMI接続 持ち運びモニター,17580,"18.5""",FHD (1920×1080),120Hz,IPS非光沢,75×75 mm,2.44Kg,USB Type-C / Mini HDMI
mon-hfr144-p2-027,Acouto Zen18 モバイルモニター,18.5インチ 120Hz 自立型スタンド モバイルディスプレイ ゲーム スイッチ用 USB Type-C/HDMI【1920x1080/非光沢/内蔵スピーカー/IPSパネル/VESA対応】,18980,"18.5""",FHD (1920×1080),120Hz,IPS非光沢,75×75 mm,1.08 kg,USB Type-C / Mini HDMI
mon-hfr144-p2-028,AVISTA ゲーミングモニター 24.5インチ,24インチ 240Hz フルHD モニター 1ms (AdaptiveSync/HDMI×2/DisplayPort/VESA対応/ブルーライト軽減/HDR400),12500,"24.5""",FHD (1920×1080),240Hz,Fast IPS,75×75 mm,3.2 kg,HDMI / DisplayPort
mon-hfr144-p2-029,KOORUI G2411X,24インチ 240Hz フルHD モニター 1ms (AdaptiveSync/HDMI×2/DisplayPort/VESA対応/ブルーライト軽減/HDR400)，,15890,"24""",FHD (1920×1080),240Hz,VA非光沢,75×75 mm,3.07 kg,HDMI / DisplayPort
mon-hfr144-p2-030,EVICIV タッチパネルモニター 18.5インチ 120Hz,120Hz タッチパネル 10点マルチタッチ 保護カバー付き モバイルディスプレイ FHD 1920×1080 100% sRGB 広色域 薄型 ポータブルモニター 光沢 IPS,24679,"18.5""",FHD (1920×1080),120Hz,IPS,75×75 mm,2.9Kg,USB Type-C: 対応 / HDMI: 対応 / Mini HDMI: 対応
mon-hfr144-p2-031,CUIUIC モバイルモニター 18.5インチ,1920*1080FHD 大画面 120Hz IPSパネル 非光沢 HDRモード レザーケース付き USB C/mini HDMI 内蔵スピーカー スタンド付き,15999,"18.5""",FHD (1920×1080),120Hz,IPS非光沢,75×75 mm,1.05 kg,USB Type-C / Mini HDMI
mon-hfr144-p2-032,CUNPU 27インチ 4K ゲーミングモニター,160Hz UHD(3840x2160)解像度 4k モニター 10.7億色表示135%SRGB/100%AdobeRGB IPS非光沢パネル 縦横回転・高さ調整 FPS/PS5 120Hz 対応 VESAサポート ブルーライト軽減 フリッカーフリー デュアル HDR400nit PCモニター HDMI2.1×2/DP1.4×2,33980,"24.5""",4K (3840×2160),160Hz,IPS非光沢,100×100 mm,7.16Kg,HDMI / DisplayPort
mon-hfr144-p2-035,iiyama G-MASTER GB2471HSU-W1,23.8インチ Fast IPSパネル搭載 240Hz/0.3ms対応 フルHD(1920×1080)解像度 ゲーミングモニタ,20553,"23.8""",FHD (1920×1080),240Hz,Fast IPS非光沢,100×100 mm,4.8 kg,DisplayPort / HDMI / USB-C
mon-hfr144-p2-038,ASUS VY279HGR,Eye Care Monitor / 27インチ FHD（1920 x 1080）/ IPS / 120Hz(OC) / SmoothMotion / 1ms（MPRT）/ Adaptive Sync/ブルーライト軽減機能/フリッカーフリー,14980,"23.8""",FHD (1920×1080),120Hz,IPS非光沢,100×100 mm,4.05 kg,HDMI / VGA
mon-hfr144-p2-040,UPERFECT モバイルモニター 18インチ 2.5K,144Hz QLED 100%DCI-P3 IPS ゲーミング ポータブルディスプレイ 18インチ大画面2.5K（2560×1600）QLED IPS液晶 100%DCI-P3広色域と144Hz高速表示対応,33754,"18""",QHD (2560 x 1440),144Hz,IPS非光沢,75×75 mm,0.9 kg,USB Type-C / Mini HDMI
mon-hfr144-p2-042,TCL Mini LED モニター 25インチ 25G54,FHD 広色域 液晶 非光沢 HFSパネル DisplayHDR 450nits/コントラスト比1300:1/ローカルディミング/ブルーライト軽減/目保護 フレームレス/HDMIケーブル付き/VESA対応 ゲーミングモニター/G54シリーズ,12000,"25""",FHD (1920×1080),144Hz,IPS非光沢,—,3 kg,HDMI / VGA
mon-hfr144-p2-043,COOLHOOD モバイルモニター 18.5インチ,120Hz 1080P HDRモード・FreeSync・VESA対応 USB-C/HDMIポート ブルーライト低減 非光沢 IPS液晶パネル デュアルスピーカー内蔵 USBType-C mini HDMI,15999,"18.5""",FHD (1920×1080),120Hz,IPS非光沢,75×75 mm,2.58Kg,USB Type-C / Mini HDMI
mon-hfr144-p2-044,FeuVision ゲーミングモニター 24インチ,"FHD 1080p, 240Hz IPSパネルPCモニター, 3辺超狭額&超薄型, 100% sRGB,広色域 ブルーライトフィルター HDMI&DPポート",13980,"24""",FHD (1920×1080),240Hz,IPS非光沢,75×75 mm,3.96Kg,HDMI: 対応 / DisplayPort: 対応
mon-hfr144-p2-045,JAPANNEXT ゲーミングモニター 24.5インチ,IPSパネル搭載 144Hz/1ms(MPRT)対応 フルHD(1920x1080)解像度 ゲーミングモニター JN-i245G144F HDMI DisplayPort HDR sRGB:99% PS5 フルHD:120Hz接続【2年保証】,14380,"24.5""",FHD (1920×1080),144Hz,IPS非光沢,100×100 mm,2.8 kg,HDMI: 対応 / DisplayPort: 対応
mon-hfr144-p2-046,JAPANNEXT 23.8インチ IPSパネル搭載 ゲーミングモニター,165Hz/1ms(MPRT)対応 フルHD(1920×1080)解像度 ゲーミングモニター(ピンク) JN-Ei238G165F-PK HDMI DisplayPort sRGB:100% HDR PS5 フルHD:120Hz接続 HDMIケーブル(ホワイト)同梱【2年保証】,13980,"23.8""",FHD (1920×1080),165Hz,IPS非光沢,75×75 mm,3.3 kg,HDMI / DisplayPort
mon-hfr144-p2-048,Vimonic モバイルモニター 18.5インチ タッチパネル,120Hz Vimonic グレア ゲーミングディスプレイ フルHD 自立スタンド付 18.5インチ大画面×120Hz高速表示 タッチ操作対応,23445,"18.5""",FHD (1920×1080),120Hz,IPS,75×75 mm,2.46Kg,USB Type-C / Mini HDMI
mon-hfr144-p2-049,aimuonos 18.5インチ ポータブルモニター,超薄型0.3インチ 1080P IPS 光沢 120Hz ゲームモニター USB-C/HDMI接続 外部ディスプレイ スリム軽量2.4ポンド,15999,"18.5""",FHD (1920×1080),120Hz,IPS,75×75 mm,1.09 kg,USB Type-C: 対応 / HDMI: 対応
mon-hfr144-p2-051,HKC 27インチ モニター FHD IPS,144Hz Adaptive-Sync sRGB99% 3年保証 在宅ワーク向け V2718S テレワーク向け・ハードウェア低ブルーライト・フリッカーフリー・HDMI1.4・VGA・Audio出力・VESA100×100mm対応・チルト角度調整,15979,"27""",FHD (1920×1080),144Hz,IPS非光沢,100×100 mm,3.9 kg,HDMI / VGA
mon-hfr144-p2-052,HKC ゲーミングモニター G24H3D,PCモニター240Hz(OC260Hz) FHD FastIPS MPRT1ms 3年保証 1920×1080・Adaptive-Sync・90%DCI-P3・ΔE≤2・DisplayHDR400・ハードウェア低ブルーライト・フリッカーフリー・ノングレア・チルト角度調整・VESA100×100mm・HDMI2.0×2,17980,"24""",FHD (1920×1080),240Hz,Fast IPS非光沢,100×100 mm,3.5 kg,HDMI / DisplayPort
mon-hfr144-p2-053,JN-IPS245G144F,"【2年保証】IPSパネル,144Hz/1ms,FHD,1080p1920×1080解像度,HDMI,DisplayPort,VESA対応,ブルーライトカット,視野角178°",15980,"24.5""",FHD (1920×1080),144Hz,IPS非光沢,100×100 mm,2.7 kg,HDMI: 対応 / DisplayPort: 対応
mon-hfr144-p2-055,UPERFECT 18.5インチ120Hz Eye Care モバイルモニター,QLED FHD 非光沢 Eye Care ポータブルディスプレイ NxtLED 【Amazon.co.jp限定】モバイルディスプレイ ブルーライト フリッカーフリー 目に優しい USB-C/HDMI,28980,"18.5""",FHD (1920×1080),120Hz,-,—,1.5 kg,USB Type-C / Mini HDMI
